evento_id;pedido_id;data_hora;tipo;estado_anterior;estado_novo;utilizador_id;motivo;detalhe
E000001;P00001;2026-07-24T08:00;EXTRACAO;;EXTRAIDO;AGENTE;;confiança 0.95
E000002;P00001;2026-07-24T08:30;VALIDACAO;EXTRAIDO;VALIDADO;U03;;
E000003;P00001;2026-07-24T08:30;ENVIO;VALIDADO;ACEITE;SISTEMA;;
E000004;P00001;2026-07-24T08:40;MARCACAO;ACEITE;MARCADO;AGENTE;;V00381 30/07/2026 08:00
E000036;P00010;2026-07-27T08:55;EXTRACAO;;EXTRAIDO;AGENTE;;confiança 0.93
E000041;P00011;2026-07-27T09:05;EXTRACAO;;EXTRAIDO;AGENTE;;confiança 0.9
E000044;P00012;2026-07-27T09:05;EXTRACAO;;EXTRAIDO;AGENTE;;confiança 0.94
E000048;P00013;2026-07-27T09:05;EXTRACAO;;EXTRAIDO;AGENTE;;confiança 0.96
E000042;P00011;2026-07-27T09:23;VALIDACAO;EXTRAIDO;VALIDADO;U03;;
E000043;P00011;2026-07-27T09:23;ENVIO;VALIDADO;ACEITE;SISTEMA;;
E000045;P00012;2026-07-27T09:23;CORRECAO;EXTRAIDO;EXTRAIDO;U03;;prioridade corrigida
E000046;P00012;2026-07-27T09:23;VALIDACAO;EXTRAIDO;VALIDADO;U03;;
E000047;P00012;2026-07-27T09:23;ENVIO;VALIDADO;ACEITE;SISTEMA;;
E000049;P00013;2026-07-27T09:23;VALIDACAO;EXTRAIDO;VALIDADO;U03;;
E000050;P00013;2026-07-27T09:23;ENVIO;VALIDADO;ACEITE;SISTEMA;;
E000053;P00012;2026-07-27T09:32;MARCACAO;ACEITE;MARCADO;AGENTE;;V00236 29/07/2026 08:40
E000057;P00014;2026-07-27T09:35;EXTRACAO;;EXTRAIDO;AGENTE;;confiança 0.95
E000055;P00013;2026-07-27T09:41;MARCACAO;ACEITE;MARCADO;AGENTE;;V01606 17/08/2026 08:30
E000051;P00011;2026-07-27T09:42;MARCACAO;ACEITE;MARCADO;AGENTE;;V00167 28/07/2026 07:30
E000062;P00015;2026-07-27T09:55;EXTRACAO;;EXTRAIDO;AGENTE;;confiança 0.82
E000068;P00016;2026-07-27T10:15;EXTRACAO;;EXTRAIDO;AGENTE;;confiança 0.87
E000071;P00017;2026-07-27T10:15;EXTRACAO;;EXTRAIDO;AGENTE;;confiança 0.83
E000078;P00018;2026-07-27T10:35;EXTRACAO;;EXTRAIDO;AGENTE;;confiança 0.88
E000081;P00019;2026-07-27T10:35;EXTRACAO;;EXTRAIDO;AGENTE;;confiança 0.96
E000037;P00010;2026-07-27T10:45;VALIDACAO;EXTRAIDO;VALIDADO;U03;;
E000038;P00010;2026-07-27T10:45;ENVIO;VALIDADO;ACEITE;SISTEMA;;
E000088;P00020;2026-07-27T10:55;EXTRACAO;;EXTRAIDO;AGENTE;;confiança 0.9
E000091;P00021;2026-07-27T10:55;EXTRACAO;;EXTRAIDO;AGENTE;;confiança 0.86
E000039;P00010;2026-07-27T11:01;MARCACAO;ACEITE;MARCADO;AGENTE;;V00211 28/07/2026 09:00
E000099;P00022;2026-07-27T11:05;EXTRACAO;;EXTRAIDO;AGENTE;;confiança 0.97
E000102;P00023;2026-07-27T11:05;EXTRACAO;;EXTRAIDO;AGENTE;;confiança 0.9
E000058;P00014;2026-07-27T11:20;VALIDACAO;EXTRAIDO;VALIDADO;U03;;
E000059;P00014;2026-07-27T11:20;ENVIO;VALIDADO;ACEITE;SISTEMA;;
E000079;P00018;2026-07-27T11:22;VALIDACAO;EXTRAIDO;VALIDADO;U03;;
E000080;P00018;2026-07-27T11:22;ENVIO;VALIDADO;ACEITE;SISTEMA;;
E000082;P00019;2026-07-27T11:22;VALIDACAO;EXTRAIDO;VALIDADO;U03;;
E000083;P00019;2026-07-27T11:22;ENVIO;VALIDADO;ACEITE;SISTEMA;;
E000089;P00020;2026-07-27T11:26;VALIDACAO;EXTRAIDO;VALIDADO;U03;;
E000090;P00020;2026-07-27T11:26;ENVIO;VALIDADO;ACEITE;SISTEMA;;
E000092;P00021;2026-07-27T11:26;CORRECAO;EXTRAIDO;EXTRAIDO;U03;;exame corrigido
E000093;P00021;2026-07-27T11:26;VALIDACAO;EXTRAIDO;VALIDADO;U03;;
E000094;P00021;2026-07-27T11:26;ENVIO;VALIDADO;ACEITE;SISTEMA;;
E000086;P00019;2026-07-27T11:29;MARCACAO;ACEITE;MARCADO;AGENTE;;V01610 17/08/2026 09:50
E000084;P00018;2026-07-27T11:32;MARCACAO;ACEITE;MARCADO;AGENTE;;V00169 28/07/2026 07:50
E000060;P00014;2026-07-27T11:33;MARCACAO;ACEITE;MARCADO;AGENTE;;V00213 28/07/2026 10:00
E000109;P00024;2026-07-27T11:35;EXTRACAO;;EXTRAIDO;AGENTE;;confiança 0.84
E000097;P00021;2026-07-27T11:40;MARCACAO;ACEITE;MARCADO;AGENTE;;V01608 17/08/2026 09:10
E000095;P00020;2026-07-27T11:43;MARCACAO;ACEITE;MARCADO;AGENTE;;V00186 28/07/2026 07:40
E000063;P00015;2026-07-27T11:49;VALIDACAO;EXTRAIDO;VALIDADO;U03;;
E000064;P00015;2026-07-27T11:49;ENVIO;VALIDADO;EM_TRIAGEM;SISTEMA;;
E000115;P00025;2026-07-27T11:55;EXTRACAO;;EXTRAIDO;AGENTE;;confiança 0.89
E000118;P00026;2026-07-27T11:55;EXTRACAO;;EXTRAIDO;AGENTE;;confiança 0.99
E000069;P00016;2026-07-27T12:19;VALIDACAO;EXTRAIDO;VALIDADO;U03;;
E000070;P00016;2026-07-27T12:19;ENVIO;VALIDADO;ACEITE;SISTEMA;;
E000072;P00017;2026-07-27T12:19;VALIDACAO;EXTRAIDO;VALIDADO;U03;;
E000073;P00017;2026-07-27T12:19;ENVIO;VALIDADO;ACEITE;SISTEMA;;
E000076;P00017;2026-07-27T12:21;MARCACAO;ACEITE;MARCADO;AGENTE;;V01607 17/08/2026 08:50
E000074;P00016;2026-07-27T12:34;MARCACAO;ACEITE;MARCADO;AGENTE;;V00168 28/07/2026 07:40
E000100;P00022;2026-07-27T12:46;VALIDACAO;EXTRAIDO;VALIDADO;U03;;
E000101;P00022;2026-07-27T12:46;ENVIO;VALIDADO;ACEITE;SISTEMA;;
E000103;P00023;2026-07-27T12:46;VALIDACAO;EXTRAIDO;VALIDADO;U03;;
E000104;P00023;2026-07-27T12:46;ENVIO;VALIDADO;ACEITE;SISTEMA;;
E000105;P00022;2026-07-27T12:48;MARCACAO;ACEITE;MARCADO;AGENTE;;V00170 28/07/2026 08:00
E000107;P00023;2026-07-27T12:56;MARCACAO;ACEITE;MARCADO;AGENTE;;V01609 17/08/2026 09:30
E000110;P00024;2026-07-27T13:03;VALIDACAO;EXTRAIDO;VALIDADO;U03;;
E000111;P00024;2026-07-27T13:03;ENVIO;VALIDADO;EM_TRIAGEM;SISTEMA;;
E000116;P00025;2026-07-27T14:19;VALIDACAO;EXTRAIDO;VALIDADO;U03;;
E000117;P00025;2026-07-27T14:19;ENVIO;VALIDADO;ACEITE;SISTEMA;;
E000119;P00026;2026-07-27T14:19;VALIDACAO;EXTRAIDO;VALIDADO;U03;;
E000120;P00026;2026-07-27T14:19;ENVIO;VALIDADO;ACEITE;SISTEMA;;
E000123;P00026;2026-07-27T14:30;MARCACAO;ACEITE;MARCADO;AGENTE;;V01613 17/08/2026 10:50
E000121;P00025;2026-07-27T14:32;MARCACAO;ACEITE;MARCADO;AGENTE;;V00156 28/07/2026 09:20
E000052;P00011;2026-07-28T07:40;REALIZACAO;MARCADO;REALIZADO;SISTEMA;;
E000075;P00016;2026-07-28T07:50;REALIZACAO;MARCADO;REALIZADO;SISTEMA;;
E000096;P00020;2026-07-28T07:50;REALIZACAO;MARCADO;REALIZADO;SISTEMA;;
E000085;P00018;2026-07-28T08:00;REALIZACAO;MARCADO;REALIZADO;SISTEMA;;
E000106;P00022;2026-07-28T08:10;REALIZACAO;MARCADO;REALIZADO;SISTEMA;;
E000125;P00027;2026-07-28T08:55;EXTRACAO;;EXTRAIDO;AGENTE;;confiança 0.91
E000128;P00028;2026-07-28T08:55;EXTRACAO;;EXTRAIDO;AGENTE;;confiança 0.89
E000135;P00029;2026-07-28T09:15;EXTRACAO;;EXTRAIDO;AGENTE;;confiança 0.86
E000138;P00030;2026-07-28T09:15;EXTRACAO;;EXTRAIDO;AGENTE;;confiança 0.95
E000040;P00010;2026-07-28T09:30;REALIZACAO;MARCADO;REALIZADO;SISTEMA;;
E000122;P00025;2026-07-28T09:40;REALIZACAO;MARCADO;REALIZADO;SISTEMA;;
E000126;P00027;2026-07-28T09:52;VALIDACAO;EXTRAIDO;VALIDADO;U03;;
E000127;P00027;2026-07-28T09:52;ENVIO;VALIDADO;ACEITE;SISTEMA;;
E000129;P00028;2026-07-28T09:52;VALIDACAO;EXTRAIDO;VALIDADO;U03;;
E000130;P00028;2026-07-28T09:52;ENVIO;VALIDADO;ACEITE;SISTEMA;;
E000131;P00027;2026-07-28T09:54;MARCACAO;ACEITE;MARCADO;AGENTE;;V00288 29/07/2026 07:30
E000145;P00031;2026-07-28T09:55;EXTRACAO;;EXTRAIDO;AGENTE;;confiança 0.93
E000133;P00028;2026-07-28T10:06;MARCACAO;ACEITE;MARCADO;AGENTE;;V01714 18/08/2026 08:30
E000156;P00033;2026-07-28T10:15;EXTRACAO;;EXTRAIDO;AGENTE;;confiança 0.84
E000061;P00014;2026-07-28T10:30;REALIZACAO;MARCADO;REALIZADO;SISTEMA;;
E000136;P00029;2026-07-28T10:33;VALIDACAO;EXTRAIDO;VALIDADO;U03;;
E000137;P00029;2026-07-28T10:33;ENVIO;VALIDADO;ACEITE;SISTEMA;;
E000139;P00030;2026-07-28T10:33;VALIDACAO;EXTRAIDO;VALIDADO;U03;;
E000140;P00030;2026-07-28T10:33;ENVIO;VALIDADO;ACEITE;SISTEMA;;
E000164;P00034;2026-07-28T10:35;EXTRACAO;;EXTRAIDO;AGENTE;;confiança 0.86
E000143;P00030;2026-07-28T10:36;MARCACAO;ACEITE;MARCADO;AGENTE;;V03530 10/09/2026 08:30
E000141;P00029;2026-07-28T10:43;MARCACAO;ACEITE;MARCADO;AGENTE;;V03395 08/09/2026 07:30
E000165;P00034;2026-07-28T11:13;VALIDACAO;EXTRAIDO;VALIDADO;U03;;
E000166;P00034;2026-07-28T11:13;ENVIO;VALIDADO;EM_TRIAGEM;SISTEMA;;
E000175;P00036;2026-07-28T11:15;EXTRACAO;;EXTRAIDO;AGENTE;;confiança 0.92
E000178;P00037;2026-07-28T11:15;EXTRACAO;;EXTRAIDO;AGENTE;;confiança 0.97
E000181;P00038;2026-07-28T11:15;EXTRACAO;;EXTRAIDO;AGENTE;;confiança 0.87
E000146;P00031;2026-07-28T11:18;VALIDACAO;EXTRAIDO;VALIDADO;U03;;
E000147;P00031;2026-07-28T11:18;ENVIO;VALIDADO;EM_TRIAGEM;SISTEMA;;
E000193;P00039;2026-07-28T11:35;EXTRACAO;;EXTRAIDO;AGENTE;;confiança 0.86
E000196;P00040;2026-07-28T11:35;EXTRACAO;;EXTRAIDO;AGENTE;;confiança 0.86
E000203;P00041;2026-07-28T11:45;EXTRACAO;;EXTRAIDO;AGENTE;;confiança 0.86
E000157;P00033;2026-07-28T12:05;CORRECAO;EXTRAIDO;EXTRAIDO;U03;;exame corrigido
E000158;P00033;2026-07-28T12:05;VALIDACAO;EXTRAIDO;VALIDADO;U03;;
E000159;P00033;2026-07-28T12:05;ENVIO;VALIDADO;EM_TRIAGEM;SISTEMA;;
E000194;P00039;2026-07-28T13:04;VALIDACAO;EXTRAIDO;VALIDADO;U03;;
E000195;P00039;2026-07-28T13:04;ENVIO;VALIDADO;ACEITE;SISTEMA;;
E000197;P00040;2026-07-28T13:04;VALIDACAO;EXTRAIDO;VALIDADO;U03;;
E000198;P00040;2026-07-28T13:04;ENVIO;VALIDADO;ACEITE;SISTEMA;;
E000199;P00039;2026-07-28T13:05;MARCACAO;ACEITE;MARCADO;AGENTE;;V00271 29/07/2026 07:40
E000201;P00040;2026-07-28T13:16;MARCACAO;ACEITE;MARCADO;AGENTE;;V01715 18/08/2026 08:50
E000176;P00036;2026-07-28T13:30;VALIDACAO;EXTRAIDO;VALIDADO;U03;;
E000177;P00036;2026-07-28T13:30;ENVIO;VALIDADO;ACEITE;SISTEMA;;
E000179;P00037;2026-07-28T13:30;VALIDACAO;EXTRAIDO;VALIDADO;U03;;
E000180;P00037;2026-07-28T13:30;ENVIO;VALIDADO;ACEITE;SISTEMA;;
E000182;P00038;2026-07-28T13:30;VALIDACAO;EXTRAIDO;VALIDADO;U03;;
E000183;P00038;2026-07-28T13:30;ENVIO;VALIDADO;ACEITE;SISTEMA;;
E000184;P00036;2026-07-28T13:33;MARCACAO;ACEITE;MARCADO;AGENTE;;V00270 29/07/2026 07:30
E000186;P00037;2026-07-28T13:37;MARCACAO;ACEITE;MARCADO;AGENTE;;V03446 09/09/2026 08:40
E000189;P00038;2026-07-28T13:48;MARCACAO;ACEITE;MARCADO;AGENTE;;V04065 17/09/2026 08:30
E000204;P00041;2026-07-28T14:01;VALIDACAO;EXTRAIDO;VALIDADO;U03;;
E000205;P00041;2026-07-28T14:01;ENVIO;VALIDADO;EM_TRIAGEM;SISTEMA;;
E000206;P00041;2026-07-29T00:29;TRIAGEM;EM_TRIAGEM;ACEITE;U04;;
E000207;P00041;2026-07-29T00:32;MARCACAO;ACEITE;MARCADO;AGENTE;;V00548 03/08/2026 09:00
E000112;P00024;2026-07-29T05:06;TRIAGEM;EM_TRIAGEM;ACEITE;U04;;
E000113;P00024;2026-07-29T05:19;MARCACAO;ACEITE;MARCADO;AGENTE;;V00332 30/07/2026 09:00
E000132;P00027;2026-07-29T07:40;REALIZACAO;MARCADO;REALIZADO;SISTEMA;;
E000185;P00036;2026-07-29T07:40;REALIZACAO;MARCADO;REALIZADO;SISTEMA;;
E000200;P00039;2026-07-29T07:50;REALIZACAO;MARCADO;REALIZADO;SISTEMA;;
E000209;P00042;2026-07-29T08:45;EXTRACAO;;EXTRAIDO;AGENTE;;confiança 0.91
E000212;P00043;2026-07-29T08:45;EXTRACAO;;EXTRAIDO;AGENTE;;confiança 0.92
E000054;P00012;2026-07-29T09:00;REALIZACAO;MARCADO;REALIZADO;SISTEMA;;
E000220;P00044;2026-07-29T09:15;EXTRACAO;;EXTRAIDO;AGENTE;;confiança 0.96
E000223;P00045;2026-07-29T09:15;EXTRACAO;;EXTRAIDO;AGENTE;;confiança 0.9
E000230;P00046;2026-07-29T09:35;EXTRACAO;;EXTRAIDO;AGENTE;;confiança 0.96
E000233;P00047;2026-07-29T09:35;EXTRACAO;;EXTRAIDO;AGENTE;;confiança 0.96
E000236;P00048;2026-07-29T09:35;EXTRACAO;;EXTRAIDO;AGENTE;;confiança 0.84
E000221;P00044;2026-07-29T09:41;VALIDACAO;EXTRAIDO;VALIDADO;U03;;
E000222;P00044;2026-07-29T09:41;ENVIO;VALIDADO;ACEITE;SISTEMA;;
E000224;P00045;2026-07-29T09:41;VALIDACAO;EXTRAIDO;VALIDADO;U03;;
E000225;P00045;2026-07-29T09:41;ENVIO;VALIDADO;ACEITE;SISTEMA;;
E000228;P00045;2026-07-29T09:42;MARCACAO;ACEITE;MARCADO;AGENTE;;V01822 19/08/2026 08:30
E000226;P00044;2026-07-29T09:45;MARCACAO;ACEITE;MARCADO;AGENTE;;V00379 30/07/2026 07:40
E000248;P00049;2026-07-29T09:55;EXTRACAO;;EXTRAIDO;AGENTE;;confiança 0.84
E000251;P00050;2026-07-29T09:55;EXTRACAO;;EXTRAIDO;AGENTE;;confiança 0.98
E000255;P00051;2026-07-29T09:55;EXTRACAO;;EXTRAIDO;AGENTE;;confiança 0.95
E000266;P00052;2026-07-29T10:35;EXTRACAO;;EXTRAIDO;AGENTE;;confiança 0.9
E000269;P00053;2026-07-29T10:35;EXTRACAO;;EXTRAIDO;AGENTE;;confiança 0.89
E000272;P00054;2026-07-29T10:35;EXTRACAO;;EXTRAIDO;AGENTE;;confiança 0.98
E000267;P00052;2026-07-29T10:40;VALIDACAO;EXTRAIDO;VALIDADO;U03;;
E000268;P00052;2026-07-29T10:40;ENVIO;VALIDADO;ACEITE;SISTEMA;;
E000270;P00053;2026-07-29T10:40;VALIDACAO;EXTRAIDO;VALIDADO;U03;;
E000271;P00053;2026-07-29T10:40;ENVIO;VALIDADO;ACEITE;SISTEMA;;
E000273;P00054;2026-07-29T10:40;VALIDACAO;EXTRAIDO;VALIDADO;U03;;
E000274;P00054;2026-07-29T10:40;ENVIO;VALIDADO;ACEITE;SISTEMA;;
E000275;P00052;2026-07-29T10:42;MARCACAO;ACEITE;MARCADO;AGENTE;;V00398 30/07/2026 07:50
E000279;P00054;2026-07-29T10:44;MARCACAO;ACEITE;MARCADO;AGENTE;;V01826 19/08/2026 09:50
E000277;P00053;2026-07-29T10:45;MARCACAO;ACEITE;MARCADO;AGENTE;;V00450 31/07/2026 08:00
E000281;P00055;2026-07-29T10:55;EXTRACAO;;EXTRAIDO;AGENTE;;confiança 0.83
E000284;P00056;2026-07-29T10:55;EXTRACAO;;EXTRAIDO;AGENTE;;confiança 0.83
E000287;P00057;2026-07-29T10:55;EXTRACAO;;EXTRAIDO;AGENTE;;confiança 0.93
E000210;P00042;2026-07-29T11:07;VALIDACAO;EXTRAIDO;VALIDADO;U03;;
E000211;P00042;2026-07-29T11:07;ENVIO;VALIDADO;ACEITE;SISTEMA;;
E000213;P00043;2026-07-29T11:07;CORRECAO;EXTRAIDO;EXTRAIDO;U03;;prazo corrigido
E000214;P00043;2026-07-29T11:07;VALIDACAO;EXTRAIDO;VALIDADO;U03;;
E000215;P00043;2026-07-29T11:07;ENVIO;VALIDADO;ACEITE;SISTEMA;;
E000218;P00043;2026-07-29T11:11;MARCACAO;ACEITE;MARCADO;AGENTE;;V01823 19/08/2026 08:50
E000216;P00042;2026-07-29T11:13;MARCACAO;ACEITE;MARCADO;AGENTE;;V00378 30/07/2026 07:30
E000296;P00058;2026-07-29T11:15;EXTRACAO;;EXTRAIDO;AGENTE;;confiança 0.99
E000231;P00046;2026-07-29T11:18;VALIDACAO;EXTRAIDO;VALIDADO;U03;;
E000232;P00046;2026-07-29T11:18;ENVIO;VALIDADO;ACEITE;SISTEMA;;
E000234;P00047;2026-07-29T11:18;VALIDACAO;EXTRAIDO;VALIDADO;U03;;
E000235;P00047;2026-07-29T11:18;ENVIO;VALIDADO;ACEITE;SISTEMA;;
E000237;P00048;2026-07-29T11:18;VALIDACAO;EXTRAIDO;VALIDADO;U03;;
E000238;P00048;2026-07-29T11:18;ENVIO;VALIDADO;ACEITE;SISTEMA;;
E000245;P00048;2026-07-29T11:33;MARCACAO;ACEITE;MARCADO;AGENTE;;V02893 02/09/2026 08:50
E000247;P00048;2026-07-29T11:33;REMARCACAO;MARCADO;MARCADO;SISTEMA;Dependência não cumprida (falta a exame);
E000301;P00059;2026-07-29T11:35;EXTRACAO;;EXTRAIDO;AGENTE;;confiança 0.88
E000239;P00046;2026-07-29T11:36;MARCACAO;ACEITE;MARCADO;AGENTE;;V02001 20/08/2026 07:30
E000243;P00047;2026-07-29T11:37;MARCACAO;ACEITE;MARCADO;AGENTE;;V02271 25/08/2026 08:00
E000249;P00049;2026-07-29T11:37;VALIDACAO;EXTRAIDO;VALIDADO;U03;;
E000250;P00049;2026-07-29T11:37;ENVIO;VALIDADO;ACEITE;SISTEMA;;
E000252;P00050;2026-07-29T11:37;CORRECAO;EXTRAIDO;EXTRAIDO;U03;;prioridade corrigida
E000253;P00050;2026-07-29T11:37;VALIDACAO;EXTRAIDO;VALIDADO;U03;;
E000254;P00050;2026-07-29T11:37;ENVIO;VALIDADO;ACEITE;SISTEMA;;
E000256;P00051;2026-07-29T11:37;CORRECAO;EXTRAIDO;EXTRAIDO;U03;;exame corrigido
E000257;P00051;2026-07-29T11:37;VALIDACAO;EXTRAIDO;VALIDADO;U03;;
E000258;P00051;2026-07-29T11:37;ENVIO;VALIDADO;ACEITE;SISTEMA;;
E000261;P00050;2026-07-29T11:41;MARCACAO;ACEITE;MARCADO;AGENTE;;V00451 31/07/2026 08:20
E000259;P00049;2026-07-29T11:45;MARCACAO;ACEITE;MARCADO;AGENTE;;V00397 30/07/2026 07:40
E000263;P00051;2026-07-29T11:45;MARCACAO;ACEITE;MARCADO;AGENTE;;V01824 19/08/2026 09:10
E000308;P00060;2026-07-29T11:55;EXTRACAO;;EXTRAIDO;AGENTE;;confiança 0.98
E000302;P00059;2026-07-29T12:05;CORRECAO;EXTRAIDO;EXTRAIDO;U03;;prazo corrigido
E000303;P00059;2026-07-29T12:05;VALIDACAO;EXTRAIDO;VALIDADO;U03;;
E000304;P00059;2026-07-29T12:05;ENVIO;VALIDADO;EM_TRIAGEM;SISTEMA;;
E000297;P00058;2026-07-29T12:13;VALIDACAO;EXTRAIDO;VALIDADO;U03;;
E000298;P00058;2026-07-29T12:13;ENVIO;VALIDADO;ACEITE;SISTEMA;;
E000299;P00058;2026-07-29T12:30;MARCACAO;ACEITE;MARCADO;AGENTE;;V00422 30/07/2026 09:00
E000282;P00055;2026-07-29T12:37;VALIDACAO;EXTRAIDO;VALIDADO;U03;;
E000283;P00055;2026-07-29T12:37;ENVIO;VALIDADO;ACEITE;SISTEMA;;
E000285;P00056;2026-07-29T12:37;VALIDACAO;EXTRAIDO;VALIDADO;U03;;
E000286;P00056;2026-07-29T12:37;ENVIO;VALIDADO;ACEITE;SISTEMA;;
E000288;P00057;2026-07-29T12:37;VALIDACAO;EXTRAIDO;VALIDADO;U03;;
E000289;P00057;2026-07-29T12:37;ENVIO;VALIDADO;ACEITE;SISTEMA;;
E000294;P00057;2026-07-29T12:38;MARCACAO;ACEITE;MARCADO;AGENTE;;V03428 09/09/2026 08:50
E000290;P00055;2026-07-29T12:57;MARCACAO;ACEITE;MARCADO;AGENTE;;V02752 31/08/2026 07:30
E000292;P00056;2026-07-29T12:57;MARCACAO;ACEITE;MARCADO;AGENTE;;V02807 01/09/2026 08:20
E000309;P00060;2026-07-29T13:56;VALIDACAO;EXTRAIDO;VALIDADO;U03;;
E000310;P00060;2026-07-29T13:56;ENVIO;VALIDADO;EM_TRIAGEM;SISTEMA;;
E000167;P00034;2026-07-29T22:48;TRIAGEM;EM_TRIAGEM;ACEITE;U10;;
E000168;P00034;2026-07-29T23:01;MARCACAO;ACEITE;MARCADO;AGENTE;;V00524 31/07/2026 08:30
E000170;P00035;2026-07-29T23:01;EXTRACAO;;EXTRAIDO;AGENTE;;confiança 1.0
E000171;P00035;2026-07-29T23:01;VALIDACAO;EXTRAIDO;VALIDADO;SISTEMA;;
E000172;P00035;2026-07-29T23:01;ENVIO;VALIDADO;ACEITE;SISTEMA;;
E000173;P00035;2026-07-29T23:01;MARCACAO;ACEITE;MARCADO;AGENTE;;V00396 30/07/2026 07:30
E000174;P00035;2026-07-30T07:40;REALIZACAO;MARCADO;REALIZADO;SISTEMA;;
E000217;P00042;2026-07-30T07:40;REALIZACAO;MARCADO;REALIZADO;SISTEMA;;
E000227;P00044;2026-07-30T07:50;REALIZACAO;MARCADO;REALIZADO;SISTEMA;;
E000260;P00049;2026-07-30T07:50;REALIZACAO;MARCADO;REALIZADO;SISTEMA;;
E000005;P00001;2026-07-30T08:00;REALIZACAO;MARCADO;REALIZADO;U08;;
E000276;P00052;2026-07-30T08:00;REALIZACAO;MARCADO;REALIZADO;SISTEMA;;
E000314;P00061;2026-07-30T08:55;EXTRACAO;;EXTRAIDO;AGENTE;;confiança 0.82
E000317;P00062;2026-07-30T08:55;EXTRACAO;;EXTRAIDO;AGENTE;;confiança 0.95
E000324;P00063;2026-07-30T09:15;EXTRACAO;;EXTRAIDO;AGENTE;;confiança 0.98
E000327;P00064;2026-07-30T09:15;EXTRACAO;;EXTRAIDO;AGENTE;;confiança 0.89
E000300;P00058;2026-07-30T09:30;REALIZACAO;MARCADO;REALIZADO;SISTEMA;;
E000065;P00015;2026-07-30T09:35;TRIAGEM;EM_TRIAGEM;ACEITE;U04;;
E000334;P00065;2026-07-30T09:35;EXTRACAO;;EXTRAIDO;AGENTE;;confiança 0.95
E000337;P00066;2026-07-30T09:35;EXTRACAO;;EXTRAIDO;AGENTE;;confiança 0.86
E000114;P00024;2026-07-30T09:40;REALIZACAO;MARCADO;REALIZADO;SISTEMA;;
E000066;P00015;2026-07-30T09:49;MARCACAO;ACEITE;MARCADO;AGENTE;;V00440 31/07/2026 09:00
E000344;P00067;2026-07-30T09:55;EXTRACAO;;EXTRAIDO;AGENTE;;confiança 0.83
E000350;P00068;2026-07-30T10:15;EXTRACAO;;EXTRAIDO;AGENTE;;confiança 0.99
E000345;P00067;2026-07-30T10:17;VALIDACAO;EXTRAIDO;VALIDADO;U03;;
E000346;P00067;2026-07-30T10:17;ENVIO;VALIDADO;EM_TRIAGEM;SISTEMA;;
E000335;P00065;2026-07-30T10:22;VALIDACAO;EXTRAIDO;VALIDADO;U03;;
E000336;P00065;2026-07-30T10:22;ENVIO;VALIDADO;ACEITE;SISTEMA;;
E000338;P00066;2026-07-30T10:22;VALIDACAO;EXTRAIDO;VALIDADO;U03;;
E000339;P00066;2026-07-30T10:22;ENVIO;VALIDADO;ACEITE;SISTEMA;;
E000342;P00066;2026-07-30T10:27;MARCACAO;ACEITE;MARCADO;AGENTE;;V01928 20/08/2026 09:30
E000340;P00065;2026-07-30T10:29;MARCACAO;ACEITE;MARCADO;AGENTE;;V00474 31/07/2026 09:00
E000315;P00061;2026-07-30T10:31;VALIDACAO;EXTRAIDO;VALIDADO;U03;;
E000316;P00061;2026-07-30T10:31;ENVIO;VALIDADO;ACEITE;SISTEMA;;
E000318;P00062;2026-07-30T10:31;VALIDACAO;EXTRAIDO;VALIDADO;U03;;
E000319;P00062;2026-07-30T10:31;ENVIO;VALIDADO;ACEITE;SISTEMA;;
E000320;P00061;2026-07-30T10:34;MARCACAO;ACEITE;MARCADO;AGENTE;;V00486 31/07/2026 07:30
E000355;P00069;2026-07-30T10:35;EXTRACAO;;EXTRAIDO;AGENTE;;confiança 0.93
E000358;P00070;2026-07-30T10:35;EXTRACAO;;EXTRAIDO;AGENTE;;confiança 0.87
E000361;P00071;2026-07-30T10:35;EXTRACAO;;EXTRAIDO;AGENTE;;confiança 0.82
E000322;P00062;2026-07-30T10:42;MARCACAO;ACEITE;MARCADO;AGENTE;;V01925 20/08/2026 08:30
E000370;P00072;2026-07-30T10:55;EXTRACAO;;EXTRAIDO;AGENTE;;confiança 0.88
E000373;P00073;2026-07-30T10:55;EXTRACAO;;EXTRAIDO;AGENTE;;confiança 0.84
E000376;P00074;2026-07-30T10:55;EXTRACAO;;EXTRAIDO;AGENTE;;confiança 0.86
E000351;P00068;2026-07-30T11:04;VALIDACAO;EXTRAIDO;VALIDADO;U03;;
E000352;P00068;2026-07-30T11:04;ENVIO;VALIDADO;ACEITE;SISTEMA;;
E000388;P00075;2026-07-30T11:05;EXTRACAO;;EXTRAIDO;AGENTE;;confiança 0.84
E000391;P00076;2026-07-30T11:05;EXTRACAO;;EXTRAIDO;AGENTE;;confiança 0.91
E000305;P00059;2026-07-30T11:15;TRIAGEM;EM_TRIAGEM;ACEITE;U04;;
E000306;P00059;2026-07-30T11:18;MARCACAO;ACEITE;MARCADO;AGENTE;;V00441 31/07/2026 09:40
E000353;P00068;2026-07-30T11:19;MARCACAO;ACEITE;MARCADO;AGENTE;;V00531 31/07/2026 09:30
E000356;P00069;2026-07-30T11:33;VALIDACAO;EXTRAIDO;VALIDADO;U03;;
E000357;P00069;2026-07-30T11:33;ENVIO;VALIDADO;ACEITE;SISTEMA;;
E000359;P00070;2026-07-30T11:33;VALIDACAO;EXTRAIDO;VALIDADO;U03;;
E000360;P00070;2026-07-30T11:33;ENVIO;VALIDADO;ACEITE;SISTEMA;;
E000362;P00071;2026-07-30T11:33;VALIDACAO;EXTRAIDO;VALIDADO;U03;;
E000363;P00071;2026-07-30T11:33;ENVIO;VALIDADO;ACEITE;SISTEMA;;
E000371;P00072;2026-07-30T11:33;VALIDACAO;EXTRAIDO;VALIDADO;U03;;
E000372;P00072;2026-07-30T11:33;ENVIO;VALIDADO;ACEITE;SISTEMA;;
E000374;P00073;2026-07-30T11:33;VALIDACAO;EXTRAIDO;VALIDADO;U03;;
E000375;P00073;2026-07-30T11:33;ENVIO;VALIDADO;ACEITE;SISTEMA;;
E000377;P00074;2026-07-30T11:33;CORRECAO;EXTRAIDO;EXTRAIDO;U03;;exame corrigido
E000378;P00074;2026-07-30T11:33;VALIDACAO;EXTRAIDO;VALIDADO;U03;;
E000379;P00074;2026-07-30T11:33;ENVIO;VALIDADO;ACEITE;SISTEMA;;
E000366;P00070;2026-07-30T11:35;MARCACAO;ACEITE;MARCADO;AGENTE;;V00558 03/08/2026 08:00
E000398;P00077;2026-07-30T11:35;EXTRACAO;;EXTRAIDO;AGENTE;;confiança 0.91
E000401;P00078;2026-07-30T11:35;EXTRACAO;;EXTRAIDO;AGENTE;;confiança 0.9
E000368;P00071;2026-07-30T11:36;MARCACAO;ACEITE;MARCADO;AGENTE;;V01926 20/08/2026 08:50
E000325;P00063;2026-07-30T11:37;VALIDACAO;EXTRAIDO;VALIDADO;U03;;
E000326;P00063;2026-07-30T11:37;ENVIO;VALIDADO;ACEITE;SISTEMA;;
E000328;P00064;2026-07-30T11:37;VALIDACAO;EXTRAIDO;VALIDADO;U03;;
E000329;P00064;2026-07-30T11:37;ENVIO;VALIDADO;ACEITE;SISTEMA;;
E000364;P00069;2026-07-30T11:39;MARCACAO;ACEITE;MARCADO;AGENTE;;V00505 31/07/2026 07:40
E000380;P00072;2026-07-30T11:39;MARCACAO;ACEITE;MARCADO;AGENTE;;V00488 31/07/2026 07:50
E000330;P00063;2026-07-30T11:40;MARCACAO;ACEITE;MARCADO;AGENTE;;V00475 31/07/2026 09:20
E000382;P00073;2026-07-30T11:40;MARCACAO;ACEITE;MARCADO;AGENTE;;V00559 03/08/2026 08:20
E000332;P00064;2026-07-30T11:46;MARCACAO;ACEITE;MARCADO;AGENTE;;V01927 20/08/2026 09:10
E000384;P00074;2026-07-30T11:49;MARCACAO;ACEITE;MARCADO;AGENTE;;V01929 20/08/2026 09:50
E000399;P00077;2026-07-30T11:54;VALIDACAO;EXTRAIDO;VALIDADO;U03;;
E000400;P00077;2026-07-30T11:54;ENVIO;VALIDADO;ACEITE;SISTEMA;;
E000402;P00078;2026-07-30T11:54;VALIDACAO;EXTRAIDO;VALIDADO;U03;;
E000403;P00078;2026-07-30T11:54;ENVIO;VALIDADO;ACEITE;SISTEMA;;
E000408;P00079;2026-07-30T11:55;EXTRACAO;;EXTRAIDO;AGENTE;;confiança 0.84
E000411;P00080;2026-07-30T11:55;EXTRACAO;;EXTRAIDO;AGENTE;;confiança 0.96
E000414;P00081;2026-07-30T11:55;EXTRACAO;;EXTRAIDO;AGENTE;;confiança 0.93
E000406;P00078;2026-07-30T12:00;MARCACAO;ACEITE;MARCADO;AGENTE;;V01931 20/08/2026 10:30
E000404;P00077;2026-07-30T12:07;MARCACAO;ACEITE;MARCADO;AGENTE;;V00506 31/07/2026 07:50
E000389;P00075;2026-07-30T13:14;VALIDACAO;EXTRAIDO;VALIDADO;U03;;
E000390;P00075;2026-07-30T13:14;ENVIO;VALIDADO;ACEITE;SISTEMA;;
E000392;P00076;2026-07-30T13:14;VALIDACAO;EXTRAIDO;VALIDADO;U03;;
E000393;P00076;2026-07-30T13:14;ENVIO;VALIDADO;ACEITE;SISTEMA;;
E000396;P00076;2026-07-30T13:18;MARCACAO;ACEITE;MARCADO;AGENTE;;V01930 20/08/2026 10:10
E000394;P00075;2026-07-30T13:30;MARCACAO;ACEITE;MARCADO;AGENTE;;V00504 31/07/2026 07:30
E000409;P00079;2026-07-30T13:57;VALIDACAO;EXTRAIDO;VALIDADO;U03;;
E000410;P00079;2026-07-30T13:57;ENVIO;VALIDADO;ACEITE;SISTEMA;;
E000412;P00080;2026-07-30T13:57;VALIDACAO;EXTRAIDO;VALIDADO;U03;;
E000413;P00080;2026-07-30T13:57;ENVIO;VALIDADO;ACEITE;SISTEMA;;
E000415;P00081;2026-07-30T13:57;VALIDACAO;EXTRAIDO;VALIDADO;U03;;
E000416;P00081;2026-07-30T13:57;ENVIO;VALIDADO;ACEITE;SISTEMA;;
E000422;P00081;2026-07-30T14:05;MARCACAO;ACEITE;MARCADO;AGENTE;;V02784 01/09/2026 08:30
E000417;P00079;2026-07-30T14:09;MARCACAO;ACEITE;MARCADO;AGENTE;;V02200 24/08/2026 07:40
E000419;P00080;2026-07-30T14:14;MARCACAO;ACEITE;MARCADO;AGENTE;;V02272 25/08/2026 08:20
E000347;P00067;2026-07-30T23:27;TRIAGEM;EM_TRIAGEM;ACEITE;U04;;
E000160;P00033;2026-07-30T23:29;TRIAGEM;EM_TRIAGEM;REENCAMINHADO;U04;Pertence a Radioterapia;
E000348;P00067;2026-07-30T23:36;MARCACAO;ACEITE;MARCADO;AGENTE;;V00867 06/08/2026 09:00
E000161;P00033;2026-07-31T01:41;TRIAGEM;EM_TRIAGEM;ACEITE;U06;;
E000162;P00033;2026-07-31T01:54;MARCACAO;ACEITE;MARCADO;AGENTE;;V00764 05/08/2026 09:00
E000321;P00061;2026-07-31T07:40;REALIZACAO;MARCADO;REALIZADO;SISTEMA;;
E000395;P00075;2026-07-31T07:40;REALIZACAO;MARCADO;REALIZADO;SISTEMA;;
E000365;P00069;2026-07-31T07:50;REALIZACAO;MARCADO;REALIZADO;SISTEMA;;
E000381;P00072;2026-07-31T08:00;REALIZACAO;MARCADO;REALIZADO;SISTEMA;;
E000405;P00077;2026-07-31T08:00;REALIZACAO;MARCADO;REALIZADO;SISTEMA;;
E000278;P00053;2026-07-31T08:20;REALIZACAO;MARCADO;REALIZADO;SISTEMA;;
E000262;P00050;2026-07-31T08:40;REALIZACAO;MARCADO;REALIZADO;SISTEMA;;
E000424;P00082;2026-07-31T08:55;EXTRACAO;;EXTRAIDO;AGENTE;;confiança 0.83
E000427;P00083;2026-07-31T08:55;EXTRACAO;;EXTRAIDO;AGENTE;;confiança 0.88
E000430;P00084;2026-07-31T08:55;EXTRACAO;;EXTRAIDO;AGENTE;;confiança 0.97
E000439;P00085;2026-07-31T09:15;EXTRACAO;;EXTRAIDO;AGENTE;;confiança 0.92
E000442;P00086;2026-07-31T09:15;EXTRACAO;;EXTRAIDO;AGENTE;;confiança 0.86
E000445;P00087;2026-07-31T09:15;EXTRACAO;;EXTRAIDO;AGENTE;;confiança 0.9
E000341;P00065;2026-07-31T09:20;REALIZACAO;MARCADO;REALIZADO;SISTEMA;;
E000440;P00085;2026-07-31T09:20;VALIDACAO;EXTRAIDO;VALIDADO;U03;;
E000441;P00085;2026-07-31T09:20;ENVIO;VALIDADO;ACEITE;SISTEMA;;
E000443;P00086;2026-07-31T09:20;VALIDACAO;EXTRAIDO;VALIDADO;U03;;
E000444;P00086;2026-07-31T09:20;ENVIO;VALIDADO;ACEITE;SISTEMA;;
E000446;P00087;2026-07-31T09:20;VALIDACAO;EXTRAIDO;VALIDADO;U03;;
E000447;P00087;2026-07-31T09:20;ENVIO;VALIDADO;ACEITE;SISTEMA;;
E000448;P00085;2026-07-31T09:25;MARCACAO;ACEITE;MARCADO;AGENTE;;V00595 03/08/2026 07:40
E000450;P00086;2026-07-31T09:25;MARCACAO;ACEITE;MARCADO;AGENTE;;V00667 04/08/2026 08:20
E000452;P00087;2026-07-31T09:26;MARCACAO;ACEITE;MARCADO;AGENTE;;V02035 21/08/2026 09:10
E000067;P00015;2026-07-31T09:40;REALIZACAO;MARCADO;REALIZADO;SISTEMA;;
E000331;P00063;2026-07-31T09:40;REALIZACAO;MARCADO;REALIZADO;SISTEMA;;
E000454;P00088;2026-07-31T09:55;EXTRACAO;;EXTRAIDO;AGENTE;;confiança 0.98
E000458;P00089;2026-07-31T09:55;EXTRACAO;;EXTRAIDO;AGENTE;;confiança 0.84
E000354;P00068;2026-07-31T10:00;REALIZACAO;MARCADO;REALIZADO;SISTEMA;;
E000466;P00090;2026-07-31T10:05;EXTRACAO;;EXTRAIDO;AGENTE;;confiança 0.9
E000307;P00059;2026-07-31T10:20;REALIZACAO;MARCADO;REALIZADO;SISTEMA;;
E000472;P00091;2026-07-31T10:35;EXTRACAO;;EXTRAIDO;AGENTE;;confiança 0.86
E000476;P00092;2026-07-31T10:35;EXTRACAO;;EXTRAIDO;AGENTE;;confiança 0.94
E000480;P00093;2026-07-31T10:35;EXTRACAO;;EXTRAIDO;AGENTE;;confiança 0.93
E000490;P00094;2026-07-31T10:45;EXTRACAO;;EXTRAIDO;AGENTE;;confiança 0.93
E000493;P00095;2026-07-31T10:45;EXTRACAO;;EXTRAIDO;AGENTE;;confiança 0.95
E000496;P00096;2026-07-31T10:45;EXTRACAO;;EXTRAIDO;AGENTE;;confiança 0.84
E000455;P00088;2026-07-31T10:57;CORRECAO;EXTRAIDO;EXTRAIDO;U03;;prioridade corrigida
E000456;P00088;2026-07-31T10:57;VALIDACAO;EXTRAIDO;VALIDADO;U03;;
E000457;P00088;2026-07-31T10:57;ENVIO;VALIDADO;ACEITE;SISTEMA;;
E000459;P00089;2026-07-31T10:57;CORRECAO;EXTRAIDO;EXTRAIDO;U03;;exame corrigido
E000460;P00089;2026-07-31T10:57;VALIDACAO;EXTRAIDO;VALIDADO;U03;;
E000461;P00089;2026-07-31T10:57;ENVIO;VALIDADO;ACEITE;SISTEMA;;
E000462;P00088;2026-07-31T11:00;MARCACAO;ACEITE;MARCADO;AGENTE;;V00596 03/08/2026 07:50
E000425;P00082;2026-07-31T11:03;VALIDACAO;EXTRAIDO;VALIDADO;U03;;
E000426;P00082;2026-07-31T11:03;ENVIO;VALIDADO;ACEITE;SISTEMA;;
E000428;P00083;2026-07-31T11:03;VALIDACAO;EXTRAIDO;VALIDADO;U03;;
E000429;P00083;2026-07-31T11:03;ENVIO;VALIDADO;ACEITE;SISTEMA;;
E000431;P00084;2026-07-31T11:03;VALIDACAO;EXTRAIDO;VALIDADO;U03;;
E000432;P00084;2026-07-31T11:03;ENVIO;VALIDADO;ACEITE;SISTEMA;;
E000437;P00084;2026-07-31T11:09;MARCACAO;ACEITE;MARCADO;AGENTE;;V02033 21/08/2026 08:30
E000433;P00082;2026-07-31T11:10;MARCACAO;ACEITE;MARCADO;AGENTE;;V00612 03/08/2026 07:30
E000464;P00089;2026-07-31T11:14;MARCACAO;ACEITE;MARCADO;AGENTE;;V02034 21/08/2026 08:50
E000505;P00097;2026-07-31T11:15;EXTRACAO;;EXTRAIDO;AGENTE;;confiança 0.88
E000508;P00098;2026-07-31T11:15;EXTRACAO;;EXTRAIDO;AGENTE;;confiança 0.98
E000511;P00099;2026-07-31T11:15;EXTRACAO;;EXTRAIDO;AGENTE;;confiança 0.95
E000435;P00083;2026-07-31T11:18;MARCACAO;ACEITE;MARCADO;AGENTE;;V00666 04/08/2026 08:00
E000473;P00091;2026-07-31T11:45;CORRECAO;EXTRAIDO;EXTRAIDO;U03;;prazo corrigido
E000474;P00091;2026-07-31T11:45;VALIDACAO;EXTRAIDO;VALIDADO;U03;;
E000475;P00091;2026-07-31T11:45;ENVIO;VALIDADO;ACEITE;SISTEMA;;
E000477;P00092;2026-07-31T11:45;CORRECAO;EXTRAIDO;EXTRAIDO;U03;;exame corrigido
E000478;P00092;2026-07-31T11:45;VALIDACAO;EXTRAIDO;VALIDADO;U03;;
E000479;P00092;2026-07-31T11:45;ENVIO;VALIDADO;ACEITE;SISTEMA;;
E000481;P00093;2026-07-31T11:45;CORRECAO;EXTRAIDO;EXTRAIDO;U03;;prazo corrigido
E000482;P00093;2026-07-31T11:45;VALIDACAO;EXTRAIDO;VALIDADO;U03;;
E000483;P00093;2026-07-31T11:45;ENVIO;VALIDADO;ACEITE;SISTEMA;;
E000488;P00093;2026-07-31T11:52;MARCACAO;ACEITE;MARCADO;AGENTE;;V02036 21/08/2026 09:30
E000520;P00100;2026-07-31T11:55;EXTRACAO;;EXTRAIDO;AGENTE;;confiança 0.83
E000523;P00101;2026-07-31T11:55;EXTRACAO;;EXTRAIDO;AGENTE;;confiança 0.86
E000486;P00092;2026-07-31T12:00;MARCACAO;ACEITE;MARCADO;AGENTE;;V00669 04/08/2026 09:00
E000484;P00091;2026-07-31T12:01;MARCACAO;ACEITE;MARCADO;AGENTE;;V00594 03/08/2026 07:30
E000506;P00097;2026-07-31T12:01;VALIDACAO;EXTRAIDO;VALIDADO;U03;;
E000507;P00097;2026-07-31T12:01;ENVIO;VALIDADO;ACEITE;SISTEMA;;
E000509;P00098;2026-07-31T12:01;VALIDACAO;EXTRAIDO;VALIDADO;U03;;
E000510;P00098;2026-07-31T12:01;ENVIO;VALIDADO;ACEITE;SISTEMA;;
E000512;P00099;2026-07-31T12:01;VALIDACAO;EXTRAIDO;VALIDADO;U03;;
E000513;P00099;2026-07-31T12:01;ENVIO;VALIDADO;ACEITE;SISTEMA;;
E000521;P00100;2026-07-31T12:01;VALIDACAO;EXTRAIDO;VALIDADO;U03;;
E000522;P00100;2026-07-31T12:01;ENVIO;VALIDADO;ACEITE;SISTEMA;;
E000524;P00101;2026-07-31T12:01;VALIDACAO;EXTRAIDO;VALIDADO;U03;;
E000525;P00101;2026-07-31T12:01;ENVIO;VALIDADO;ACEITE;SISTEMA;;
E000467;P00090;2026-07-31T12:04;VALIDACAO;EXTRAIDO;VALIDADO;U03;;
E000468;P00090;2026-07-31T12:04;ENVIO;VALIDADO;EM_TRIAGEM;SISTEMA;;
E000514;P00097;2026-07-31T12:09;MARCACAO;ACEITE;MARCADO;AGENTE;;V00597 03/08/2026 08:00
E000526;P00100;2026-07-31T12:09;MARCACAO;ACEITE;MARCADO;AGENTE;;V00614 03/08/2026 07:50
E000516;P00098;2026-07-31T12:11;MARCACAO;ACEITE;MARCADO;AGENTE;;V00671 04/08/2026 09:40
E000528;P00101;2026-07-31T12:12;MARCACAO;ACEITE;MARCADO;AGENTE;;V02039 21/08/2026 10:30
E000518;P00099;2026-07-31T12:20;MARCACAO;ACEITE;MARCADO;AGENTE;;V02038 21/08/2026 10:10
E000491;P00094;2026-07-31T12:22;VALIDACAO;EXTRAIDO;VALIDADO;U03;;
E000492;P00094;2026-07-31T12:22;ENVIO;VALIDADO;ACEITE;SISTEMA;;
E000494;P00095;2026-07-31T12:22;VALIDACAO;EXTRAIDO;VALIDADO;U03;;
E000495;P00095;2026-07-31T12:22;ENVIO;VALIDADO;ACEITE;SISTEMA;;
E000497;P00096;2026-07-31T12:22;VALIDACAO;EXTRAIDO;VALIDADO;U03;;
E000498;P00096;2026-07-31T12:22;ENVIO;VALIDADO;ACEITE;SISTEMA;;
E000501;P00095;2026-07-31T12:25;MARCACAO;ACEITE;MARCADO;AGENTE;;V00670 04/08/2026 09:20
E000169;P00034;2026-07-31T12:30;REALIZACAO;MARCADO;REALIZADO;SISTEMA;;
E000499;P00094;2026-07-31T12:31;MARCACAO;ACEITE;MARCADO;AGENTE;;V00613 03/08/2026 07:40
E000503;P00096;2026-07-31T12:34;MARCACAO;ACEITE;MARCADO;AGENTE;;V02037 21/08/2026 09:50
E000148;P00031;2026-08-03T04:50;TRIAGEM;EM_TRIAGEM;ACEITE;U10;;
E000149;P00031;2026-08-03T05:01;MARCACAO;ACEITE;MARCADO;AGENTE;;V00843 05/08/2026 08:30
E000151;P00032;2026-08-03T05:01;EXTRACAO;;EXTRAIDO;AGENTE;;confiança 1.0
E000152;P00032;2026-08-03T05:01;VALIDACAO;EXTRAIDO;VALIDADO;SISTEMA;;
E000153;P00032;2026-08-03T05:01;ENVIO;VALIDADO;ACEITE;SISTEMA;;
E000154;P00032;2026-08-03T05:01;MARCACAO;ACEITE;MARCADO;AGENTE;;V00702 04/08/2026 07:30
E000434;P00082;2026-08-03T07:40;REALIZACAO;MARCADO;REALIZADO;SISTEMA;;
E000485;P00091;2026-08-03T07:40;REALIZACAO;MARCADO;REALIZADO;SISTEMA;;
E000449;P00085;2026-08-03T07:50;REALIZACAO;MARCADO;REALIZADO;SISTEMA;;
E000500;P00094;2026-08-03T07:50;REALIZACAO;MARCADO;REALIZADO;SISTEMA;;
E000463;P00088;2026-08-03T08:00;REALIZACAO;MARCADO;REALIZADO;SISTEMA;;
E000527;P00100;2026-08-03T08:00;REALIZACAO;MARCADO;REALIZADO;SISTEMA;;
E000515;P00097;2026-08-03T08:10;REALIZACAO;MARCADO;REALIZADO;SISTEMA;;
E000367;P00070;2026-08-03T08:20;REALIZACAO;MARCADO;REALIZADO;SISTEMA;;
E000383;P00073;2026-08-03T08:40;REALIZACAO;MARCADO;REALIZADO;SISTEMA;;
E000530;P00102;2026-08-03T08:45;EXTRACAO;;EXTRAIDO;AGENTE;;confiança 0.85
E000533;P00103;2026-08-03T08:45;EXTRACAO;;EXTRAIDO;AGENTE;;confiança 0.94
E000531;P00102;2026-08-03T09:06;VALIDACAO;EXTRAIDO;VALIDADO;U03;;
E000532;P00102;2026-08-03T09:06;ENVIO;VALIDADO;ACEITE;SISTEMA;;
E000534;P00103;2026-08-03T09:06;VALIDACAO;EXTRAIDO;VALIDADO;U03;;
E000535;P00103;2026-08-03T09:06;ENVIO;VALIDADO;ACEITE;SISTEMA;;
E000538;P00103;2026-08-03T09:07;MARCACAO;ACEITE;MARCADO;AGENTE;;V02141 24/08/2026 08:30
E000536;P00102;2026-08-03T09:14;MARCACAO;ACEITE;MARCADO;AGENTE;;V00703 04/08/2026 07:40
E000540;P00104;2026-08-03T09:15;EXTRACAO;;EXTRAIDO;AGENTE;;confiança 0.89
E000543;P00105;2026-08-03T09:15;EXTRACAO;;EXTRAIDO;AGENTE;;confiança 0.91
E000546;P00106;2026-08-03T09:15;EXTRACAO;;EXTRAIDO;AGENTE;;confiança 0.94
E000555;P00107;2026-08-03T09:35;EXTRACAO;;EXTRAIDO;AGENTE;;confiança 0.87
E000558;P00108;2026-08-03T09:35;EXTRACAO;;EXTRAIDO;AGENTE;;confiança 0.94
E000208;P00041;2026-08-03T09:40;REALIZACAO;MARCADO;REALIZADO;SISTEMA;;
E000565;P00109;2026-08-03T09:55;EXTRACAO;;EXTRAIDO;AGENTE;;confiança 0.94
E000568;P00110;2026-08-03T09:55;EXTRACAO;;EXTRAIDO;AGENTE;;confiança 0.91
E000571;P00111;2026-08-03T09:55;EXTRACAO;;EXTRAIDO;AGENTE;;confiança 0.95
E000580;P00112;2026-08-03T10:15;EXTRACAO;;EXTRAIDO;AGENTE;;confiança 0.93
E000541;P00104;2026-08-03T10:26;VALIDACAO;EXTRAIDO;VALIDADO;U03;;
E000542;P00104;2026-08-03T10:26;ENVIO;VALIDADO;ACEITE;SISTEMA;;
E000544;P00105;2026-08-03T10:26;VALIDACAO;EXTRAIDO;VALIDADO;U03;;
E000545;P00105;2026-08-03T10:26;ENVIO;VALIDADO;ACEITE;SISTEMA;;
E000547;P00106;2026-08-03T10:26;VALIDACAO;EXTRAIDO;VALIDADO;U03;;
E000548;P00106;2026-08-03T10:26;ENVIO;VALIDADO;ACEITE;SISTEMA;;
E000551;P00105;2026-08-03T10:32;MARCACAO;ACEITE;MARCADO;AGENTE;;V03769 14/09/2026 08:20
E000553;P00106;2026-08-03T10:32;MARCACAO;ACEITE;MARCADO;AGENTE;;V04281 21/09/2026 08:30
E000586;P00113;2026-08-03T10:35;EXTRACAO;;EXTRAIDO;AGENTE;;confiança 0.91
E000590;P00114;2026-08-03T10:35;EXTRACAO;;EXTRAIDO;AGENTE;;confiança 0.94
E000593;P00115;2026-08-03T10:35;EXTRACAO;;EXTRAIDO;AGENTE;;confiança 0.83
E000549;P00104;2026-08-03T10:43;MARCACAO;ACEITE;MARCADO;AGENTE;;V03696 11/09/2026 07:30
E000556;P00107;2026-08-03T10:59;VALIDACAO;EXTRAIDO;VALIDADO;U03;;
E000557;P00107;2026-08-03T10:59;ENVIO;VALIDADO;ACEITE;SISTEMA;;
E000559;P00108;2026-08-03T10:59;VALIDACAO;EXTRAIDO;VALIDADO;U03;;
E000560;P00108;2026-08-03T10:59;ENVIO;VALIDADO;ACEITE;SISTEMA;;
E000563;P00108;2026-08-03T11:07;MARCACAO;ACEITE;MARCADO;AGENTE;;V03430 09/09/2026 09:30
E000561;P00107;2026-08-03T11:09;MARCACAO;ACEITE;MARCADO;AGENTE;;V03269 07/09/2026 07:30
E000602;P00116;2026-08-03T11:15;EXTRACAO;;EXTRAIDO;AGENTE;;confiança 0.86
E000606;P00117;2026-08-03T11:15;EXTRACAO;;EXTRAIDO;AGENTE;;confiança 0.95
E000610;P00118;2026-08-03T11:15;EXTRACAO;;EXTRAIDO;AGENTE;;confiança 0.94
E000620;P00119;2026-08-03T11:25;EXTRACAO;;EXTRAIDO;AGENTE;;confiança 0.95
E000623;P00120;2026-08-03T11:25;EXTRACAO;;EXTRAIDO;AGENTE;;confiança 0.86
E000626;P00121;2026-08-03T11:25;EXTRACAO;;EXTRAIDO;AGENTE;;confiança 0.83
E000566;P00109;2026-08-03T11:32;VALIDACAO;EXTRAIDO;VALIDADO;U03;;
E000567;P00109;2026-08-03T11:32;ENVIO;VALIDADO;ACEITE;SISTEMA;;
E000569;P00110;2026-08-03T11:32;VALIDACAO;EXTRAIDO;VALIDADO;U03;;
E000570;P00110;2026-08-03T11:32;ENVIO;VALIDADO;ACEITE;SISTEMA;;
E000572;P00111;2026-08-03T11:32;VALIDACAO;EXTRAIDO;VALIDADO;U03;;
E000573;P00111;2026-08-03T11:32;ENVIO;VALIDADO;ACEITE;SISTEMA;;
E000578;P00111;2026-08-03T11:44;MARCACAO;ACEITE;MARCADO;AGENTE;;V02143 24/08/2026 09:10
E000574;P00109;2026-08-03T11:45;MARCACAO;ACEITE;MARCADO;AGENTE;;V00720 04/08/2026 07:30
E000576;P00110;2026-08-03T11:47;MARCACAO;ACEITE;MARCADO;AGENTE;;V00769 05/08/2026 08:00
E000587;P00113;2026-08-03T12:07;CORRECAO;EXTRAIDO;EXTRAIDO;U03;;exame corrigido
E000588;P00113;2026-08-03T12:07;VALIDACAO;EXTRAIDO;VALIDADO;U03;;
E000589;P00113;2026-08-03T12:07;ENVIO;VALIDADO;ACEITE;SISTEMA;;
E000591;P00114;2026-08-03T12:07;VALIDACAO;EXTRAIDO;VALIDADO;U03;;
E000592;P00114;2026-08-03T12:07;ENVIO;VALIDADO;ACEITE;SISTEMA;;
E000594;P00115;2026-08-03T12:07;VALIDACAO;EXTRAIDO;VALIDADO;U03;;
E000595;P00115;2026-08-03T12:07;ENVIO;VALIDADO;ACEITE;SISTEMA;;
E000596;P00113;2026-08-03T12:10;MARCACAO;ACEITE;MARCADO;AGENTE;;V00721 04/08/2026 07:40
E000600;P00115;2026-08-03T12:11;MARCACAO;ACEITE;MARCADO;AGENTE;;V02142 24/08/2026 08:50
E000598;P00114;2026-08-03T12:15;MARCACAO;ACEITE;MARCADO;AGENTE;;V00770 05/08/2026 08:20
E000581;P00112;2026-08-03T12:16;VALIDACAO;EXTRAIDO;VALIDADO;U03;;
E000582;P00112;2026-08-03T12:16;ENVIO;VALIDADO;EM_TRIAGEM;SISTEMA;;
E000603;P00116;2026-08-03T12:58;CORRECAO;EXTRAIDO;EXTRAIDO;U03;;prazo corrigido
E000604;P00116;2026-08-03T12:58;VALIDACAO;EXTRAIDO;VALIDADO;U03;;
E000605;P00116;2026-08-03T12:58;ENVIO;VALIDADO;ACEITE;SISTEMA;;
E000607;P00117;2026-08-03T12:58;CORRECAO;EXTRAIDO;EXTRAIDO;U03;;serviço corrigido
E000608;P00117;2026-08-03T12:58;VALIDACAO;EXTRAIDO;VALIDADO;U03;;
E000609;P00117;2026-08-03T12:58;ENVIO;VALIDADO;ACEITE;SISTEMA;;
E000611;P00118;2026-08-03T12:58;CORRECAO;EXTRAIDO;EXTRAIDO;U03;;serviço corrigido
E000612;P00118;2026-08-03T12:58;VALIDACAO;EXTRAIDO;VALIDADO;U03;;
E000613;P00118;2026-08-03T12:58;ENVIO;VALIDADO;ACEITE;SISTEMA;;
E000621;P00119;2026-08-03T12:58;VALIDACAO;EXTRAIDO;VALIDADO;U03;;
E000622;P00119;2026-08-03T12:58;ENVIO;VALIDADO;ACEITE;SISTEMA;;
E000624;P00120;2026-08-03T12:58;VALIDACAO;EXTRAIDO;VALIDADO;U03;;
E000625;P00120;2026-08-03T12:58;ENVIO;VALIDADO;ACEITE;SISTEMA;;
E000627;P00121;2026-08-03T12:58;VALIDACAO;EXTRAIDO;VALIDADO;U03;;
E000628;P00121;2026-08-03T12:58;ENVIO;VALIDADO;ACEITE;SISTEMA;;
E000616;P00117;2026-08-03T13:03;MARCACAO;ACEITE;MARCADO;AGENTE;;V00771 05/08/2026 08:40
E000618;P00118;2026-08-03T13:09;MARCACAO;ACEITE;MARCADO;AGENTE;;V02145 24/08/2026 09:50
E000629;P00119;2026-08-03T13:09;MARCACAO;ACEITE;MARCADO;AGENTE;;V02734 31/08/2026 07:30
E000631;P00120;2026-08-03T13:10;MARCACAO;ACEITE;MARCADO;AGENTE;;V02806 01/09/2026 08:00
E000633;P00121;2026-08-03T13:12;MARCACAO;ACEITE;MARCADO;AGENTE;;V03427 09/09/2026 08:30
E000614;P00116;2026-08-03T13:15;MARCACAO;ACEITE;MARCADO;AGENTE;;V00704 04/08/2026 07:50
E000469;P00090;2026-08-03T15:29;TRIAGEM;EM_TRIAGEM;ACEITE;U04;;
E000470;P00090;2026-08-03T15:36;MARCACAO;ACEITE;MARCADO;AGENTE;;V00975 07/08/2026 09:00
E000311;P00060;2026-08-03T23:22;TRIAGEM;EM_TRIAGEM;ACEITE;U04;;
E000312;P00060;2026-08-03T23:23;MARCACAO;ACEITE;MARCADO;AGENTE;;V00657 04/08/2026 09:40
E000155;P00032;2026-08-04T07:40;REALIZACAO;MARCADO;REALIZADO;SISTEMA;;
E000575;P00109;2026-08-04T07:40;REALIZACAO;MARCADO;REALIZADO;SISTEMA;;
E000537;P00102;2026-08-04T07:50;REALIZACAO;MARCADO;REALIZADO;SISTEMA;;
E000597;P00113;2026-08-04T07:50;REALIZACAO;MARCADO;REALIZADO;SISTEMA;;
E000615;P00116;2026-08-04T08:00;REALIZACAO;MARCADO;REALIZADO;SISTEMA;;
E000436;P00083;2026-08-04T08:20;REALIZACAO;MARCADO;REALIZADO;SISTEMA;;
E000451;P00086;2026-08-04T08:40;REALIZACAO;MARCADO;REALIZADO;SISTEMA;;
E000635;P00122;2026-08-04T08:55;EXTRACAO;;EXTRAIDO;AGENTE;;confiança 0.97
E000641;P00123;2026-08-04T09:15;EXTRACAO;;EXTRAIDO;AGENTE;;confiança 0.97
E000644;P00124;2026-08-04T09:15;EXTRACAO;;EXTRAIDO;AGENTE;;confiança 0.94
E000487;P00092;2026-08-04T09:20;REALIZACAO;MARCADO;REALIZADO;SISTEMA;;
E000636;P00122;2026-08-04T09:30;VALIDACAO;EXTRAIDO;VALIDADO;U03;;
E000637;P00122;2026-08-04T09:30;ENVIO;VALIDADO;EM_TRIAGEM;SISTEMA;;
E000651;P00125;2026-08-04T09:35;EXTRACAO;;EXTRAIDO;AGENTE;;confiança 0.98
E000502;P00095;2026-08-04T09:40;REALIZACAO;MARCADO;REALIZADO;SISTEMA;;
E000656;P00126;2026-08-04T09:55;EXTRACAO;;EXTRAIDO;AGENTE;;confiança 0.84
E000659;P00127;2026-08-04T09:55;EXTRACAO;;EXTRAIDO;AGENTE;;confiança 0.95
E000517;P00098;2026-08-04T10:00;REALIZACAO;MARCADO;REALIZADO;SISTEMA;;
E000666;P00128;2026-08-04T10:15;EXTRACAO;;EXTRAIDO;AGENTE;;confiança 0.91
E000669;P00129;2026-08-04T10:15;EXTRACAO;;EXTRAIDO;AGENTE;;confiança 0.91
E000313;P00060;2026-08-04T10:20;REALIZACAO;MARCADO;REALIZADO;SISTEMA;;
E000676;P00130;2026-08-04T10:55;EXTRACAO;;EXTRAIDO;AGENTE;;confiança 0.97
E000679;P00131;2026-08-04T10:55;EXTRACAO;;EXTRAIDO;AGENTE;;confiança 0.98
E000682;P00132;2026-08-04T10:55;EXTRACAO;;EXTRAIDO;AGENTE;;confiança 0.91
E000667;P00128;2026-08-04T11:07;VALIDACAO;EXTRAIDO;VALIDADO;U03;;
E000668;P00128;2026-08-04T11:07;ENVIO;VALIDADO;ACEITE;SISTEMA;;
E000670;P00129;2026-08-04T11:07;VALIDACAO;EXTRAIDO;VALIDADO;U03;;
E000671;P00129;2026-08-04T11:07;ENVIO;VALIDADO;ACEITE;SISTEMA;;
E000652;P00125;2026-08-04T11:12;VALIDACAO;EXTRAIDO;VALIDADO;U03;;
E000653;P00125;2026-08-04T11:12;ENVIO;VALIDADO;ACEITE;SISTEMA;;
E000693;P00133;2026-08-04T11:15;EXTRACAO;;EXTRAIDO;AGENTE;;confiança 0.86
E000642;P00123;2026-08-04T11:20;VALIDACAO;EXTRAIDO;VALIDADO;U03;;
E000643;P00123;2026-08-04T11:20;ENVIO;VALIDADO;ACEITE;SISTEMA;;
E000645;P00124;2026-08-04T11:20;VALIDACAO;EXTRAIDO;VALIDADO;U03;;
E000646;P00124;2026-08-04T11:20;ENVIO;VALIDADO;ACEITE;SISTEMA;;
E000672;P00128;2026-08-04T11:20;MARCACAO;ACEITE;MARCADO;AGENTE;;V00806 05/08/2026 07:40
E000649;P00124;2026-08-04T11:23;MARCACAO;ACEITE;MARCADO;AGENTE;;V02251 25/08/2026 09:10
E000674;P00129;2026-08-04T11:25;MARCACAO;ACEITE;MARCADO;AGENTE;;V02252 25/08/2026 09:30
E000654;P00125;2026-08-04T11:31;MARCACAO;ACEITE;MARCADO;AGENTE;;V00850 05/08/2026 09:30
E000699;P00134;2026-08-04T11:35;EXTRACAO;;EXTRAIDO;AGENTE;;confiança 0.98
E000703;P00135;2026-08-04T11:35;EXTRACAO;;EXTRAIDO;AGENTE;;confiança 0.97
E000706;P00136;2026-08-04T11:35;EXTRACAO;;EXTRAIDO;AGENTE;;confiança 0.92
E000647;P00123;2026-08-04T11:39;MARCACAO;ACEITE;MARCADO;AGENTE;;V00823 05/08/2026 07:30
E000700;P00134;2026-08-04T11:53;CORRECAO;EXTRAIDO;EXTRAIDO;U03;;exame corrigido
E000701;P00134;2026-08-04T11:53;VALIDACAO;EXTRAIDO;VALIDADO;U03;;
E000702;P00134;2026-08-04T11:53;ENVIO;VALIDADO;ACEITE;SISTEMA;;
E000704;P00135;2026-08-04T11:53;VALIDACAO;EXTRAIDO;VALIDADO;U03;;
E000705;P00135;2026-08-04T11:53;ENVIO;VALIDADO;ACEITE;SISTEMA;;
E000707;P00136;2026-08-04T11:53;CORRECAO;EXTRAIDO;EXTRAIDO;U03;;prazo corrigido
E000708;P00136;2026-08-04T11:53;VALIDACAO;EXTRAIDO;VALIDADO;U03;;
E000709;P00136;2026-08-04T11:53;ENVIO;VALIDADO;ACEITE;SISTEMA;;
E000712;P00135;2026-08-04T11:59;MARCACAO;ACEITE;MARCADO;AGENTE;;V00877 06/08/2026 08:00
E000714;P00136;2026-08-04T12:00;MARCACAO;ACEITE;MARCADO;AGENTE;;V02253 25/08/2026 09:50
E000657;P00126;2026-08-04T12:11;VALIDACAO;EXTRAIDO;VALIDADO;U03;;
E000658;P00126;2026-08-04T12:11;ENVIO;VALIDADO;ACEITE;SISTEMA;;
E000660;P00127;2026-08-04T12:11;VALIDACAO;EXTRAIDO;VALIDADO;U03;;
E000661;P00127;2026-08-04T12:11;ENVIO;VALIDADO;ACEITE;SISTEMA;;
E000710;P00134;2026-08-04T12:11;MARCACAO;ACEITE;MARCADO;AGENTE;;V00825 05/08/2026 07:50
E000664;P00127;2026-08-04T12:14;MARCACAO;ACEITE;MARCADO;AGENTE;;V02250 25/08/2026 08:50
E000662;P00126;2026-08-04T12:23;MARCACAO;ACEITE;MARCADO;AGENTE;;V00805 05/08/2026 07:30
E000677;P00130;2026-08-04T13:08;VALIDACAO;EXTRAIDO;VALIDADO;U03;;
E000678;P00130;2026-08-04T13:08;ENVIO;VALIDADO;ACEITE;SISTEMA;;
E000680;P00131;2026-08-04T13:08;VALIDACAO;EXTRAIDO;VALIDADO;U03;;
E000681;P00131;2026-08-04T13:08;ENVIO;VALIDADO;ACEITE;SISTEMA;;
E000683;P00132;2026-08-04T13:08;VALIDACAO;EXTRAIDO;VALIDADO;U03;;
E000684;P00132;2026-08-04T13:08;ENVIO;VALIDADO;ACEITE;SISTEMA;;
E000689;P00132;2026-08-04T13:10;MARCACAO;ACEITE;MARCADO;AGENTE;;V02786 01/09/2026 09:10
E000685;P00130;2026-08-04T13:13;MARCACAO;ACEITE;MARCADO;AGENTE;;V00824 05/08/2026 07:40
E000687;P00131;2026-08-04T13:17;MARCACAO;ACEITE;MARCADO;AGENTE;;V02274 25/08/2026 09:00
E000694;P00133;2026-08-04T13:32;VALIDACAO;EXTRAIDO;VALIDADO;U03;;
E000695;P00133;2026-08-04T13:32;ENVIO;VALIDADO;EM_TRIAGEM;SISTEMA;;
E000638;P00122;2026-08-04T15:59;TRIAGEM;EM_TRIAGEM;ACEITE;U04;;
E000639;P00122;2026-08-04T16:14;MARCACAO;ACEITE;MARCADO;AGENTE;;V00976 07/08/2026 09:40
E000583;P00112;2026-08-05T05:18;TRIAGEM;EM_TRIAGEM;ACEITE;U04;;
E000584;P00112;2026-08-05T05:21;MARCACAO;ACEITE;MARCADO;AGENTE;;V00868 06/08/2026 09:40
E000648;P00123;2026-08-05T07:40;REALIZACAO;MARCADO;REALIZADO;SISTEMA;;
E000663;P00126;2026-08-05T07:40;REALIZACAO;MARCADO;REALIZADO;SISTEMA;;
E000673;P00128;2026-08-05T07:50;REALIZACAO;MARCADO;REALIZADO;SISTEMA;;
E000686;P00130;2026-08-05T07:50;REALIZACAO;MARCADO;REALIZADO;SISTEMA;;
E000711;P00134;2026-08-05T08:00;REALIZACAO;MARCADO;REALIZADO;SISTEMA;;
E000577;P00110;2026-08-05T08:20;REALIZACAO;MARCADO;REALIZADO;SISTEMA;;
E000599;P00114;2026-08-05T08:40;REALIZACAO;MARCADO;REALIZADO;SISTEMA;;
E000716;P00137;2026-08-05T08:55;EXTRACAO;;EXTRAIDO;AGENTE;;confiança 0.97
E000719;P00138;2026-08-05T08:55;EXTRACAO;;EXTRAIDO;AGENTE;;confiança 0.92
E000617;P00117;2026-08-05T09:00;REALIZACAO;MARCADO;REALIZADO;SISTEMA;;
E000726;P00139;2026-08-05T09:05;EXTRACAO;;EXTRAIDO;AGENTE;;confiança 0.94
E000732;P00140;2026-08-05T09:25;EXTRACAO;;EXTRAIDO;AGENTE;;confiança 0.87
E000736;P00141;2026-08-05T09:25;EXTRACAO;;EXTRAIDO;AGENTE;;confiança 0.87
E000740;P00142;2026-08-05T09:25;EXTRACAO;;EXTRAIDO;AGENTE;;confiança 0.88
E000733;P00140;2026-08-05T09:36;CORRECAO;EXTRAIDO;EXTRAIDO;U03;;prioridade corrigida
E000734;P00140;2026-08-05T09:36;VALIDACAO;EXTRAIDO;VALIDADO;U03;;
E000735;P00140;2026-08-05T09:36;ENVIO;VALIDADO;ACEITE;SISTEMA;;
E000737;P00141;2026-08-05T09:36;CORRECAO;EXTRAIDO;EXTRAIDO;U03;;exame corrigido
E000738;P00141;2026-08-05T09:36;VALIDACAO;EXTRAIDO;VALIDADO;U03;;
E000739;P00141;2026-08-05T09:36;ENVIO;VALIDADO;ACEITE;SISTEMA;;
E000741;P00142;2026-08-05T09:36;CORRECAO;EXTRAIDO;EXTRAIDO;U03;;prazo corrigido
E000742;P00142;2026-08-05T09:36;VALIDACAO;EXTRAIDO;VALIDADO;U03;;
E000743;P00142;2026-08-05T09:36;ENVIO;VALIDADO;ACEITE;SISTEMA;;
E000746;P00141;2026-08-05T09:37;MARCACAO;ACEITE;MARCADO;AGENTE;;V00986 07/08/2026 08:20
E000717;P00137;2026-08-05T09:38;VALIDACAO;EXTRAIDO;VALIDADO;U03;;
E000718;P00137;2026-08-05T09:38;ENVIO;VALIDADO;ACEITE;SISTEMA;;
E000720;P00138;2026-08-05T09:38;VALIDACAO;EXTRAIDO;VALIDADO;U03;;
E000721;P00138;2026-08-05T09:38;ENVIO;VALIDADO;ACEITE;SISTEMA;;
E000163;P00033;2026-08-05T09:40;REALIZACAO;MARCADO;REALIZADO;SISTEMA;;
E000751;P00143;2026-08-05T09:45;EXTRACAO;;EXTRAIDO;AGENTE;;confiança 0.83
E000754;P00144;2026-08-05T09:45;EXTRACAO;;EXTRAIDO;AGENTE;;confiança 0.96
E000757;P00145;2026-08-05T09:45;EXTRACAO;;EXTRAIDO;AGENTE;;confiança 0.84
E000727;P00139;2026-08-05T09:47;VALIDACAO;EXTRAIDO;VALIDADO;U03;;
E000728;P00139;2026-08-05T09:47;ENVIO;VALIDADO;EM_TRIAGEM;SISTEMA;;
E000744;P00140;2026-08-05T09:47;MARCACAO;ACEITE;MARCADO;AGENTE;;V00913 06/08/2026 07:30
E000724;P00138;2026-08-05T09:52;MARCACAO;ACEITE;MARCADO;AGENTE;;V04282 21/09/2026 08:50
E000722;P00137;2026-08-05T09:54;MARCACAO;ACEITE;MARCADO;AGENTE;;V04141 17/09/2026 07:30
E000748;P00142;2026-08-05T09:54;MARCACAO;ACEITE;MARCADO;AGENTE;;V02359 26/08/2026 09:10
E000655;P00125;2026-08-05T10:00;REALIZACAO;MARCADO;REALIZADO;SISTEMA;;
E000768;P00146;2026-08-05T10:05;EXTRACAO;;EXTRAIDO;AGENTE;;confiança 0.99
E000771;P00147;2026-08-05T10:05;EXTRACAO;;EXTRAIDO;AGENTE;;confiança 0.83
E000778;P00148;2026-08-05T10:35;EXTRACAO;;EXTRAIDO;AGENTE;;confiança 0.89
E000781;P00149;2026-08-05T10:35;EXTRACAO;;EXTRAIDO;AGENTE;;confiança 0.86
E000752;P00143;2026-08-05T10:39;VALIDACAO;EXTRAIDO;VALIDADO;U03;;
E000753;P00143;2026-08-05T10:39;ENVIO;VALIDADO;ACEITE;SISTEMA;;
E000755;P00144;2026-08-05T10:39;VALIDACAO;EXTRAIDO;VALIDADO;U03;;
E000756;P00144;2026-08-05T10:39;ENVIO;VALIDADO;ACEITE;SISTEMA;;
E000758;P00145;2026-08-05T10:39;VALIDACAO;EXTRAIDO;VALIDADO;U03;;
E000759;P00145;2026-08-05T10:39;ENVIO;VALIDADO;ACEITE;SISTEMA;;
E000762;P00144;2026-08-05T10:44;MARCACAO;ACEITE;MARCADO;AGENTE;;V00985 07/08/2026 08:00
E000760;P00143;2026-08-05T10:48;MARCACAO;ACEITE;MARCADO;AGENTE;;V00931 06/08/2026 07:30
E000764;P00145;2026-08-05T10:53;MARCACAO;ACEITE;MARCADO;AGENTE;;V02360 26/08/2026 09:30
E000769;P00146;2026-08-05T10:55;VALIDACAO;EXTRAIDO;VALIDADO;U03;;
E000770;P00146;2026-08-05T10:55;ENVIO;VALIDADO;ACEITE;SISTEMA;;
E000772;P00147;2026-08-05T10:55;VALIDACAO;EXTRAIDO;VALIDADO;U03;;
E000773;P00147;2026-08-05T10:55;ENVIO;VALIDADO;ACEITE;SISTEMA;;
E000788;P00150;2026-08-05T10:55;EXTRACAO;;EXTRAIDO;AGENTE;;confiança 0.89
E000776;P00147;2026-08-05T11:01;MARCACAO;ACEITE;MARCADO;AGENTE;;V02357 26/08/2026 08:30
E000789;P00150;2026-08-05T11:03;VALIDACAO;EXTRAIDO;VALIDADO;U03;;
E000790;P00150;2026-08-05T11:03;ENVIO;VALIDADO;ACEITE;SISTEMA;;
E000793;P00151;2026-08-05T11:05;EXTRACAO;;EXTRAIDO;AGENTE;;confiança 0.94
E000796;P00152;2026-08-05T11:05;EXTRACAO;;EXTRAIDO;AGENTE;;confiança 0.85
E000799;P00153;2026-08-05T11:05;EXTRACAO;;EXTRAIDO;AGENTE;;confiança 0.93
E000774;P00146;2026-08-05T11:06;MARCACAO;ACEITE;MARCADO;AGENTE;;V02199 24/08/2026 07:30
E000791;P00150;2026-08-05T11:16;MARCACAO;ACEITE;MARCADO;AGENTE;;V03632 10/09/2026 09:00
E000808;P00154;2026-08-05T11:35;EXTRACAO;;EXTRAIDO;AGENTE;;confiança 0.99
E000811;P00155;2026-08-05T11:35;EXTRACAO;;EXTRAIDO;AGENTE;;confiança 0.94
E000818;P00156;2026-08-05T11:45;EXTRACAO;;EXTRAIDO;AGENTE;;confiança 0.92
E000821;P00157;2026-08-05T11:45;EXTRACAO;;EXTRAIDO;AGENTE;;confiança 0.97
E000150;P00031;2026-08-05T12:30;REALIZACAO;MARCADO;REALIZADO;SISTEMA;;
E000779;P00148;2026-08-05T12:31;VALIDACAO;EXTRAIDO;VALIDADO;U03;;
E000780;P00148;2026-08-05T12:31;ENVIO;VALIDADO;ACEITE;SISTEMA;;
E000782;P00149;2026-08-05T12:31;VALIDACAO;EXTRAIDO;VALIDADO;U03;;
E000783;P00149;2026-08-05T12:31;ENVIO;VALIDADO;ACEITE;SISTEMA;;
E000786;P00149;2026-08-05T12:33;MARCACAO;ACEITE;MARCADO;AGENTE;;V02361 26/08/2026 09:50
E000809;P00154;2026-08-05T12:34;VALIDACAO;EXTRAIDO;VALIDADO;U03;;
E000810;P00154;2026-08-05T12:34;ENVIO;VALIDADO;ACEITE;SISTEMA;;
E000812;P00155;2026-08-05T12:34;VALIDACAO;EXTRAIDO;VALIDADO;U03;;
E000813;P00155;2026-08-05T12:34;ENVIO;VALIDADO;ACEITE;SISTEMA;;
E000784;P00148;2026-08-05T12:37;MARCACAO;ACEITE;MARCADO;AGENTE;;V00903 06/08/2026 09:40
E000814;P00154;2026-08-05T12:43;MARCACAO;ACEITE;MARCADO;AGENTE;;V00932 06/08/2026 07:40
E000816;P00155;2026-08-05T12:43;MARCACAO;ACEITE;MARCADO;AGENTE;;V02358 26/08/2026 08:50
E000794;P00151;2026-08-05T13:17;VALIDACAO;EXTRAIDO;VALIDADO;U03;;
E000795;P00151;2026-08-05T13:17;ENVIO;VALIDADO;ACEITE;SISTEMA;;
E000797;P00152;2026-08-05T13:17;VALIDACAO;EXTRAIDO;VALIDADO;U03;;
E000798;P00152;2026-08-05T13:17;ENVIO;VALIDADO;ACEITE;SISTEMA;;
E000800;P00153;2026-08-05T13:17;VALIDACAO;EXTRAIDO;VALIDADO;U03;;
E000801;P00153;2026-08-05T13:17;ENVIO;VALIDADO;ACEITE;SISTEMA;;
E000804;P00152;2026-08-05T13:24;MARCACAO;ACEITE;MARCADO;AGENTE;;V00988 07/08/2026 09:00
E000802;P00151;2026-08-05T13:34;MARCACAO;ACEITE;MARCADO;AGENTE;;V00915 06/08/2026 07:50
E000806;P00153;2026-08-05T13:36;MARCACAO;ACEITE;MARCADO;AGENTE;;V02363 26/08/2026 10:30
E000819;P00156;2026-08-05T13:39;VALIDACAO;EXTRAIDO;VALIDADO;U03;;
E000820;P00156;2026-08-05T13:39;ENVIO;VALIDADO;ACEITE;SISTEMA;;
E000822;P00157;2026-08-05T13:39;VALIDACAO;EXTRAIDO;VALIDADO;U03;;
E000823;P00157;2026-08-05T13:39;ENVIO;VALIDADO;ACEITE;SISTEMA;;
E000824;P00156;2026-08-05T13:40;MARCACAO;ACEITE;MARCADO;AGENTE;;V00914 06/08/2026 07:40
E000826;P00157;2026-08-05T13:43;MARCACAO;ACEITE;MARCADO;AGENTE;;V02362 26/08/2026 10:10
E000696;P00133;2026-08-05T16:24;TRIAGEM;EM_TRIAGEM;ACEITE;U04;;
E000697;P00133;2026-08-05T16:39;MARCACAO;ACEITE;MARCADO;AGENTE;;V01084 10/08/2026 09:40
E000745;P00140;2026-08-06T07:40;REALIZACAO;MARCADO;REALIZADO;SISTEMA;;
E000761;P00143;2026-08-06T07:40;REALIZACAO;MARCADO;REALIZADO;SISTEMA;;
E000815;P00154;2026-08-06T07:50;REALIZACAO;MARCADO;REALIZADO;SISTEMA;;
E000825;P00156;2026-08-06T07:50;REALIZACAO;MARCADO;REALIZADO;SISTEMA;;
E000803;P00151;2026-08-06T08:00;REALIZACAO;MARCADO;REALIZADO;SISTEMA;;
E000713;P00135;2026-08-06T08:20;REALIZACAO;MARCADO;REALIZADO;SISTEMA;;
E000828;P00158;2026-08-06T08:55;EXTRACAO;;EXTRAIDO;AGENTE;;confiança 0.92
E000831;P00159;2026-08-06T08:55;EXTRACAO;;EXTRAIDO;AGENTE;;confiança 0.95
E000834;P00160;2026-08-06T08:55;EXTRACAO;;EXTRAIDO;AGENTE;;confiança 0.88
E000843;P00161;2026-08-06T09:05;EXTRACAO;;EXTRAIDO;AGENTE;;confiança 0.85
E000847;P00162;2026-08-06T09:05;EXTRACAO;;EXTRAIDO;AGENTE;;confiança 0.85
E000850;P00163;2026-08-06T09:05;EXTRACAO;;EXTRAIDO;AGENTE;;confiança 0.86
E000859;P00164;2026-08-06T09:35;EXTRACAO;;EXTRAIDO;AGENTE;;confiança 0.96
E000862;P00165;2026-08-06T09:35;EXTRACAO;;EXTRAIDO;AGENTE;;confiança 0.98
E000349;P00067;2026-08-06T09:40;REALIZACAO;MARCADO;REALIZADO;SISTEMA;;
E000844;P00161;2026-08-06T09:40;CORRECAO;EXTRAIDO;EXTRAIDO;U03;;prazo corrigido
E000845;P00161;2026-08-06T09:40;VALIDACAO;EXTRAIDO;VALIDADO;U03;;
E000846;P00161;2026-08-06T09:40;ENVIO;VALIDADO;ACEITE;SISTEMA;;
E000848;P00162;2026-08-06T09:40;VALIDACAO;EXTRAIDO;VALIDADO;U03;;
E000849;P00162;2026-08-06T09:40;ENVIO;VALIDADO;ACEITE;SISTEMA;;
E000851;P00163;2026-08-06T09:40;VALIDACAO;EXTRAIDO;VALIDADO;U03;;
E000852;P00163;2026-08-06T09:40;ENVIO;VALIDADO;ACEITE;SISTEMA;;
E000853;P00161;2026-08-06T09:42;MARCACAO;ACEITE;MARCADO;AGENTE;;V01039 07/08/2026 07:30
E000855;P00162;2026-08-06T09:43;MARCACAO;ACEITE;MARCADO;AGENTE;;V01096 10/08/2026 09:00
E000857;P00163;2026-08-06T09:44;MARCACAO;ACEITE;MARCADO;AGENTE;;V02461 27/08/2026 08:50
E000785;P00148;2026-08-06T10:00;REALIZACAO;MARCADO;REALIZADO;SISTEMA;;
E000829;P00158;2026-08-06T10:15;VALIDACAO;EXTRAIDO;VALIDADO;U03;;
E000830;P00158;2026-08-06T10:15;ENVIO;VALIDADO;ACEITE;SISTEMA;;
E000832;P00159;2026-08-06T10:15;VALIDACAO;EXTRAIDO;VALIDADO;U03;;
E000833;P00159;2026-08-06T10:15;ENVIO;VALIDADO;ACEITE;SISTEMA;;
E000835;P00160;2026-08-06T10:15;VALIDACAO;EXTRAIDO;VALIDADO;U03;;
E000836;P00160;2026-08-06T10:15;ENVIO;VALIDADO;ACEITE;SISTEMA;;
E000869;P00166;2026-08-06T10:15;EXTRACAO;;EXTRAIDO;AGENTE;;confiança 0.88
E000873;P00167;2026-08-06T10:15;EXTRACAO;;EXTRAIDO;AGENTE;;confiança 0.98
E000876;P00168;2026-08-06T10:15;EXTRACAO;;EXTRAIDO;AGENTE;;confiança 0.84
E000839;P00159;2026-08-06T10:17;MARCACAO;ACEITE;MARCADO;AGENTE;;V01094 10/08/2026 08:20
E000585;P00112;2026-08-06T10:20;REALIZACAO;MARCADO;REALIZADO;SISTEMA;;
E000841;P00160;2026-08-06T10:25;MARCACAO;ACEITE;MARCADO;AGENTE;;V02460 27/08/2026 08:30
E000837;P00158;2026-08-06T10:32;MARCACAO;ACEITE;MARCADO;AGENTE;;V01021 07/08/2026 07:30
E000886;P00169;2026-08-06T10:35;EXTRACAO;;EXTRAIDO;AGENTE;;confiança 0.85
E000889;P00170;2026-08-06T10:35;EXTRACAO;;EXTRAIDO;AGENTE;;confiança 0.85
E000892;P00171;2026-08-06T10:35;EXTRACAO;;EXTRAIDO;AGENTE;;confiança 0.87
E000906;P00172;2026-08-06T10:45;EXTRACAO;;EXTRAIDO;AGENTE;;confiança 0.88
E000909;P00173;2026-08-06T10:45;EXTRACAO;;EXTRAIDO;AGENTE;;confiança 0.94
E000907;P00172;2026-08-06T10:52;VALIDACAO;EXTRAIDO;VALIDADO;U03;;
E000908;P00172;2026-08-06T10:52;ENVIO;VALIDADO;ACEITE;SISTEMA;;
E000910;P00173;2026-08-06T10:52;VALIDACAO;EXTRAIDO;VALIDADO;U03;;
E000911;P00173;2026-08-06T10:52;ENVIO;VALIDADO;ACEITE;SISTEMA;;
E000914;P00173;2026-08-06T10:56;MARCACAO;ACEITE;MARCADO;AGENTE;;V02463 27/08/2026 09:30
E000912;P00172;2026-08-06T11:11;MARCACAO;ACEITE;MARCADO;AGENTE;;V01009 07/08/2026 09:00
E000887;P00169;2026-08-06T11:24;VALIDACAO;EXTRAIDO;VALIDADO;U03;;
E000888;P00169;2026-08-06T11:24;ENVIO;VALIDADO;ACEITE;SISTEMA;;
E000890;P00170;2026-08-06T11:24;VALIDACAO;EXTRAIDO;VALIDADO;U03;;
E000891;P00170;2026-08-06T11:24;ENVIO;VALIDADO;ACEITE;SISTEMA;;
E000893;P00171;2026-08-06T11:24;VALIDACAO;EXTRAIDO;VALIDADO;U03;;
E000894;P00171;2026-08-06T11:24;ENVIO;VALIDADO;ACEITE;SISTEMA;;
E000899;P00170;2026-08-06T11:32;MARCACAO;ACEITE;MARCADO;AGENTE;;V01201 11/08/2026 08:00
E000916;P00174;2026-08-06T11:35;EXTRACAO;;EXTRAIDO;AGENTE;;confiança 0.92
E000919;P00175;2026-08-06T11:35;EXTRACAO;;EXTRAIDO;AGENTE;;confiança 0.94
E000860;P00164;2026-08-06T11:38;VALIDACAO;EXTRAIDO;VALIDADO;U03;;
E000861;P00164;2026-08-06T11:38;ENVIO;VALIDADO;ACEITE;SISTEMA;;
E000863;P00165;2026-08-06T11:38;VALIDACAO;EXTRAIDO;VALIDADO;U03;;
E000864;P00165;2026-08-06T11:38;ENVIO;VALIDADO;ACEITE;SISTEMA;;
E000865;P00164;2026-08-06T11:42;MARCACAO;ACEITE;MARCADO;AGENTE;;V01022 07/08/2026 07:40
E000895;P00169;2026-08-06T11:43;MARCACAO;ACEITE;MARCADO;AGENTE;;V01041 07/08/2026 07:50
E000901;P00171;2026-08-06T11:43;MARCACAO;ACEITE;MARCADO;AGENTE;;V02466 27/08/2026 10:30
E000870;P00166;2026-08-06T11:44;CORRECAO;EXTRAIDO;EXTRAIDO;U03;;prioridade corrigida
E000871;P00166;2026-08-06T11:44;VALIDACAO;EXTRAIDO;VALIDADO;U03;;
E000872;P00166;2026-08-06T11:44;ENVIO;VALIDADO;ACEITE;SISTEMA;;
E000874;P00167;2026-08-06T11:44;VALIDACAO;EXTRAIDO;VALIDADO;U03;;
E000875;P00167;2026-08-06T11:44;ENVIO;VALIDADO;ACEITE;SISTEMA;;
E000877;P00168;2026-08-06T11:44;CORRECAO;EXTRAIDO;EXTRAIDO;U03;;prazo corrigido
E000878;P00168;2026-08-06T11:44;VALIDACAO;EXTRAIDO;VALIDADO;U03;;
E000879;P00168;2026-08-06T11:44;ENVIO;VALIDADO;ACEITE;SISTEMA;;
E000917;P00174;2026-08-06T11:46;VALIDACAO;EXTRAIDO;VALIDADO;U03;;
E000918;P00174;2026-08-06T11:46;ENVIO;VALIDADO;ACEITE;SISTEMA;;
E000920;P00175;2026-08-06T11:46;VALIDACAO;EXTRAIDO;VALIDADO;U03;;
E000921;P00175;2026-08-06T11:46;ENVIO;VALIDADO;ACEITE;SISTEMA;;
E000924;P00175;2026-08-06T11:47;MARCACAO;ACEITE;MARCADO;AGENTE;;V02465 27/08/2026 10:10
E000867;P00165;2026-08-06T11:54;MARCACAO;ACEITE;MARCADO;AGENTE;;V02462 27/08/2026 09:10
E000880;P00166;2026-08-06T11:55;MARCACAO;ACEITE;MARCADO;AGENTE;;V01040 07/08/2026 07:40
E000922;P00174;2026-08-06T11:55;MARCACAO;ACEITE;MARCADO;AGENTE;;V01024 07/08/2026 08:00
E000884;P00168;2026-08-06T11:56;MARCACAO;ACEITE;MARCADO;AGENTE;;V02464 27/08/2026 09:50
E000882;P00167;2026-08-06T11:59;MARCACAO;ACEITE;MARCADO;AGENTE;;V01097 10/08/2026 09:20
E000838;P00158;2026-08-07T07:40;REALIZACAO;MARCADO;REALIZADO;SISTEMA;;
E000854;P00161;2026-08-07T07:40;REALIZACAO;MARCADO;REALIZADO;SISTEMA;;
E000866;P00164;2026-08-07T07:50;REALIZACAO;MARCADO;REALIZADO;SISTEMA;;
E000881;P00166;2026-08-07T07:50;REALIZACAO;MARCADO;REALIZADO;SISTEMA;;
E000923;P00174;2026-08-07T08:10;REALIZACAO;MARCADO;REALIZADO;SISTEMA;;
E000763;P00144;2026-08-07T08:20;REALIZACAO;MARCADO;REALIZADO;SISTEMA;;
E000747;P00141;2026-08-07T08:40;REALIZACAO;MARCADO;REALIZADO;SISTEMA;;
E000926;P00176;2026-08-07T08:45;EXTRACAO;;EXTRAIDO;AGENTE;;confiança 0.95
E000929;P00177;2026-08-07T08:45;EXTRACAO;;EXTRAIDO;AGENTE;;confiança 0.96
E000932;P00178;2026-08-07T08:45;EXTRACAO;;EXTRAIDO;AGENTE;;confiança 0.92
E000944;P00179;2026-08-07T09:15;EXTRACAO;;EXTRAIDO;AGENTE;;confiança 0.94
E000805;P00152;2026-08-07T09:20;REALIZACAO;MARCADO;REALIZADO;SISTEMA;;
E000913;P00172;2026-08-07T09:20;REALIZACAO;MARCADO;REALIZADO;SISTEMA;;
E000951;P00180;2026-08-07T09:35;EXTRACAO;;EXTRAIDO;AGENTE;;confiança 0.91
E000471;P00090;2026-08-07T09:40;REALIZACAO;MARCADO;REALIZADO;SISTEMA;;
E000952;P00180;2026-08-07T09:54;VALIDACAO;EXTRAIDO;VALIDADO;U03;;
E000953;P00180;2026-08-07T09:54;ENVIO;VALIDADO;ACEITE;SISTEMA;;
E000956;P00181;2026-08-07T09:55;EXTRACAO;;EXTRAIDO;AGENTE;;confiança 0.97
E000954;P00180;2026-08-07T10:01;MARCACAO;ACEITE;MARCADO;AGENTE;;V01173 10/08/2026 09:00
E000962;P00182;2026-08-07T10:15;EXTRACAO;;EXTRAIDO;AGENTE;;confiança 0.89
E000965;P00183;2026-08-07T10:15;EXTRACAO;;EXTRAIDO;AGENTE;;confiança 0.94
E000640;P00122;2026-08-07T10:20;REALIZACAO;MARCADO;REALIZADO;SISTEMA;;
E000927;P00176;2026-08-07T10:21;VALIDACAO;EXTRAIDO;VALIDADO;U03;;
E000928;P00176;2026-08-07T10:21;ENVIO;VALIDADO;ACEITE;SISTEMA;;
E000930;P00177;2026-08-07T10:21;VALIDACAO;EXTRAIDO;VALIDADO;U03;;
E000931;P00177;2026-08-07T10:21;ENVIO;VALIDADO;ACEITE;SISTEMA;;
E000933;P00178;2026-08-07T10:21;VALIDACAO;EXTRAIDO;VALIDADO;U03;;
E000934;P00178;2026-08-07T10:21;ENVIO;VALIDADO;ACEITE;SISTEMA;;
E000935;P00176;2026-08-07T10:23;MARCACAO;ACEITE;MARCADO;AGENTE;;V01147 10/08/2026 07:30
E000957;P00181;2026-08-07T10:23;VALIDACAO;EXTRAIDO;VALIDADO;U03;;
E000958;P00181;2026-08-07T10:23;ENVIO;VALIDADO;EM_TRIAGEM;SISTEMA;;
E000941;P00178;2026-08-07T10:24;MARCACAO;ACEITE;MARCADO;AGENTE;;V02570 28/08/2026 09:10
E000943;P00178;2026-08-07T10:24;REMARCACAO;MARCADO;MARCADO;SISTEMA;Dependência não cumprida (falta a exame);
E000972;P00184;2026-08-07T10:35;EXTRACAO;;EXTRAIDO;AGENTE;;confiança 0.83
E000975;P00185;2026-08-07T10:35;EXTRACAO;;EXTRAIDO;AGENTE;;confiança 0.92
E000978;P00186;2026-08-07T10:35;EXTRACAO;;EXTRAIDO;AGENTE;;confiança 0.97
E000937;P00177;2026-08-07T10:38;MARCACAO;ACEITE;MARCADO;AGENTE;;V01202 11/08/2026 08:20
E000896;P00169;2026-08-07T10:50;FALTA;MARCADO;FALTOU;SISTEMA;Doente faltou;
E000987;P00187;2026-08-07T10:55;EXTRACAO;;EXTRAIDO;AGENTE;;confiança 0.94
E000945;P00179;2026-08-07T11:14;CORRECAO;EXTRAIDO;EXTRAIDO;U03;;prioridade corrigida
E000946;P00179;2026-08-07T11:14;VALIDACAO;EXTRAIDO;VALIDADO;U03;;
E000947;P00179;2026-08-07T11:14;ENVIO;VALIDADO;EM_TRIAGEM;SISTEMA;;
E000963;P00182;2026-08-07T11:16;VALIDACAO;EXTRAIDO;VALIDADO;U03;;
E000964;P00182;2026-08-07T11:16;ENVIO;VALIDADO;ACEITE;SISTEMA;;
E000966;P00183;2026-08-07T11:16;VALIDACAO;EXTRAIDO;VALIDADO;U03;;
E000967;P00183;2026-08-07T11:16;ENVIO;VALIDADO;ACEITE;SISTEMA;;
E000968;P00182;2026-08-07T11:19;MARCACAO;ACEITE;MARCADO;AGENTE;;V01130 10/08/2026 07:40
E000970;P00183;2026-08-07T11:29;MARCACAO;ACEITE;MARCADO;AGENTE;;V02571 28/08/2026 09:30
E000993;P00188;2026-08-07T11:35;EXTRACAO;;EXTRAIDO;AGENTE;;confiança 0.84
E000996;P00189;2026-08-07T11:35;EXTRACAO;;EXTRAIDO;AGENTE;;confiança 0.86
E000999;P00190;2026-08-07T11:35;EXTRACAO;;EXTRAIDO;AGENTE;;confiança 0.85
E001008;P00191;2026-08-07T11:45;EXTRACAO;;EXTRAIDO;AGENTE;;confiança 0.93
E001011;P00192;2026-08-07T11:45;EXTRACAO;;EXTRAIDO;AGENTE;;confiança 0.93
E000897;P00169;2026-08-07T11:50;REMARCACAO;FALTOU;MARCADO;AGENTE;Falta do doente;nova data 10/08/2026 07:30
E000994;P00188;2026-08-07T12:09;VALIDACAO;EXTRAIDO;VALIDADO;U03;;
E000995;P00188;2026-08-07T12:09;ENVIO;VALIDADO;ACEITE;SISTEMA;;
E000997;P00189;2026-08-07T12:09;VALIDACAO;EXTRAIDO;VALIDADO;U03;;
E000998;P00189;2026-08-07T12:09;ENVIO;VALIDADO;ACEITE;SISTEMA;;
E001000;P00190;2026-08-07T12:09;VALIDACAO;EXTRAIDO;VALIDADO;U03;;
E001001;P00190;2026-08-07T12:09;ENVIO;VALIDADO;ACEITE;SISTEMA;;
E001002;P00188;2026-08-07T12:19;MARCACAO;ACEITE;MARCADO;AGENTE;;V01131 10/08/2026 07:50
E001006;P00190;2026-08-07T12:27;MARCACAO;ACEITE;MARCADO;AGENTE;;V02573 28/08/2026 10:10
E001004;P00189;2026-08-07T12:28;MARCACAO;ACEITE;MARCADO;AGENTE;;V01205 11/08/2026 09:20
E000988;P00187;2026-08-07T12:33;VALIDACAO;EXTRAIDO;VALIDADO;U03;;
E000989;P00187;2026-08-07T12:33;ENVIO;VALIDADO;EM_TRIAGEM;SISTEMA;;
E000973;P00184;2026-08-07T12:34;VALIDACAO;EXTRAIDO;VALIDADO;U03;;
E000974;P00184;2026-08-07T12:34;ENVIO;VALIDADO;ACEITE;SISTEMA;;
E000976;P00185;2026-08-07T12:34;VALIDACAO;EXTRAIDO;VALIDADO;U03;;
E000977;P00185;2026-08-07T12:34;ENVIO;VALIDADO;ACEITE;SISTEMA;;
E000979;P00186;2026-08-07T12:34;VALIDACAO;EXTRAIDO;VALIDADO;U03;;
E000980;P00186;2026-08-07T12:34;ENVIO;VALIDADO;ACEITE;SISTEMA;;
E000983;P00185;2026-08-07T12:36;MARCACAO;ACEITE;MARCADO;AGENTE;;V01203 11/08/2026 08:40
E000985;P00186;2026-08-07T12:42;MARCACAO;ACEITE;MARCADO;AGENTE;;V02572 28/08/2026 09:50
E000981;P00184;2026-08-07T12:48;MARCACAO;ACEITE;MARCADO;AGENTE;;V01148 10/08/2026 07:40
E000959;P00181;2026-08-07T13:52;TRIAGEM;EM_TRIAGEM;ACEITE;U04;;
E001009;P00191;2026-08-07T14:00;VALIDACAO;EXTRAIDO;VALIDADO;U03;;
E001010;P00191;2026-08-07T14:00;ENVIO;VALIDADO;ACEITE;SISTEMA;;
E001012;P00192;2026-08-07T14:00;VALIDACAO;EXTRAIDO;VALIDADO;U03;;
E001013;P00192;2026-08-07T14:00;ENVIO;VALIDADO;ACEITE;SISTEMA;;
E000960;P00181;2026-08-07T14:10;MARCACAO;ACEITE;MARCADO;AGENTE;;V01191 11/08/2026 09:00
E001014;P00191;2026-08-07T14:14;MARCACAO;ACEITE;MARCADO;AGENTE;;V01149 10/08/2026 07:50
E001016;P00192;2026-08-07T14:15;MARCACAO;ACEITE;MARCADO;AGENTE;;V02569 28/08/2026 08:50
E000729;P00139;2026-08-07T19:13;TRIAGEM;EM_TRIAGEM;ACEITE;U04;;
E000730;P00139;2026-08-07T19:19;MARCACAO;ACEITE;MARCADO;AGENTE;;V01083 10/08/2026 09:00
E000990;P00187;2026-08-10T05:21;TRIAGEM;EM_TRIAGEM;ACEITE;U04;;
E000991;P00187;2026-08-10T05:39;MARCACAO;ACEITE;MARCADO;AGENTE;;V01192 11/08/2026 09:40
E000898;P00169;2026-08-10T07:40;REALIZACAO;MARCADO;REALIZADO;SISTEMA;;
E000936;P00176;2026-08-10T07:40;REALIZACAO;MARCADO;REALIZADO;SISTEMA;;
E000969;P00182;2026-08-10T07:50;REALIZACAO;MARCADO;REALIZADO;SISTEMA;;
E000982;P00184;2026-08-10T07:50;REALIZACAO;MARCADO;REALIZADO;SISTEMA;;
E001003;P00188;2026-08-10T08:00;REALIZACAO;MARCADO;REALIZADO;SISTEMA;;
E001015;P00191;2026-08-10T08:00;REALIZACAO;MARCADO;REALIZADO;SISTEMA;;
E000840;P00159;2026-08-10T08:40;REALIZACAO;MARCADO;REALIZADO;SISTEMA;;
E001018;P00193;2026-08-10T08:45;EXTRACAO;;EXTRAIDO;AGENTE;;confiança 0.98
E001021;P00194;2026-08-10T08:45;EXTRACAO;;EXTRAIDO;AGENTE;;confiança 0.91
E001024;P00195;2026-08-10T08:45;EXTRACAO;;EXTRAIDO;AGENTE;;confiança 0.93
E001019;P00193;2026-08-10T08:58;VALIDACAO;EXTRAIDO;VALIDADO;U03;;
E001020;P00193;2026-08-10T08:58;ENVIO;VALIDADO;ACEITE;SISTEMA;;
E001022;P00194;2026-08-10T08:58;VALIDACAO;EXTRAIDO;VALIDADO;U03;;
E001023;P00194;2026-08-10T08:58;ENVIO;VALIDADO;ACEITE;SISTEMA;;
E001025;P00195;2026-08-10T08:58;VALIDACAO;EXTRAIDO;VALIDADO;U03;;
E001026;P00195;2026-08-10T08:58;ENVIO;VALIDADO;ACEITE;SISTEMA;;
E001031;P00195;2026-08-10T09:03;MARCACAO;ACEITE;MARCADO;AGENTE;;V02676 31/08/2026 08:30
E001029;P00194;2026-08-10T09:04;MARCACAO;ACEITE;MARCADO;AGENTE;;V01305 12/08/2026 08:20
E001027;P00193;2026-08-10T09:06;MARCACAO;ACEITE;MARCADO;AGENTE;;V01255 11/08/2026 07:30
E001033;P00196;2026-08-10T09:15;EXTRACAO;;EXTRAIDO;AGENTE;;confiança 0.99
E000856;P00162;2026-08-10T09:20;REALIZACAO;MARCADO;REALIZADO;SISTEMA;;
E000955;P00180;2026-08-10T09:30;REALIZACAO;MARCADO;REALIZADO;SISTEMA;;
E001038;P00197;2026-08-10T09:35;EXTRACAO;;EXTRAIDO;AGENTE;;confiança 0.89
E001041;P00198;2026-08-10T09:35;EXTRACAO;;EXTRAIDO;AGENTE;;confiança 0.85
E001044;P00199;2026-08-10T09:35;EXTRACAO;;EXTRAIDO;AGENTE;;confiança 0.95
E000731;P00139;2026-08-10T09:40;REALIZACAO;MARCADO;REALIZADO;SISTEMA;;
E000883;P00167;2026-08-10T09:40;REALIZACAO;MARCADO;REALIZADO;SISTEMA;;
E001039;P00197;2026-08-10T09:53;VALIDACAO;EXTRAIDO;VALIDADO;U03;;
E001040;P00197;2026-08-10T09:53;ENVIO;VALIDADO;ACEITE;SISTEMA;;
E001042;P00198;2026-08-10T09:53;VALIDACAO;EXTRAIDO;VALIDADO;U03;;
E001043;P00198;2026-08-10T09:53;ENVIO;VALIDADO;ACEITE;SISTEMA;;
E001045;P00199;2026-08-10T09:53;VALIDACAO;EXTRAIDO;VALIDADO;U03;;
E001046;P00199;2026-08-10T09:53;ENVIO;VALIDADO;ACEITE;SISTEMA;;
E001049;P00198;2026-08-10T09:54;MARCACAO;ACEITE;MARCADO;AGENTE;;V01304 12/08/2026 08:00
E001053;P00200;2026-08-10T09:55;EXTRACAO;;EXTRAIDO;AGENTE;;confiança 0.87
E001051;P00199;2026-08-10T09:57;MARCACAO;ACEITE;MARCADO;AGENTE;;V02678 31/08/2026 09:10
E001047;P00197;2026-08-10T10:02;MARCACAO;ACEITE;MARCADO;AGENTE;;V01237 11/08/2026 07:30
E001054;P00200;2026-08-10T10:05;VALIDACAO;EXTRAIDO;VALIDADO;U03;;
E001055;P00200;2026-08-10T10:05;ENVIO;VALIDADO;EM_TRIAGEM;SISTEMA;;
E000698;P00133;2026-08-10T10:20;REALIZACAO;MARCADO;REALIZADO;SISTEMA;;
E000948;P00179;2026-08-10T10:30;TRIAGEM;EM_TRIAGEM;ACEITE;U04;;
E001034;P00196;2026-08-10T10:40;VALIDACAO;EXTRAIDO;VALIDADO;U03;;
E001035;P00196;2026-08-10T10:40;ENVIO;VALIDADO;ACEITE;SISTEMA;;
E000949;P00179;2026-08-10T10:49;MARCACAO;ACEITE;MARCADO;AGENTE;;V01402 13/08/2026 09:00
E001036;P00196;2026-08-10T10:49;MARCACAO;ACEITE;MARCADO;AGENTE;;V01281 11/08/2026 09:00
E001059;P00201;2026-08-10T10:55;EXTRACAO;;EXTRAIDO;AGENTE;;confiança 0.89
E001064;P00202;2026-08-10T11:15;EXTRACAO;;EXTRAIDO;AGENTE;;confiança 0.92
E001068;P00203;2026-08-10T11:15;EXTRACAO;;EXTRAIDO;AGENTE;;confiança 0.91
E001079;P00204;2026-08-10T11:25;EXTRACAO;;EXTRAIDO;AGENTE;;confiança 0.98
E001082;P00205;2026-08-10T11:25;EXTRACAO;;EXTRAIDO;AGENTE;;confiança 0.97
E001089;P00206;2026-08-10T11:55;EXTRACAO;;EXTRAIDO;AGENTE;;confiança 0.91
E001060;P00201;2026-08-10T12:00;VALIDACAO;EXTRAIDO;VALIDADO;U03;;
E001061;P00201;2026-08-10T12:00;ENVIO;VALIDADO;ACEITE;SISTEMA;;
E001062;P00201;2026-08-10T12:01;MARCACAO;ACEITE;MARCADO;AGENTE;;V01284 11/08/2026 10:30
E001065;P00202;2026-08-10T12:22;CORRECAO;EXTRAIDO;EXTRAIDO;U03;;exame corrigido
E001066;P00202;2026-08-10T12:22;VALIDACAO;EXTRAIDO;VALIDADO;U03;;
E001067;P00202;2026-08-10T12:22;ENVIO;VALIDADO;ACEITE;SISTEMA;;
E001069;P00203;2026-08-10T12:22;CORRECAO;EXTRAIDO;EXTRAIDO;U03;;prazo corrigido
E001070;P00203;2026-08-10T12:22;VALIDACAO;EXTRAIDO;VALIDADO;U03;;
E001071;P00203;2026-08-10T12:22;ENVIO;VALIDADO;ACEITE;SISTEMA;;
E001080;P00204;2026-08-10T12:36;VALIDACAO;EXTRAIDO;VALIDADO;U03;;
E001081;P00204;2026-08-10T12:36;ENVIO;VALIDADO;ACEITE;SISTEMA;;
E001083;P00205;2026-08-10T12:36;VALIDACAO;EXTRAIDO;VALIDADO;U03;;
E001084;P00205;2026-08-10T12:36;ENVIO;VALIDADO;ACEITE;SISTEMA;;
E001085;P00204;2026-08-10T12:37;MARCACAO;ACEITE;MARCADO;AGENTE;;V01256 11/08/2026 07:40
E001072;P00202;2026-08-10T12:38;MARCACAO;ACEITE;MARCADO;AGENTE;;V01226 11/08/2026 09:20
E001076;P00203;2026-08-10T12:42;MARCACAO;ACEITE;MARCADO;AGENTE;;V02677 31/08/2026 08:50
E001078;P00203;2026-08-10T12:42;REMARCACAO;MARCADO;MARCADO;SISTEMA;Dependência não cumprida (falta a exame);
E001090;P00206;2026-08-10T12:43;CORRECAO;EXTRAIDO;EXTRAIDO;U03;;prazo corrigido
E001091;P00206;2026-08-10T12:43;VALIDACAO;EXTRAIDO;VALIDADO;U03;;
E001092;P00206;2026-08-10T12:43;ENVIO;VALIDADO;EM_TRIAGEM;SISTEMA;;
E001087;P00205;2026-08-10T12:50;MARCACAO;ACEITE;MARCADO;AGENTE;;V02679 31/08/2026 09:30
E001028;P00193;2026-08-11T07:40;REALIZACAO;MARCADO;REALIZADO;SISTEMA;;
E001048;P00197;2026-08-11T07:40;REALIZACAO;MARCADO;REALIZADO;SISTEMA;;
E001086;P00204;2026-08-11T07:50;REALIZACAO;MARCADO;REALIZADO;SISTEMA;;
E000900;P00170;2026-08-11T08:20;REALIZACAO;MARCADO;REALIZADO;SISTEMA;;
E001096;P00207;2026-08-11T08:55;EXTRACAO;;EXTRAIDO;AGENTE;;confiança 0.86
E000984;P00185;2026-08-11T09:00;REALIZACAO;MARCADO;REALIZADO;SISTEMA;;
E001097;P00207;2026-08-11T09:07;VALIDACAO;EXTRAIDO;VALIDADO;U03;;
E001098;P00207;2026-08-11T09:07;ENVIO;VALIDADO;ACEITE;SISTEMA;;
E001099;P00207;2026-08-11T09:09;MARCACAO;ACEITE;MARCADO;AGENTE;;V01385 12/08/2026 09:30
E001101;P00208;2026-08-11T09:15;EXTRACAO;;EXTRAIDO;AGENTE;;confiança 0.96
E001104;P00209;2026-08-11T09:15;EXTRACAO;;EXTRAIDO;AGENTE;;confiança 0.91
E001107;P00210;2026-08-11T09:15;EXTRACAO;;EXTRAIDO;AGENTE;;confiança 0.94
E001037;P00196;2026-08-11T09:30;REALIZACAO;MARCADO;REALIZADO;SISTEMA;;
E001116;P00211;2026-08-11T09:35;EXTRACAO;;EXTRAIDO;AGENTE;;confiança 0.95
E000961;P00181;2026-08-11T09:40;REALIZACAO;MARCADO;REALIZADO;SISTEMA;;
E001005;P00189;2026-08-11T09:40;REALIZACAO;MARCADO;REALIZADO;SISTEMA;;
E001121;P00212;2026-08-11T09:55;EXTRACAO;;EXTRAIDO;AGENTE;;confiança 0.85
E001124;P00213;2026-08-11T09:55;EXTRACAO;;EXTRAIDO;AGENTE;;confiança 0.96
E001127;P00214;2026-08-11T09:55;EXTRACAO;;EXTRAIDO;AGENTE;;confiança 0.83
E001136;P00215;2026-08-11T10:05;EXTRACAO;;EXTRAIDO;AGENTE;;confiança 0.94
E001102;P00208;2026-08-11T10:07;VALIDACAO;EXTRAIDO;VALIDADO;U03;;
E001103;P00208;2026-08-11T10:07;ENVIO;VALIDADO;ACEITE;SISTEMA;;
E001105;P00209;2026-08-11T10:07;VALIDACAO;EXTRAIDO;VALIDADO;U03;;
E001106;P00209;2026-08-11T10:07;ENVIO;VALIDADO;ACEITE;SISTEMA;;
E001108;P00210;2026-08-11T10:07;VALIDACAO;EXTRAIDO;VALIDADO;U03;;
E001109;P00210;2026-08-11T10:07;ENVIO;VALIDADO;ACEITE;SISTEMA;;
E001112;P00209;2026-08-11T10:11;MARCACAO;ACEITE;MARCADO;AGENTE;;V01413 13/08/2026 08:20
E001110;P00208;2026-08-11T10:18;MARCACAO;ACEITE;MARCADO;AGENTE;;V01358 12/08/2026 07:30
E000992;P00187;2026-08-11T10:20;REALIZACAO;MARCADO;REALIZADO;SISTEMA;;
E001137;P00215;2026-08-11T10:22;VALIDACAO;EXTRAIDO;VALIDADO;U03;;
E001138;P00215;2026-08-11T10:22;ENVIO;VALIDADO;ACEITE;SISTEMA;;
E001139;P00215;2026-08-11T10:25;MARCACAO;ACEITE;MARCADO;AGENTE;;V01386 12/08/2026 10:00
E001114;P00210;2026-08-11T10:27;MARCACAO;ACEITE;MARCADO;AGENTE;;V02787 01/09/2026 09:30
E001141;P00216;2026-08-11T10:35;EXTRACAO;;EXTRAIDO;AGENTE;;confiança 0.94
E001144;P00217;2026-08-11T10:35;EXTRACAO;;EXTRAIDO;AGENTE;;confiança 0.86
E001142;P00216;2026-08-11T10:41;VALIDACAO;EXTRAIDO;VALIDADO;U03;;
E001143;P00216;2026-08-11T10:41;ENVIO;VALIDADO;ACEITE;SISTEMA;;
E001145;P00217;2026-08-11T10:41;VALIDACAO;EXTRAIDO;VALIDADO;U03;;
E001146;P00217;2026-08-11T10:41;ENVIO;VALIDADO;ACEITE;SISTEMA;;
E001149;P00218;2026-08-11T10:55;EXTRACAO;;EXTRAIDO;AGENTE;;confiança 0.87
E001147;P00216;2026-08-11T10:57;MARCACAO;ACEITE;MARCADO;AGENTE;;V04787 25/09/2026 08:00
E001148;P00217;2026-08-11T10:59;MARCACAO;ACEITE;MARCADO;AGENTE;;V04924 29/09/2026 08:30
E001063;P00201;2026-08-11T11:00;REALIZACAO;MARCADO;REALIZADO;SISTEMA;;
E001117;P00211;2026-08-11T11:01;VALIDACAO;EXTRAIDO;VALIDADO;U03;;
E001118;P00211;2026-08-11T11:01;ENVIO;VALIDADO;ACEITE;SISTEMA;;
E001155;P00219;2026-08-11T11:05;EXTRACAO;;EXTRAIDO;AGENTE;;confiança 0.86
E001158;P00220;2026-08-11T11:05;EXTRACAO;;EXTRAIDO;AGENTE;;confiança 0.88
E001119;P00211;2026-08-11T11:07;MARCACAO;ACEITE;MARCADO;AGENTE;;V01384 12/08/2026 09:00
E000938;P00177;2026-08-11T11:20;FALTA;MARCADO;FALTOU;SISTEMA;Doente faltou;
E001165;P00221;2026-08-11T11:35;EXTRACAO;;EXTRAIDO;AGENTE;;confiança 0.87
E001173;P00222;2026-08-11T11:45;EXTRACAO;;EXTRAIDO;AGENTE;;confiança 0.87
E001150;P00218;2026-08-11T11:56;VALIDACAO;EXTRAIDO;VALIDADO;U03;;
E001151;P00218;2026-08-11T11:56;ENVIO;VALIDADO;EM_TRIAGEM;SISTEMA;;
E001166;P00221;2026-08-11T12:04;VALIDACAO;EXTRAIDO;VALIDADO;U03;;
E001167;P00221;2026-08-11T12:04;ENVIO;VALIDADO;EM_TRIAGEM;SISTEMA;;
E001122;P00212;2026-08-11T12:11;VALIDACAO;EXTRAIDO;VALIDADO;U03;;
E001123;P00212;2026-08-11T12:11;ENVIO;VALIDADO;ACEITE;SISTEMA;;
E001125;P00213;2026-08-11T12:11;VALIDACAO;EXTRAIDO;VALIDADO;U03;;
E001126;P00213;2026-08-11T12:11;ENVIO;VALIDADO;ACEITE;SISTEMA;;
E001128;P00214;2026-08-11T12:11;VALIDACAO;EXTRAIDO;VALIDADO;U03;;
E001129;P00214;2026-08-11T12:11;ENVIO;VALIDADO;ACEITE;SISTEMA;;
E001130;P00212;2026-08-11T12:12;MARCACAO;ACEITE;MARCADO;AGENTE;;V01359 12/08/2026 07:40
E001134;P00214;2026-08-11T12:12;MARCACAO;ACEITE;MARCADO;AGENTE;;V02788 01/09/2026 09:50
E001132;P00213;2026-08-11T12:19;MARCACAO;ACEITE;MARCADO;AGENTE;;V01412 13/08/2026 08:00
E000939;P00177;2026-08-11T12:20;REMARCACAO;FALTOU;MARCADO;AGENTE;Falta do doente;nova data 13/08/2026 08:40
E001073;P00202;2026-08-11T12:20;FALTA;MARCADO;FALTOU;SISTEMA;Doente faltou;
E001174;P00222;2026-08-11T12:22;VALIDACAO;EXTRAIDO;VALIDADO;U03;;
E001175;P00222;2026-08-11T12:22;ENVIO;VALIDADO;ACEITE;SISTEMA;;
E001176;P00222;2026-08-11T12:36;MARCACAO;ACEITE;MARCADO;AGENTE;;V01388 12/08/2026 11:00
E001156;P00219;2026-08-11T12:41;VALIDACAO;EXTRAIDO;VALIDADO;U03;;
E001157;P00219;2026-08-11T12:41;ENVIO;VALIDADO;ACEITE;SISTEMA;;
E001159;P00220;2026-08-11T12:41;VALIDACAO;EXTRAIDO;VALIDADO;U03;;
E001160;P00220;2026-08-11T12:41;ENVIO;VALIDADO;ACEITE;SISTEMA;;
E001161;P00219;2026-08-11T12:54;MARCACAO;ACEITE;MARCADO;AGENTE;;V01341 12/08/2026 07:40
E001163;P00220;2026-08-11T12:58;MARCACAO;ACEITE;MARCADO;AGENTE;;V02789 01/09/2026 10:10
E001074;P00202;2026-08-11T13:20;REMARCACAO;FALTOU;MARCADO;AGENTE;Falta do doente;nova data 13/08/2026 09:20
E000264;P00051;2026-08-11T15:00;REMARCACAO;MARCADO;MARCADO;SISTEMA;Médico indisponível;de 12/08/2026 para 19/08/2026 09:10
E001056;P00200;2026-08-11T16:24;TRIAGEM;EM_TRIAGEM;ACEITE;U04;;
E001057;P00200;2026-08-11T16:43;MARCACAO;ACEITE;MARCADO;AGENTE;;V01403 13/08/2026 09:40
E001093;P00206;2026-08-12T07:20;TRIAGEM;EM_TRIAGEM;ACEITE;U04;;
E001094;P00206;2026-08-12T07:31;MARCACAO;ACEITE;MARCADO;AGENTE;;V01510 14/08/2026 09:00
E001111;P00208;2026-08-12T07:40;REALIZACAO;MARCADO;REALIZADO;SISTEMA;;
E001131;P00212;2026-08-12T07:50;REALIZACAO;MARCADO;REALIZADO;SISTEMA;;
E001162;P00219;2026-08-12T07:50;REALIZACAO;MARCADO;REALIZADO;SISTEMA;;
E001050;P00198;2026-08-12T08:20;REALIZACAO;MARCADO;REALIZADO;SISTEMA;;
E001030;P00194;2026-08-12T08:40;REALIZACAO;MARCADO;REALIZADO;SISTEMA;;
E001178;P00223;2026-08-12T08:45;EXTRACAO;;EXTRAIDO;AGENTE;;confiança 0.86
E001181;P00224;2026-08-12T08:45;EXTRACAO;;EXTRAIDO;AGENTE;;confiança 0.95
E001184;P00225;2026-08-12T08:45;EXTRACAO;;EXTRAIDO;AGENTE;;confiança 0.87
E001193;P00226;2026-08-12T09:15;EXTRACAO;;EXTRAIDO;AGENTE;;confiança 0.96
E001120;P00211;2026-08-12T09:30;REALIZACAO;MARCADO;REALIZADO;SISTEMA;;
E001198;P00227;2026-08-12T09:35;EXTRACAO;;EXTRAIDO;AGENTE;;confiança 0.97
E001201;P00228;2026-08-12T09:35;EXTRACAO;;EXTRAIDO;AGENTE;;confiança 0.84
E001208;P00229;2026-08-12T09:55;EXTRACAO;;EXTRAIDO;AGENTE;;confiança 0.94
E001211;P00230;2026-08-12T09:55;EXTRACAO;;EXTRAIDO;AGENTE;;confiança 0.92
E001100;P00207;2026-08-12T10:00;REALIZACAO;MARCADO;REALIZADO;SISTEMA;;
E001199;P00227;2026-08-12T10:09;VALIDACAO;EXTRAIDO;VALIDADO;U03;;
E001200;P00227;2026-08-12T10:09;ENVIO;VALIDADO;ACEITE;SISTEMA;;
E001202;P00228;2026-08-12T10:09;VALIDACAO;EXTRAIDO;VALIDADO;U03;;
E001203;P00228;2026-08-12T10:09;ENVIO;VALIDADO;ACEITE;SISTEMA;;
E001206;P00228;2026-08-12T10:22;MARCACAO;ACEITE;MARCADO;AGENTE;;V02892 02/09/2026 08:30
E001194;P00226;2026-08-12T10:25;VALIDACAO;EXTRAIDO;VALIDADO;U03;;
E001195;P00226;2026-08-12T10:25;ENVIO;VALIDADO;ACEITE;SISTEMA;;
E001204;P00227;2026-08-12T10:25;MARCACAO;ACEITE;MARCADO;AGENTE;;V01466 13/08/2026 07:30
E001196;P00226;2026-08-12T10:26;MARCACAO;ACEITE;MARCADO;AGENTE;;V01492 13/08/2026 09:00
E001140;P00215;2026-08-12T10:30;REALIZACAO;MARCADO;REALIZADO;SISTEMA;;
E001218;P00231;2026-08-12T10:35;EXTRACAO;;EXTRAIDO;AGENTE;;confiança 0.88
E001221;P00232;2026-08-12T10:35;EXTRACAO;;EXTRAIDO;AGENTE;;confiança 0.99
E001225;P00233;2026-08-12T10:35;EXTRACAO;;EXTRAIDO;AGENTE;;confiança 0.93
E001234;P00234;2026-08-12T10:55;EXTRACAO;;EXTRAIDO;AGENTE;;confiança 0.87
E001237;P00235;2026-08-12T10:55;EXTRACAO;;EXTRAIDO;AGENTE;;confiança 0.91
E001240;P00236;2026-08-12T10:55;EXTRACAO;;EXTRAIDO;AGENTE;;confiança 0.96
E001219;P00231;2026-08-12T11:00;VALIDACAO;EXTRAIDO;VALIDADO;U03;;
E001220;P00231;2026-08-12T11:00;ENVIO;VALIDADO;ACEITE;SISTEMA;;
E001222;P00232;2026-08-12T11:00;CORRECAO;EXTRAIDO;EXTRAIDO;U03;;prioridade corrigida
E001223;P00232;2026-08-12T11:00;VALIDACAO;EXTRAIDO;VALIDADO;U03;;
E001224;P00232;2026-08-12T11:00;ENVIO;VALIDADO;ACEITE;SISTEMA;;
E001226;P00233;2026-08-12T11:00;VALIDACAO;EXTRAIDO;VALIDADO;U03;;
E001227;P00233;2026-08-12T11:00;ENVIO;VALIDADO;ACEITE;SISTEMA;;
E001179;P00223;2026-08-12T11:07;VALIDACAO;EXTRAIDO;VALIDADO;U03;;
E001180;P00223;2026-08-12T11:07;ENVIO;VALIDADO;ACEITE;SISTEMA;;
E001182;P00224;2026-08-12T11:07;VALIDACAO;EXTRAIDO;VALIDADO;U03;;
E001183;P00224;2026-08-12T11:07;ENVIO;VALIDADO;ACEITE;SISTEMA;;
E001185;P00225;2026-08-12T11:07;VALIDACAO;EXTRAIDO;VALIDADO;U03;;
E001186;P00225;2026-08-12T11:07;ENVIO;VALIDADO;ACEITE;SISTEMA;;
E001228;P00231;2026-08-12T11:10;MARCACAO;ACEITE;MARCADO;AGENTE;;V01449 13/08/2026 07:40
E001191;P00225;2026-08-12T11:11;MARCACAO;ACEITE;MARCADO;AGENTE;;V02894 02/09/2026 09:10
E001232;P00233;2026-08-12T11:11;MARCACAO;ACEITE;MARCADO;AGENTE;;V02896 02/09/2026 09:50
E001235;P00234;2026-08-12T11:11;VALIDACAO;EXTRAIDO;VALIDADO;U03;;
E001236;P00234;2026-08-12T11:11;ENVIO;VALIDADO;ACEITE;SISTEMA;;
E001238;P00235;2026-08-12T11:11;VALIDACAO;EXTRAIDO;VALIDADO;U03;;
E001239;P00235;2026-08-12T11:11;ENVIO;VALIDADO;ACEITE;SISTEMA;;
E001241;P00236;2026-08-12T11:11;VALIDACAO;EXTRAIDO;VALIDADO;U03;;
E001242;P00236;2026-08-12T11:11;ENVIO;VALIDADO;ACEITE;SISTEMA;;
E001189;P00224;2026-08-12T11:13;MARCACAO;ACEITE;MARCADO;AGENTE;;V01521 14/08/2026 08:20
E001230;P00232;2026-08-12T11:13;MARCACAO;ACEITE;MARCADO;AGENTE;;V01520 14/08/2026 08:00
E001243;P00234;2026-08-12T11:14;MARCACAO;ACEITE;MARCADO;AGENTE;;V01468 13/08/2026 07:50
E001247;P00236;2026-08-12T11:15;MARCACAO;ACEITE;MARCADO;AGENTE;;V02898 02/09/2026 10:30
E001249;P00237;2026-08-12T11:15;EXTRACAO;;EXTRAIDO;AGENTE;;confiança 0.98
E001252;P00238;2026-08-12T11:15;EXTRACAO;;EXTRAIDO;AGENTE;;confiança 0.87
E001245;P00235;2026-08-12T11:17;MARCACAO;ACEITE;MARCADO;AGENTE;;V01524 14/08/2026 09:20
E001259;P00239;2026-08-12T11:25;EXTRACAO;;EXTRAIDO;AGENTE;;confiança 0.92
E001262;P00240;2026-08-12T11:25;EXTRACAO;;EXTRAIDO;AGENTE;;confiança 0.85
E001265;P00241;2026-08-12T11:25;EXTRACAO;;EXTRAIDO;AGENTE;;confiança 0.85
E001187;P00223;2026-08-12T11:26;MARCACAO;ACEITE;MARCADO;AGENTE;;V01448 13/08/2026 07:30
E001177;P00222;2026-08-12T11:30;REALIZACAO;MARCADO;REALIZADO;SISTEMA;;
E001274;P00242;2026-08-12T11:55;EXTRACAO;;EXTRAIDO;AGENTE;;confiança 0.82
E001209;P00229;2026-08-12T12:11;VALIDACAO;EXTRAIDO;VALIDADO;U03;;
E001210;P00229;2026-08-12T12:11;ENVIO;VALIDADO;ACEITE;SISTEMA;;
E001212;P00230;2026-08-12T12:11;VALIDACAO;EXTRAIDO;VALIDADO;U03;;
E001213;P00230;2026-08-12T12:11;ENVIO;VALIDADO;ACEITE;SISTEMA;;
E001216;P00230;2026-08-12T12:13;MARCACAO;ACEITE;MARCADO;AGENTE;;V02895 02/09/2026 09:30
E001250;P00237;2026-08-12T12:18;VALIDACAO;EXTRAIDO;VALIDADO;U03;;
E001251;P00237;2026-08-12T12:18;ENVIO;VALIDADO;ACEITE;SISTEMA;;
E001253;P00238;2026-08-12T12:18;VALIDACAO;EXTRAIDO;VALIDADO;U03;;
E001254;P00238;2026-08-12T12:18;ENVIO;VALIDADO;ACEITE;SISTEMA;;
E001214;P00229;2026-08-12T12:20;MARCACAO;ACEITE;MARCADO;AGENTE;;V01467 13/08/2026 07:40
E001255;P00237;2026-08-12T12:31;MARCACAO;ACEITE;MARCADO;AGENTE;;V01438 13/08/2026 09:40
E001257;P00238;2026-08-12T12:33;MARCACAO;ACEITE;MARCADO;AGENTE;;V02897 02/09/2026 10:10
E001260;P00239;2026-08-12T13:02;VALIDACAO;EXTRAIDO;VALIDADO;U03;;
E001261;P00239;2026-08-12T13:02;ENVIO;VALIDADO;ACEITE;SISTEMA;;
E001263;P00240;2026-08-12T13:02;VALIDACAO;EXTRAIDO;VALIDADO;U03;;
E001264;P00240;2026-08-12T13:02;ENVIO;VALIDADO;ACEITE;SISTEMA;;
E001266;P00241;2026-08-12T13:02;VALIDACAO;EXTRAIDO;VALIDADO;U03;;
E001267;P00241;2026-08-12T13:02;ENVIO;VALIDADO;ACEITE;SISTEMA;;
E001268;P00239;2026-08-12T13:06;MARCACAO;ACEITE;MARCADO;AGENTE;;V01451 13/08/2026 08:00
E001272;P00241;2026-08-12T13:06;MARCACAO;ACEITE;MARCADO;AGENTE;;V04283 21/09/2026 09:10
E001270;P00240;2026-08-12T13:12;MARCACAO;ACEITE;MARCADO;AGENTE;;V03770 14/09/2026 08:40
E001275;P00242;2026-08-12T14:01;VALIDACAO;EXTRAIDO;VALIDADO;U03;;
E001276;P00242;2026-08-12T14:01;ENVIO;VALIDADO;EM_TRIAGEM;SISTEMA;;
E001188;P00223;2026-08-13T07:40;REALIZACAO;MARCADO;REALIZADO;SISTEMA;;
E001205;P00227;2026-08-13T07:40;REALIZACAO;MARCADO;REALIZADO;SISTEMA;;
E001215;P00229;2026-08-13T07:50;REALIZACAO;MARCADO;REALIZADO;SISTEMA;;
E001229;P00231;2026-08-13T07:50;REALIZACAO;MARCADO;REALIZADO;SISTEMA;;
E001244;P00234;2026-08-13T08:00;REALIZACAO;MARCADO;REALIZADO;SISTEMA;;
E001269;P00239;2026-08-13T08:10;REALIZACAO;MARCADO;REALIZADO;SISTEMA;;
E001133;P00213;2026-08-13T08:20;REALIZACAO;MARCADO;REALIZADO;SISTEMA;;
E001113;P00209;2026-08-13T08:40;REALIZACAO;MARCADO;REALIZADO;SISTEMA;;
E001285;P00244;2026-08-13T08:55;EXTRACAO;;EXTRAIDO;AGENTE;;confiança 0.84
E001288;P00245;2026-08-13T08:55;EXTRACAO;;EXTRAIDO;AGENTE;;confiança 0.91
E000940;P00177;2026-08-13T09:00;REALIZACAO;MARCADO;REALIZADO;SISTEMA;;
E001197;P00226;2026-08-13T09:30;REALIZACAO;MARCADO;REALIZADO;SISTEMA;;
E000950;P00179;2026-08-13T09:40;REALIZACAO;MARCADO;REALIZADO;SISTEMA;;
E001075;P00202;2026-08-13T09:40;REALIZACAO;MARCADO;REALIZADO;SISTEMA;;
E001295;P00246;2026-08-13T09:45;EXTRACAO;;EXTRAIDO;AGENTE;;confiança 0.99
E001298;P00247;2026-08-13T09:45;EXTRACAO;;EXTRAIDO;AGENTE;;confiança 0.93
E001301;P00248;2026-08-13T09:45;EXTRACAO;;EXTRAIDO;AGENTE;;confiança 0.96
E001256;P00237;2026-08-13T10:00;REALIZACAO;MARCADO;REALIZADO;SISTEMA;;
E001310;P00249;2026-08-13T10:15;EXTRACAO;;EXTRAIDO;AGENTE;;confiança 0.94
E001314;P00250;2026-08-13T10:15;EXTRACAO;;EXTRAIDO;AGENTE;;confiança 0.89
E001058;P00200;2026-08-13T10:20;REALIZACAO;MARCADO;REALIZADO;SISTEMA;;
E001296;P00246;2026-08-13T10:42;VALIDACAO;EXTRAIDO;VALIDADO;U03;;
E001297;P00246;2026-08-13T10:42;ENVIO;VALIDADO;ACEITE;SISTEMA;;
E001299;P00247;2026-08-13T10:42;VALIDACAO;EXTRAIDO;VALIDADO;U03;;
E001300;P00247;2026-08-13T10:42;ENVIO;VALIDADO;ACEITE;SISTEMA;;
E001302;P00248;2026-08-13T10:42;VALIDACAO;EXTRAIDO;VALIDADO;U03;;
E001303;P00248;2026-08-13T10:42;ENVIO;VALIDADO;ACEITE;SISTEMA;;
E001304;P00246;2026-08-13T10:48;MARCACAO;ACEITE;MARCADO;AGENTE;;V01557 14/08/2026 07:40
E001306;P00247;2026-08-13T10:48;MARCACAO;ACEITE;MARCADO;AGENTE;;V01628 17/08/2026 08:00
E001322;P00251;2026-08-13T10:55;EXTRACAO;;EXTRAIDO;AGENTE;;confiança 0.88
E001325;P00252;2026-08-13T10:55;EXTRACAO;;EXTRAIDO;AGENTE;;confiança 0.99
E001328;P00253;2026-08-13T10:55;EXTRACAO;;EXTRAIDO;AGENTE;;confiança 0.85
E001308;P00248;2026-08-13T10:58;MARCACAO;ACEITE;MARCADO;AGENTE;;V02997 03/09/2026 09:10
E001286;P00244;2026-08-13T11:10;VALIDACAO;EXTRAIDO;VALIDADO;U03;;
E001287;P00244;2026-08-13T11:10;ENVIO;VALIDADO;ACEITE;SISTEMA;;
E001289;P00245;2026-08-13T11:10;VALIDACAO;EXTRAIDO;VALIDADO;U03;;
E001290;P00245;2026-08-13T11:10;ENVIO;VALIDADO;ACEITE;SISTEMA;;
E001338;P00254;2026-08-13T11:15;EXTRACAO;;EXTRAIDO;AGENTE;;confiança 0.82
E001341;P00255;2026-08-13T11:15;EXTRACAO;;EXTRAIDO;AGENTE;;confiança 0.97
E001291;P00244;2026-08-13T11:21;MARCACAO;ACEITE;MARCADO;AGENTE;;V01556 14/08/2026 07:30
E001293;P00245;2026-08-13T11:24;MARCACAO;ACEITE;MARCADO;AGENTE;;V02996 03/09/2026 08:50
E001348;P00256;2026-08-13T11:35;EXTRACAO;;EXTRAIDO;AGENTE;;confiança 0.99
E001351;P00257;2026-08-13T11:35;EXTRACAO;;EXTRAIDO;AGENTE;;confiança 0.84
E001354;P00258;2026-08-13T11:35;EXTRACAO;;EXTRAIDO;AGENTE;;confiança 0.82
E001363;P00259;2026-08-13T11:55;EXTRACAO;;EXTRAIDO;AGENTE;;confiança 0.91
E001311;P00249;2026-08-13T12:00;CORRECAO;EXTRAIDO;EXTRAIDO;U03;;prazo corrigido
E001312;P00249;2026-08-13T12:00;VALIDACAO;EXTRAIDO;VALIDADO;U03;;
E001313;P00249;2026-08-13T12:00;ENVIO;VALIDADO;ACEITE;SISTEMA;;
E001315;P00250;2026-08-13T12:00;CORRECAO;EXTRAIDO;EXTRAIDO;U03;;prioridade corrigida
E001316;P00250;2026-08-13T12:00;VALIDACAO;EXTRAIDO;VALIDADO;U03;;
E001317;P00250;2026-08-13T12:00;ENVIO;VALIDADO;ACEITE;SISTEMA;;
E001320;P00250;2026-08-13T12:08;MARCACAO;ACEITE;MARCADO;AGENTE;;V02999 03/09/2026 09:50
E001318;P00249;2026-08-13T12:17;MARCACAO;ACEITE;MARCADO;AGENTE;;V01576 14/08/2026 07:50
E001323;P00251;2026-08-13T12:57;VALIDACAO;EXTRAIDO;VALIDADO;U03;;
E001324;P00251;2026-08-13T12:57;ENVIO;VALIDADO;ACEITE;SISTEMA;;
E001326;P00252;2026-08-13T12:57;VALIDACAO;EXTRAIDO;VALIDADO;U03;;
E001327;P00252;2026-08-13T12:57;ENVIO;VALIDADO;ACEITE;SISTEMA;;
E001329;P00253;2026-08-13T12:57;CORRECAO;EXTRAIDO;EXTRAIDO;U03;;serviço corrigido
E001330;P00253;2026-08-13T12:57;VALIDACAO;EXTRAIDO;VALIDADO;U03;;
E001331;P00253;2026-08-13T12:57;ENVIO;VALIDADO;ACEITE;SISTEMA;;
E001339;P00254;2026-08-13T12:57;VALIDACAO;EXTRAIDO;VALIDADO;U03;;
E001340;P00254;2026-08-13T12:57;ENVIO;VALIDADO;ACEITE;SISTEMA;;
E001342;P00255;2026-08-13T12:57;VALIDACAO;EXTRAIDO;VALIDADO;U03;;
E001343;P00255;2026-08-13T12:57;ENVIO;VALIDADO;ACEITE;SISTEMA;;
E001334;P00252;2026-08-13T13:02;MARCACAO;ACEITE;MARCADO;AGENTE;;V01629 17/08/2026 08:20
E001344;P00254;2026-08-13T13:05;MARCACAO;ACEITE;MARCADO;AGENTE;;V01558 14/08/2026 07:50
E001336;P00253;2026-08-13T13:07;MARCACAO;ACEITE;MARCADO;AGENTE;;V02998 03/09/2026 09:30
E001346;P00255;2026-08-13T13:11;MARCACAO;ACEITE;MARCADO;AGENTE;;V03000 03/09/2026 10:10
E001349;P00256;2026-08-13T13:15;VALIDACAO;EXTRAIDO;VALIDADO;U03;;
E001350;P00256;2026-08-13T13:15;ENVIO;VALIDADO;ACEITE;SISTEMA;;
E001352;P00257;2026-08-13T13:15;VALIDACAO;EXTRAIDO;VALIDADO;U03;;
E001353;P00257;2026-08-13T13:15;ENVIO;VALIDADO;ACEITE;SISTEMA;;
E001355;P00258;2026-08-13T13:15;VALIDACAO;EXTRAIDO;VALIDADO;U03;;
E001356;P00258;2026-08-13T13:15;ENVIO;VALIDADO;ACEITE;SISTEMA;;
E001332;P00251;2026-08-13T13:16;MARCACAO;ACEITE;MARCADO;AGENTE;;V01575 14/08/2026 07:40
E001361;P00258;2026-08-13T13:26;MARCACAO;ACEITE;MARCADO;AGENTE;;V03001 03/09/2026 10:30
E001359;P00257;2026-08-13T13:27;MARCACAO;ACEITE;MARCADO;AGENTE;;V01630 17/08/2026 08:40
E001357;P00256;2026-08-13T13:33;MARCACAO;ACEITE;MARCADO;AGENTE;;V01577 14/08/2026 08:00
E001277;P00242;2026-08-13T13:38;TRIAGEM;EM_TRIAGEM;ACEITE;U10;;
E001278;P00242;2026-08-13T13:58;MARCACAO;ACEITE;MARCADO;AGENTE;;V01702 17/08/2026 08:30
E001280;P00243;2026-08-13T13:58;EXTRACAO;;EXTRAIDO;AGENTE;;confiança 1.0
E001281;P00243;2026-08-13T13:58;VALIDACAO;EXTRAIDO;VALIDADO;SISTEMA;;
E001282;P00243;2026-08-13T13:58;ENVIO;VALIDADO;ACEITE;SISTEMA;;
E001283;P00243;2026-08-13T13:58;MARCACAO;ACEITE;MARCADO;AGENTE;;V01574 14/08/2026 07:30
E001364;P00259;2026-08-13T14:08;VALIDACAO;EXTRAIDO;VALIDADO;U03;;
E001365;P00259;2026-08-13T14:08;ENVIO;VALIDADO;EM_TRIAGEM;SISTEMA;;
E001366;P00259;2026-08-13T22:20;TRIAGEM;EM_TRIAGEM;ACEITE;U10;;
E001367;P00259;2026-08-13T22:29;MARCACAO;ACEITE;MARCADO;AGENTE;;V01706 17/08/2026 08:30
E001369;P00260;2026-08-13T22:29;EXTRACAO;;EXTRAIDO;AGENTE;;confiança 1.0
E001370;P00260;2026-08-13T22:29;VALIDACAO;EXTRAIDO;VALIDADO;SISTEMA;;
E001371;P00260;2026-08-13T22:29;ENVIO;VALIDADO;ACEITE;SISTEMA;;
E001372;P00260;2026-08-13T22:29;MARCACAO;ACEITE;MARCADO;AGENTE;;V01559 14/08/2026 08:00
E001284;P00243;2026-08-14T07:40;REALIZACAO;MARCADO;REALIZADO;SISTEMA;;
E001292;P00244;2026-08-14T07:40;REALIZACAO;MARCADO;REALIZADO;SISTEMA;;
E001305;P00246;2026-08-14T07:50;REALIZACAO;MARCADO;REALIZADO;SISTEMA;;
E001333;P00251;2026-08-14T07:50;REALIZACAO;MARCADO;REALIZADO;SISTEMA;;
E001319;P00249;2026-08-14T08:00;REALIZACAO;MARCADO;REALIZADO;SISTEMA;;
E001345;P00254;2026-08-14T08:00;REALIZACAO;MARCADO;REALIZADO;SISTEMA;;
E001358;P00256;2026-08-14T08:10;REALIZACAO;MARCADO;REALIZADO;SISTEMA;;
E001373;P00260;2026-08-14T08:10;REALIZACAO;MARCADO;REALIZADO;SISTEMA;;
E001231;P00232;2026-08-14T08:20;REALIZACAO;MARCADO;REALIZADO;SISTEMA;;
E001190;P00224;2026-08-14T08:40;REALIZACAO;MARCADO;REALIZADO;SISTEMA;;
E001374;P00261;2026-08-14T08:55;EXTRACAO;;EXTRAIDO;AGENTE;;confiança 0.86
E001377;P00262;2026-08-14T08:55;EXTRACAO;;EXTRAIDO;AGENTE;;confiança 0.84
E001380;P00263;2026-08-14T08:55;EXTRACAO;;EXTRAIDO;AGENTE;;confiança 0.83
E001390;P00264;2026-08-14T09:15;EXTRACAO;;EXTRAIDO;AGENTE;;confiança 0.92
E001375;P00261;2026-08-14T09:22;VALIDACAO;EXTRAIDO;VALIDADO;U03;;
E001376;P00261;2026-08-14T09:22;ENVIO;VALIDADO;ACEITE;SISTEMA;;
E001378;P00262;2026-08-14T09:22;VALIDACAO;EXTRAIDO;VALIDADO;U03;;
E001379;P00262;2026-08-14T09:22;ENVIO;VALIDADO;ACEITE;SISTEMA;;
E001381;P00263;2026-08-14T09:22;VALIDACAO;EXTRAIDO;VALIDADO;U03;;
E001382;P00263;2026-08-14T09:22;ENVIO;VALIDADO;ACEITE;SISTEMA;;
E001387;P00263;2026-08-14T09:23;MARCACAO;ACEITE;MARCADO;AGENTE;;V03103 04/09/2026 08:30
E001385;P00262;2026-08-14T09:24;MARCACAO;ACEITE;MARCADO;AGENTE;;V01736 18/08/2026 08:00
E001396;P00265;2026-08-14T09:35;EXTRACAO;;EXTRAIDO;AGENTE;;confiança 0.89
E001399;P00266;2026-08-14T09:35;EXTRACAO;;EXTRAIDO;AGENTE;;confiança 0.91
E001402;P00267;2026-08-14T09:35;EXTRACAO;;EXTRAIDO;AGENTE;;confiança 0.82
E001383;P00261;2026-08-14T09:38;MARCACAO;ACEITE;MARCADO;AGENTE;;V01664 17/08/2026 07:30
E001095;P00206;2026-08-14T09:40;REALIZACAO;MARCADO;REALIZADO;SISTEMA;;
E001246;P00235;2026-08-14T09:40;REALIZACAO;MARCADO;REALIZADO;SISTEMA;;
E001391;P00264;2026-08-14T09:45;CORRECAO;EXTRAIDO;EXTRAIDO;U03;;prioridade corrigida
E001392;P00264;2026-08-14T09:45;VALIDACAO;EXTRAIDO;VALIDADO;U03;;
E001393;P00264;2026-08-14T09:45;ENVIO;VALIDADO;ACEITE;SISTEMA;;
E001394;P00264;2026-08-14T09:48;MARCACAO;ACEITE;MARCADO;AGENTE;;V01708 17/08/2026 09:00
E001411;P00268;2026-08-14T10:15;EXTRACAO;;EXTRAIDO;AGENTE;;confiança 0.98
E001414;P00269;2026-08-14T10:15;EXTRACAO;;EXTRAIDO;AGENTE;;confiança 0.92
E001417;P00270;2026-08-14T10:15;EXTRACAO;;EXTRAIDO;AGENTE;;confiança 0.99
E001425;P00271;2026-08-14T10:25;EXTRACAO;;EXTRAIDO;AGENTE;;confiança 0.94
E001428;P00272;2026-08-14T10:25;EXTRACAO;;EXTRAIDO;AGENTE;;confiança 0.96
E001431;P00273;2026-08-14T10:25;EXTRACAO;;EXTRAIDO;AGENTE;;confiança 0.95
E001440;P00274;2026-08-14T10:55;EXTRACAO;;EXTRAIDO;AGENTE;;confiança 0.83
E001451;P00276;2026-08-14T11:25;EXTRACAO;;EXTRAIDO;AGENTE;;confiança 0.95
E001455;P00277;2026-08-14T11:25;EXTRACAO;;EXTRAIDO;AGENTE;;confiança 0.86
E001458;P00278;2026-08-14T11:25;EXTRACAO;;EXTRAIDO;AGENTE;;confiança 0.96
E001426;P00271;2026-08-14T11:37;VALIDACAO;EXTRAIDO;VALIDADO;U03;;
E001427;P00271;2026-08-14T11:37;ENVIO;VALIDADO;ACEITE;SISTEMA;;
E001429;P00272;2026-08-14T11:37;VALIDACAO;EXTRAIDO;VALIDADO;U03;;
E001430;P00272;2026-08-14T11:37;ENVIO;VALIDADO;ACEITE;SISTEMA;;
E001432;P00273;2026-08-14T11:37;VALIDACAO;EXTRAIDO;VALIDADO;U03;;
E001433;P00273;2026-08-14T11:37;ENVIO;VALIDADO;ACEITE;SISTEMA;;
E001436;P00272;2026-08-14T11:41;MARCACAO;ACEITE;MARCADO;AGENTE;;V01739 18/08/2026 09:00
E001465;P00279;2026-08-14T11:45;EXTRACAO;;EXTRAIDO;AGENTE;;confiança 0.87
E001468;P00280;2026-08-14T11:45;EXTRACAO;;EXTRAIDO;AGENTE;;confiança 0.86
E001397;P00265;2026-08-14T11:47;VALIDACAO;EXTRAIDO;VALIDADO;U03;;
E001398;P00265;2026-08-14T11:47;ENVIO;VALIDADO;ACEITE;SISTEMA;;
E001400;P00266;2026-08-14T11:47;VALIDACAO;EXTRAIDO;VALIDADO;U03;;
E001401;P00266;2026-08-14T11:47;ENVIO;VALIDADO;ACEITE;SISTEMA;;
E001403;P00267;2026-08-14T11:47;VALIDACAO;EXTRAIDO;VALIDADO;U03;;
E001404;P00267;2026-08-14T11:47;ENVIO;VALIDADO;ACEITE;SISTEMA;;
E001407;P00266;2026-08-14T11:48;MARCACAO;ACEITE;MARCADO;AGENTE;;V01737 18/08/2026 08:20
E001434;P00271;2026-08-14T11:48;MARCACAO;ACEITE;MARCADO;AGENTE;;V01666 17/08/2026 07:50
E001438;P00273;2026-08-14T11:52;MARCACAO;ACEITE;MARCADO;AGENTE;;V03106 04/09/2026 09:30
E001405;P00265;2026-08-14T11:57;MARCACAO;ACEITE;MARCADO;AGENTE;;V01682 17/08/2026 07:30
E001409;P00267;2026-08-14T12:00;MARCACAO;ACEITE;MARCADO;AGENTE;;V03104 04/09/2026 08:50
E001441;P00274;2026-08-14T12:09;VALIDACAO;EXTRAIDO;VALIDADO;U03;;
E001442;P00274;2026-08-14T12:09;ENVIO;VALIDADO;EM_TRIAGEM;SISTEMA;;
E001152;P00218;2026-08-14T12:37;TRIAGEM;EM_TRIAGEM;ACEITE;U10;;
E001153;P00218;2026-08-14T12:44;MARCACAO;ACEITE;MARCADO;AGENTE;;V01700 17/08/2026 08:30
E001412;P00268;2026-08-14T12:45;VALIDACAO;EXTRAIDO;VALIDADO;U03;;
E001413;P00268;2026-08-14T12:45;ENVIO;VALIDADO;ACEITE;SISTEMA;;
E001415;P00269;2026-08-14T12:45;VALIDACAO;EXTRAIDO;VALIDADO;U03;;
E001416;P00269;2026-08-14T12:45;ENVIO;VALIDADO;ACEITE;SISTEMA;;
E001418;P00270;2026-08-14T12:45;VALIDACAO;EXTRAIDO;VALIDADO;U03;;
E001419;P00270;2026-08-14T12:45;ENVIO;VALIDADO;ACEITE;SISTEMA;;
E001424;P00270;2026-08-14T12:47;MARCACAO;ACEITE;MARCADO;AGENTE;;V04497 23/09/2026 08:30
E001422;P00269;2026-08-14T13:03;MARCACAO;ACEITE;MARCADO;AGENTE;;V03877 15/09/2026 08:20
E001420;P00268;2026-08-14T13:04;MARCACAO;ACEITE;MARCADO;AGENTE;;V03822 14/09/2026 07:30
E001452;P00276;2026-08-14T13:27;CORRECAO;EXTRAIDO;EXTRAIDO;U03;;exame corrigido
E001453;P00276;2026-08-14T13:27;VALIDACAO;EXTRAIDO;VALIDADO;U03;;
E001454;P00276;2026-08-14T13:27;ENVIO;VALIDADO;ACEITE;SISTEMA;;
E001456;P00277;2026-08-14T13:27;VALIDACAO;EXTRAIDO;VALIDADO;U03;;
E001457;P00277;2026-08-14T13:27;ENVIO;VALIDADO;ACEITE;SISTEMA;;
E001459;P00278;2026-08-14T13:27;CORRECAO;EXTRAIDO;EXTRAIDO;U03;;exame corrigido
E001460;P00278;2026-08-14T13:27;VALIDACAO;EXTRAIDO;VALIDADO;U03;;
E001461;P00278;2026-08-14T13:27;ENVIO;VALIDADO;ACEITE;SISTEMA;;
E001462;P00276;2026-08-14T13:31;MARCACAO;ACEITE;MARCADO;AGENTE;;V04892 28/09/2026 07:30
E001464;P00278;2026-08-14T13:32;MARCACAO;ACEITE;MARCADO;AGENTE;;V05567 07/10/2026 08:30
E001463;P00277;2026-08-14T13:44;MARCACAO;ACEITE;MARCADO;AGENTE;;V04946 29/09/2026 08:00
E001466;P00279;2026-08-14T14:15;VALIDACAO;EXTRAIDO;VALIDADO;U03;;
E001467;P00279;2026-08-14T14:15;ENVIO;VALIDADO;ACEITE;SISTEMA;;
E001469;P00280;2026-08-14T14:15;VALIDACAO;EXTRAIDO;VALIDADO;U03;;
E001470;P00280;2026-08-14T14:15;ENVIO;VALIDADO;ACEITE;SISTEMA;;
E001473;P00280;2026-08-14T14:19;MARCACAO;ACEITE;MARCADO;AGENTE;;V03108 04/09/2026 10:10
E001471;P00279;2026-08-14T14:27;MARCACAO;ACEITE;MARCADO;AGENTE;;V01665 17/08/2026 07:40
E001168;P00221;2026-08-17T05:50;TRIAGEM;EM_TRIAGEM;ACEITE;U04;;
E001169;P00221;2026-08-17T06:01;MARCACAO;ACEITE;MARCADO;AGENTE;;V01727 18/08/2026 09:40
E001384;P00261;2026-08-17T07:40;REALIZACAO;MARCADO;REALIZADO;SISTEMA;;
E001406;P00265;2026-08-17T07:40;REALIZACAO;MARCADO;REALIZADO;SISTEMA;;
E001443;P00274;2026-08-17T07:49;TRIAGEM;EM_TRIAGEM;ACEITE;U10;;
E001472;P00279;2026-08-17T07:50;REALIZACAO;MARCADO;REALIZADO;SISTEMA;;
E001444;P00274;2026-08-17T07:52;MARCACAO;ACEITE;MARCADO;AGENTE;;V01911 19/08/2026 08:30
E001446;P00275;2026-08-17T07:52;EXTRACAO;;EXTRAIDO;AGENTE;;confiança 1.0
E001447;P00275;2026-08-17T07:52;VALIDACAO;EXTRAIDO;VALIDADO;SISTEMA;;
E001448;P00275;2026-08-17T07:52;ENVIO;VALIDADO;ACEITE;SISTEMA;;
E001449;P00275;2026-08-17T07:52;MARCACAO;ACEITE;MARCADO;AGENTE;;V01772 18/08/2026 07:30
E001435;P00271;2026-08-17T08:00;REALIZACAO;MARCADO;REALIZADO;SISTEMA;;
E001307;P00247;2026-08-17T08:20;REALIZACAO;MARCADO;REALIZADO;SISTEMA;;
E001335;P00252;2026-08-17T08:40;REALIZACAO;MARCADO;REALIZADO;SISTEMA;;
E000056;P00013;2026-08-17T08:50;REALIZACAO;MARCADO;REALIZADO;SISTEMA;;
E001475;P00281;2026-08-17T08:55;EXTRACAO;;EXTRAIDO;AGENTE;;confiança 0.97
E001478;P00282;2026-08-17T08:55;EXTRACAO;;EXTRAIDO;AGENTE;;confiança 0.89
E001360;P00257;2026-08-17T09:00;REALIZACAO;MARCADO;REALIZADO;SISTEMA;;
E001476;P00281;2026-08-17T09:01;VALIDACAO;EXTRAIDO;VALIDADO;U03;;
E001477;P00281;2026-08-17T09:01;ENVIO;VALIDADO;ACEITE;SISTEMA;;
E001479;P00282;2026-08-17T09:01;VALIDACAO;EXTRAIDO;VALIDADO;U03;;
E001480;P00282;2026-08-17T09:01;ENVIO;VALIDADO;ACEITE;SISTEMA;;
E001481;P00281;2026-08-17T09:03;MARCACAO;ACEITE;MARCADO;AGENTE;;V01790 18/08/2026 07:30
E000077;P00017;2026-08-17T09:10;REALIZACAO;MARCADO;REALIZADO;SISTEMA;;
E001483;P00282;2026-08-17T09:12;MARCACAO;ACEITE;MARCADO;AGENTE;;V03211 07/09/2026 08:30
E001485;P00283;2026-08-17T09:15;EXTRACAO;;EXTRAIDO;AGENTE;;confiança 0.97
E001488;P00284;2026-08-17T09:15;EXTRACAO;;EXTRAIDO;AGENTE;;confiança 0.83
E000098;P00021;2026-08-17T09:30;REALIZACAO;MARCADO;REALIZADO;SISTEMA;;
E001395;P00264;2026-08-17T09:30;REALIZACAO;MARCADO;REALIZADO;SISTEMA;;
E001495;P00285;2026-08-17T09:35;EXTRACAO;;EXTRAIDO;AGENTE;;confiança 0.86
E001498;P00286;2026-08-17T09:35;EXTRACAO;;EXTRAIDO;AGENTE;;confiança 0.86
E001501;P00287;2026-08-17T09:35;EXTRACAO;;EXTRAIDO;AGENTE;;confiança 0.84
E000108;P00023;2026-08-17T09:50;REALIZACAO;MARCADO;REALIZADO;SISTEMA;;
E001508;P00288;2026-08-17T09:55;EXTRACAO;;EXTRAIDO;AGENTE;;confiança 0.9
E000087;P00019;2026-08-17T10:10;REALIZACAO;MARCADO;REALIZADO;SISTEMA;;
E001514;P00289;2026-08-17T10:15;EXTRACAO;;EXTRAIDO;AGENTE;;confiança 0.87
E001522;P00290;2026-08-17T10:35;EXTRACAO;;EXTRAIDO;AGENTE;;confiança 0.88
E001486;P00283;2026-08-17T10:52;VALIDACAO;EXTRAIDO;VALIDADO;U03;;
E001487;P00283;2026-08-17T10:52;ENVIO;VALIDADO;ACEITE;SISTEMA;;
E001489;P00284;2026-08-17T10:52;VALIDACAO;EXTRAIDO;VALIDADO;U03;;
E001490;P00284;2026-08-17T10:52;ENVIO;VALIDADO;ACEITE;SISTEMA;;
E001528;P00291;2026-08-17T10:55;EXTRACAO;;EXTRAIDO;AGENTE;;confiança 0.93
E001531;P00292;2026-08-17T10:55;EXTRACAO;;EXTRAIDO;AGENTE;;confiança 0.92
E001534;P00293;2026-08-17T10:55;EXTRACAO;;EXTRAIDO;AGENTE;;confiança 0.93
E001491;P00283;2026-08-17T10:56;MARCACAO;ACEITE;MARCADO;AGENTE;;V01773 18/08/2026 07:40
E001493;P00284;2026-08-17T11:08;MARCACAO;ACEITE;MARCADO;AGENTE;;V03213 07/09/2026 09:10
E000124;P00026;2026-08-17T11:10;REALIZACAO;MARCADO;REALIZADO;SISTEMA;;
E001509;P00288;2026-08-17T11:13;VALIDACAO;EXTRAIDO;VALIDADO;U03;;
E001510;P00288;2026-08-17T11:13;ENVIO;VALIDADO;EM_TRIAGEM;SISTEMA;;
E001546;P00294;2026-08-17T11:15;EXTRACAO;;EXTRAIDO;AGENTE;;confiança 0.91
E001496;P00285;2026-08-17T11:33;VALIDACAO;EXTRAIDO;VALIDADO;U03;;
E001497;P00285;2026-08-17T11:33;ENVIO;VALIDADO;ACEITE;SISTEMA;;
E001499;P00286;2026-08-17T11:33;VALIDACAO;EXTRAIDO;VALIDADO;U03;;
E001500;P00286;2026-08-17T11:33;ENVIO;VALIDADO;ACEITE;SISTEMA;;
E001502;P00287;2026-08-17T11:33;VALIDACAO;EXTRAIDO;VALIDADO;U03;;
E001503;P00287;2026-08-17T11:33;ENVIO;VALIDADO;ACEITE;SISTEMA;;
E001551;P00295;2026-08-17T11:35;EXTRACAO;;EXTRAIDO;AGENTE;;confiança 0.91
E001507;P00287;2026-08-17T11:36;MARCACAO;ACEITE;MARCADO;AGENTE;;V05779 09/10/2026 08:50
E001523;P00290;2026-08-17T11:36;VALIDACAO;EXTRAIDO;VALIDADO;U03;;
E001524;P00290;2026-08-17T11:36;ENVIO;VALIDADO;EM_TRIAGEM;SISTEMA;;
E001504;P00285;2026-08-17T11:39;MARCACAO;ACEITE;MARCADO;AGENTE;;V01774 18/08/2026 07:50
E001506;P00286;2026-08-17T11:44;MARCACAO;ACEITE;MARCADO;AGENTE;;V05157 01/10/2026 08:00
E001556;P00296;2026-08-17T11:55;EXTRACAO;;EXTRAIDO;AGENTE;;confiança 0.99
E001552;P00295;2026-08-17T11:57;VALIDACAO;EXTRAIDO;VALIDADO;U03;;
E001553;P00295;2026-08-17T11:57;ENVIO;VALIDADO;ACEITE;SISTEMA;;
E001554;P00295;2026-08-17T11:59;MARCACAO;ACEITE;MARCADO;AGENTE;;V01816 18/08/2026 09:00
E001515;P00289;2026-08-17T12:05;CORRECAO;EXTRAIDO;EXTRAIDO;U03;;prioridade corrigida
E001516;P00289;2026-08-17T12:05;VALIDACAO;EXTRAIDO;VALIDADO;U03;;
E001517;P00289;2026-08-17T12:05;ENVIO;VALIDADO;ACEITE;SISTEMA;;
E001518;P00289;2026-08-17T12:12;MARCACAO;ACEITE;MARCADO;AGENTE;;V01817 18/08/2026 09:30
E001154;P00218;2026-08-17T12:30;REALIZACAO;MARCADO;REALIZADO;SISTEMA;;
E001279;P00242;2026-08-17T12:30;REALIZACAO;MARCADO;REALIZADO;SISTEMA;;
E001368;P00259;2026-08-17T12:30;REALIZACAO;MARCADO;REALIZADO;SISTEMA;;
E001529;P00291;2026-08-17T12:54;VALIDACAO;EXTRAIDO;VALIDADO;U03;;
E001530;P00291;2026-08-17T12:54;ENVIO;VALIDADO;ACEITE;SISTEMA;;
E001532;P00292;2026-08-17T12:54;VALIDACAO;EXTRAIDO;VALIDADO;U03;;
E001533;P00292;2026-08-17T12:54;ENVIO;VALIDADO;ACEITE;SISTEMA;;
E001535;P00293;2026-08-17T12:54;VALIDACAO;EXTRAIDO;VALIDADO;U03;;
E001536;P00293;2026-08-17T12:54;ENVIO;VALIDADO;ACEITE;SISTEMA;;
E001543;P00293;2026-08-17T12:56;MARCACAO;ACEITE;MARCADO;AGENTE;;V03214 07/09/2026 09:30
E001545;P00293;2026-08-17T12:56;REMARCACAO;MARCADO;MARCADO;SISTEMA;Dependência não cumprida (falta a exame);
E001539;P00292;2026-08-17T13:10;MARCACAO;ACEITE;MARCADO;AGENTE;;V01839 19/08/2026 08:00
E001537;P00291;2026-08-17T13:11;MARCACAO;ACEITE;MARCADO;AGENTE;;V01792 18/08/2026 07:50
E001547;P00294;2026-08-17T13:13;VALIDACAO;EXTRAIDO;VALIDADO;U03;;
E001548;P00294;2026-08-17T13:13;ENVIO;VALIDADO;ACEITE;SISTEMA;;
E001549;P00294;2026-08-17T13:20;MARCACAO;ACEITE;MARCADO;AGENTE;;V03205 04/09/2026 09:00
E001557;P00296;2026-08-17T13:35;VALIDACAO;EXTRAIDO;VALIDADO;U03;;
E001558;P00296;2026-08-17T13:35;ENVIO;VALIDADO;ACEITE;SISTEMA;;
E001559;P00296;2026-08-17T13:41;MARCACAO;ACEITE;MARCADO;AGENTE;;V01818 18/08/2026 10:00
E000420;P00080;2026-08-17T15:00;REMARCACAO;MARCADO;MARCADO;SISTEMA;Equipamento avariado;de 18/08/2026 para 25/08/2026 08:20
E001450;P00275;2026-08-18T07:40;REALIZACAO;MARCADO;REALIZADO;SISTEMA;;
E001482;P00281;2026-08-18T07:40;REALIZACAO;MARCADO;REALIZADO;SISTEMA;;
E001492;P00283;2026-08-18T07:50;REALIZACAO;MARCADO;REALIZADO;SISTEMA;;
E001505;P00285;2026-08-18T08:00;REALIZACAO;MARCADO;REALIZADO;SISTEMA;;
E001538;P00291;2026-08-18T08:00;REALIZACAO;MARCADO;REALIZADO;SISTEMA;;
E001386;P00262;2026-08-18T08:20;REALIZACAO;MARCADO;REALIZADO;SISTEMA;;
E001408;P00266;2026-08-18T08:40;REALIZACAO;MARCADO;REALIZADO;SISTEMA;;
E000134;P00028;2026-08-18T08:50;REALIZACAO;MARCADO;REALIZADO;SISTEMA;;
E001561;P00297;2026-08-18T08:55;EXTRACAO;;EXTRAIDO;AGENTE;;confiança 0.87
E000202;P00040;2026-08-18T09:10;REALIZACAO;MARCADO;REALIZADO;SISTEMA;;
E001437;P00272;2026-08-18T09:20;REALIZACAO;MARCADO;REALIZADO;SISTEMA;;
E001555;P00295;2026-08-18T09:30;REALIZACAO;MARCADO;REALIZADO;SISTEMA;;
E001572;P00299;2026-08-18T09:35;EXTRACAO;;EXTRAIDO;AGENTE;;confiança 0.89
E001578;P00300;2026-08-18T09:45;EXTRACAO;;EXTRAIDO;AGENTE;;confiança 0.96
E001562;P00297;2026-08-18T09:59;VALIDACAO;EXTRAIDO;VALIDADO;U03;;
E001563;P00297;2026-08-18T09:59;ENVIO;VALIDADO;EM_TRIAGEM;SISTEMA;;
E001584;P00301;2026-08-18T10:15;EXTRACAO;;EXTRAIDO;AGENTE;;confiança 0.84
E001588;P00302;2026-08-18T10:15;EXTRACAO;;EXTRAIDO;AGENTE;;confiança 0.84
E001591;P00303;2026-08-18T10:15;EXTRACAO;;EXTRAIDO;AGENTE;;confiança 0.85
E001579;P00300;2026-08-18T10:25;VALIDACAO;EXTRAIDO;VALIDADO;U03;;
E001580;P00300;2026-08-18T10:25;ENVIO;VALIDADO;EM_TRIAGEM;SISTEMA;;
E001560;P00296;2026-08-18T10:30;REALIZACAO;MARCADO;REALIZADO;SISTEMA;;
E001601;P00304;2026-08-18T10:35;EXTRACAO;;EXTRAIDO;AGENTE;;confiança 0.96
E001605;P00305;2026-08-18T10:35;EXTRACAO;;EXTRAIDO;AGENTE;;confiança 0.91
E001608;P00306;2026-08-18T10:35;EXTRACAO;;EXTRAIDO;AGENTE;;confiança 0.84
E001602;P00304;2026-08-18T10:46;CORRECAO;EXTRAIDO;EXTRAIDO;U03;;exame corrigido
E001603;P00304;2026-08-18T10:46;VALIDACAO;EXTRAIDO;VALIDADO;U03;;
E001604;P00304;2026-08-18T10:46;ENVIO;VALIDADO;ACEITE;SISTEMA;;
E001606;P00305;2026-08-18T10:46;VALIDACAO;EXTRAIDO;VALIDADO;U03;;
E001607;P00305;2026-08-18T10:46;ENVIO;VALIDADO;ACEITE;SISTEMA;;
E001609;P00306;2026-08-18T10:46;CORRECAO;EXTRAIDO;EXTRAIDO;U03;;prazo corrigido
E001610;P00306;2026-08-18T10:46;VALIDACAO;EXTRAIDO;VALIDADO;U03;;
E001611;P00306;2026-08-18T10:46;ENVIO;VALIDADO;ACEITE;SISTEMA;;
E001618;P00307;2026-08-18T10:55;EXTRACAO;;EXTRAIDO;AGENTE;;confiança 0.86
E001621;P00308;2026-08-18T10:55;EXTRACAO;;EXTRAIDO;AGENTE;;confiança 0.86
E001612;P00304;2026-08-18T11:00;MARCACAO;ACEITE;MARCADO;AGENTE;;V01893 19/08/2026 07:30
E001614;P00305;2026-08-18T11:03;MARCACAO;ACEITE;MARCADO;AGENTE;;V01947 20/08/2026 08:00
E001628;P00309;2026-08-18T11:05;EXTRACAO;;EXTRAIDO;AGENTE;;confiança 0.83
E001616;P00306;2026-08-18T11:06;MARCACAO;ACEITE;MARCADO;AGENTE;;V03319 08/09/2026 08:30
E001585;P00301;2026-08-18T11:09;CORRECAO;EXTRAIDO;EXTRAIDO;U03;;prazo corrigido
E001586;P00301;2026-08-18T11:09;VALIDACAO;EXTRAIDO;VALIDADO;U03;;
E001587;P00301;2026-08-18T11:09;ENVIO;VALIDADO;ACEITE;SISTEMA;;
E001589;P00302;2026-08-18T11:09;VALIDACAO;EXTRAIDO;VALIDADO;U03;;
E001590;P00302;2026-08-18T11:09;ENVIO;VALIDADO;ACEITE;SISTEMA;;
E001592;P00303;2026-08-18T11:09;CORRECAO;EXTRAIDO;EXTRAIDO;U03;;prazo corrigido
E001593;P00303;2026-08-18T11:09;VALIDACAO;EXTRAIDO;VALIDADO;U03;;
E001594;P00303;2026-08-18T11:09;ENVIO;VALIDADO;ACEITE;SISTEMA;;
E001599;P00303;2026-08-18T11:17;MARCACAO;ACEITE;MARCADO;AGENTE;;V03320 08/09/2026 08:50
E001595;P00301;2026-08-18T11:24;MARCACAO;ACEITE;MARCADO;AGENTE;;V01875 19/08/2026 07:30
E001597;P00302;2026-08-18T11:27;MARCACAO;ACEITE;MARCADO;AGENTE;;V01948 20/08/2026 08:20
E001632;P00310;2026-08-18T11:35;EXTRACAO;;EXTRAIDO;AGENTE;;confiança 0.98
E001635;P00311;2026-08-18T11:35;EXTRACAO;;EXTRAIDO;AGENTE;;confiança 0.93
E001638;P00312;2026-08-18T11:35;EXTRACAO;;EXTRAIDO;AGENTE;;confiança 0.91
E001573;P00299;2026-08-18T11:47;VALIDACAO;EXTRAIDO;VALIDADO;U03;;
E001574;P00299;2026-08-18T11:47;ENVIO;VALIDADO;EM_TRIAGEM;SISTEMA;;
E001619;P00307;2026-08-18T12:06;VALIDACAO;EXTRAIDO;VALIDADO;U03;;
E001620;P00307;2026-08-18T12:06;ENVIO;VALIDADO;ACEITE;SISTEMA;;
E001622;P00308;2026-08-18T12:06;VALIDACAO;EXTRAIDO;VALIDADO;U03;;
E001623;P00308;2026-08-18T12:06;ENVIO;VALIDADO;ACEITE;SISTEMA;;
E001626;P00308;2026-08-18T12:22;MARCACAO;ACEITE;MARCADO;AGENTE;;V03321 08/09/2026 09:10
E001624;P00307;2026-08-18T12:23;MARCACAO;ACEITE;MARCADO;AGENTE;;V01876 19/08/2026 07:40
E001519;P00289;2026-08-18T12:30;FALTA;MARCADO;FALTOU;SISTEMA;Doente faltou;
E001170;P00221;2026-08-18T12:40;FALTA;MARCADO;FALTOU;SISTEMA;Doente faltou;
E001629;P00309;2026-08-18T13:11;VALIDACAO;EXTRAIDO;VALIDADO;U03;;
E001630;P00309;2026-08-18T13:11;ENVIO;VALIDADO;EM_TRIAGEM;SISTEMA;;
E001520;P00289;2026-08-18T13:30;REMARCACAO;FALTOU;MARCADO;AGENTE;Falta do doente;nova data 20/08/2026 10:00
E001171;P00221;2026-08-18T13:40;REMARCACAO;FALTOU;MARCADO;AGENTE;Falta do doente;nova data 20/08/2026 09:40
E001633;P00310;2026-08-18T13:55;VALIDACAO;EXTRAIDO;VALIDADO;U03;;
E001634;P00310;2026-08-18T13:55;ENVIO;VALIDADO;ACEITE;SISTEMA;;
E001636;P00311;2026-08-18T13:55;VALIDACAO;EXTRAIDO;VALIDADO;U03;;
E001637;P00311;2026-08-18T13:55;ENVIO;VALIDADO;ACEITE;SISTEMA;;
E001639;P00312;2026-08-18T13:55;VALIDACAO;EXTRAIDO;VALIDADO;U03;;
E001640;P00312;2026-08-18T13:55;ENVIO;VALIDADO;ACEITE;SISTEMA;;
E001641;P00310;2026-08-18T14:05;MARCACAO;ACEITE;MARCADO;AGENTE;;V01894 19/08/2026 07:40
E001643;P00311;2026-08-18T14:06;MARCACAO;ACEITE;MARCADO;AGENTE;;V01951 20/08/2026 09:20
E001645;P00312;2026-08-18T14:11;MARCACAO;ACEITE;MARCADO;AGENTE;;V03322 08/09/2026 09:30
E001596;P00301;2026-08-19T07:40;REALIZACAO;MARCADO;REALIZADO;SISTEMA;;
E001613;P00304;2026-08-19T07:40;REALIZACAO;MARCADO;REALIZADO;SISTEMA;;
E001625;P00307;2026-08-19T07:50;REALIZACAO;MARCADO;REALIZADO;SISTEMA;;
E001642;P00310;2026-08-19T07:50;REALIZACAO;MARCADO;REALIZADO;SISTEMA;;
E000229;P00045;2026-08-19T08:50;REALIZACAO;MARCADO;REALIZADO;SISTEMA;;
E001647;P00313;2026-08-19T08:55;EXTRACAO;;EXTRAIDO;AGENTE;;confiança 0.96
E001651;P00314;2026-08-19T08:55;EXTRACAO;;EXTRAIDO;AGENTE;;confiança 0.85
E000219;P00043;2026-08-19T09:10;REALIZACAO;MARCADO;REALIZADO;SISTEMA;;
E000265;P00051;2026-08-19T09:30;REALIZACAO;MARCADO;REALIZADO;SISTEMA;;
E001659;P00315;2026-08-19T09:35;EXTRACAO;;EXTRAIDO;AGENTE;;confiança 0.98
E001662;P00316;2026-08-19T09:35;EXTRACAO;;EXTRAIDO;AGENTE;;confiança 0.89
E001665;P00317;2026-08-19T09:35;EXTRACAO;;EXTRAIDO;AGENTE;;confiança 0.92
E001674;P00318;2026-08-19T09:45;EXTRACAO;;EXTRAIDO;AGENTE;;confiança 0.94
E001678;P00319;2026-08-19T09:45;EXTRACAO;;EXTRAIDO;AGENTE;;confiança 0.85
E001675;P00318;2026-08-19T10:00;CORRECAO;EXTRAIDO;EXTRAIDO;U03;;prioridade corrigida
E001676;P00318;2026-08-19T10:00;VALIDACAO;EXTRAIDO;VALIDADO;U03;;
E001677;P00318;2026-08-19T10:00;ENVIO;VALIDADO;ACEITE;SISTEMA;;
E001679;P00319;2026-08-19T10:00;VALIDACAO;EXTRAIDO;VALIDADO;U03;;
E001680;P00319;2026-08-19T10:00;ENVIO;VALIDADO;ACEITE;SISTEMA;;
E000280;P00054;2026-08-19T10:10;REALIZACAO;MARCADO;REALIZADO;SISTEMA;;
E001683;P00319;2026-08-19T10:15;MARCACAO;ACEITE;MARCADO;AGENTE;;V03429 09/09/2026 09:10
E001685;P00320;2026-08-19T10:15;EXTRACAO;;EXTRAIDO;AGENTE;;confiança 0.86
E001688;P00321;2026-08-19T10:15;EXTRACAO;;EXTRAIDO;AGENTE;;confiança 0.82
E001691;P00322;2026-08-19T10:15;EXTRACAO;;EXTRAIDO;AGENTE;;confiança 0.88
E001681;P00318;2026-08-19T10:17;MARCACAO;ACEITE;MARCADO;AGENTE;;V01973 20/08/2026 09:40
E001700;P00323;2026-08-19T10:35;EXTRACAO;;EXTRAIDO;AGENTE;;confiança 0.99
E001703;P00324;2026-08-19T10:35;EXTRACAO;;EXTRAIDO;AGENTE;;confiança 0.84
E001660;P00315;2026-08-19T10:44;VALIDACAO;EXTRAIDO;VALIDADO;U03;;
E001661;P00315;2026-08-19T10:44;ENVIO;VALIDADO;ACEITE;SISTEMA;;
E001663;P00316;2026-08-19T10:44;VALIDACAO;EXTRAIDO;VALIDADO;U03;;
E001664;P00316;2026-08-19T10:44;ENVIO;VALIDADO;ACEITE;SISTEMA;;
E001666;P00317;2026-08-19T10:44;VALIDACAO;EXTRAIDO;VALIDADO;U03;;
E001667;P00317;2026-08-19T10:44;ENVIO;VALIDADO;ACEITE;SISTEMA;;
E001710;P00325;2026-08-19T10:55;EXTRACAO;;EXTRAIDO;AGENTE;;confiança 0.89
E001713;P00326;2026-08-19T10:55;EXTRACAO;;EXTRAIDO;AGENTE;;confiança 0.89
E001672;P00317;2026-08-19T10:58;MARCACAO;ACEITE;MARCADO;AGENTE;;V03432 09/09/2026 10:10
E001668;P00315;2026-08-19T10:59;MARCACAO;ACEITE;MARCADO;AGENTE;;V01983 20/08/2026 07:30
E001540;P00292;2026-08-19T11:00;FALTA;MARCADO;FALTOU;SISTEMA;Doente faltou;
E001648;P00313;2026-08-19T11:00;CORRECAO;EXTRAIDO;EXTRAIDO;U03;;exame corrigido
E001649;P00313;2026-08-19T11:00;VALIDACAO;EXTRAIDO;VALIDADO;U03;;
E001650;P00313;2026-08-19T11:00;ENVIO;VALIDADO;ACEITE;SISTEMA;;
E001652;P00314;2026-08-19T11:00;CORRECAO;EXTRAIDO;EXTRAIDO;U03;;serviço corrigido
E001653;P00314;2026-08-19T11:00;VALIDACAO;EXTRAIDO;VALIDADO;U03;;
E001654;P00314;2026-08-19T11:00;ENVIO;VALIDADO;ACEITE;SISTEMA;;
E001670;P00316;2026-08-19T11:03;MARCACAO;ACEITE;MARCADO;AGENTE;;V02056 21/08/2026 08:20
E001686;P00320;2026-08-19T11:06;VALIDACAO;EXTRAIDO;VALIDADO;U03;;
E001687;P00320;2026-08-19T11:06;ENVIO;VALIDADO;ACEITE;SISTEMA;;
E001689;P00321;2026-08-19T11:06;VALIDACAO;EXTRAIDO;VALIDADO;U03;;
E001690;P00321;2026-08-19T11:06;ENVIO;VALIDADO;ACEITE;SISTEMA;;
E001692;P00322;2026-08-19T11:06;VALIDACAO;EXTRAIDO;VALIDADO;U03;;
E001693;P00322;2026-08-19T11:06;ENVIO;VALIDADO;ACEITE;SISTEMA;;
E001696;P00321;2026-08-19T11:13;MARCACAO;ACEITE;MARCADO;AGENTE;;V02058 21/08/2026 09:00
E001655;P00313;2026-08-19T11:14;MARCACAO;ACEITE;MARCADO;AGENTE;;V01972 20/08/2026 09:20
E001722;P00327;2026-08-19T11:15;EXTRACAO;;EXTRAIDO;AGENTE;;confiança 0.85
E001725;P00328;2026-08-19T11:15;EXTRACAO;;EXTRAIDO;AGENTE;;confiança 0.83
E001657;P00314;2026-08-19T11:17;MARCACAO;ACEITE;MARCADO;AGENTE;;V03431 09/09/2026 09:50
E001694;P00320;2026-08-19T11:20;MARCACAO;ACEITE;MARCADO;AGENTE;;V01984 20/08/2026 07:40
E001698;P00322;2026-08-19T11:24;MARCACAO;ACEITE;MARCADO;AGENTE;;V03433 09/09/2026 10:30
E001701;P00323;2026-08-19T11:33;VALIDACAO;EXTRAIDO;VALIDADO;U03;;
E001702;P00323;2026-08-19T11:33;ENVIO;VALIDADO;ACEITE;SISTEMA;;
E001704;P00324;2026-08-19T11:33;VALIDACAO;EXTRAIDO;VALIDADO;U03;;
E001705;P00324;2026-08-19T11:33;ENVIO;VALIDADO;ACEITE;SISTEMA;;
E001711;P00325;2026-08-19T11:33;VALIDACAO;EXTRAIDO;VALIDADO;U03;;
E001712;P00325;2026-08-19T11:33;ENVIO;VALIDADO;ACEITE;SISTEMA;;
E001714;P00326;2026-08-19T11:33;VALIDACAO;EXTRAIDO;VALIDADO;U03;;
E001715;P00326;2026-08-19T11:33;ENVIO;VALIDADO;ACEITE;SISTEMA;;
E001708;P00324;2026-08-19T11:35;MARCACAO;ACEITE;MARCADO;AGENTE;;V03434 09/09/2026 10:50
E001732;P00329;2026-08-19T11:35;EXTRACAO;;EXTRAIDO;AGENTE;;confiança 0.96
E001706;P00323;2026-08-19T11:44;MARCACAO;ACEITE;MARCADO;AGENTE;;V02002 20/08/2026 07:40
E001716;P00325;2026-08-19T11:45;MARCACAO;ACEITE;MARCADO;AGENTE;;V01985 20/08/2026 07:50
E001718;P00326;2026-08-19T11:53;MARCACAO;ACEITE;MARCADO;AGENTE;;V03435 09/09/2026 11:10
E001738;P00330;2026-08-19T11:55;EXTRACAO;;EXTRAIDO;AGENTE;;confiança 0.95
E001741;P00331;2026-08-19T11:55;EXTRACAO;;EXTRAIDO;AGENTE;;confiança 0.98
E001541;P00292;2026-08-19T12:00;REMARCACAO;FALTOU;MARCADO;AGENTE;Falta do doente;nova data 21/08/2026 08:00
E001723;P00327;2026-08-19T12:21;VALIDACAO;EXTRAIDO;VALIDADO;U03;;
E001724;P00327;2026-08-19T12:21;ENVIO;VALIDADO;ACEITE;SISTEMA;;
E001726;P00328;2026-08-19T12:21;VALIDACAO;EXTRAIDO;VALIDADO;U03;;
E001727;P00328;2026-08-19T12:21;ENVIO;VALIDADO;ACEITE;SISTEMA;;
E001445;P00274;2026-08-19T12:30;REALIZACAO;MARCADO;REALIZADO;SISTEMA;;
E001728;P00327;2026-08-19T12:32;MARCACAO;ACEITE;MARCADO;AGENTE;;V01986 20/08/2026 08:00
E001730;P00328;2026-08-19T12:36;MARCACAO;ACEITE;MARCADO;AGENTE;;V03437 09/09/2026 11:50
E001733;P00329;2026-08-19T12:39;VALIDACAO;EXTRAIDO;VALIDADO;U03;;
E001734;P00329;2026-08-19T12:39;ENVIO;VALIDADO;EM_TRIAGEM;SISTEMA;;
E001739;P00330;2026-08-19T13:53;VALIDACAO;EXTRAIDO;VALIDADO;U03;;
E001740;P00330;2026-08-19T13:53;ENVIO;VALIDADO;ACEITE;SISTEMA;;
E001742;P00331;2026-08-19T13:53;VALIDACAO;EXTRAIDO;VALIDADO;U03;;
E001743;P00331;2026-08-19T13:53;ENVIO;VALIDADO;ACEITE;SISTEMA;;
E001744;P00330;2026-08-19T14:12;MARCACAO;ACEITE;MARCADO;AGENTE;;V02003 20/08/2026 07:50
E001746;P00331;2026-08-19T14:12;MARCACAO;ACEITE;MARCADO;AGENTE;;V03638 11/09/2026 08:30
E001525;P00290;2026-08-19T23:13;TRIAGEM;EM_TRIAGEM;ACEITE;U04;;
E001526;P00290;2026-08-19T23:27;MARCACAO;ACEITE;MARCADO;AGENTE;;V01937 20/08/2026 09:00
E001511;P00288;2026-08-20T06:07;TRIAGEM;EM_TRIAGEM;ACEITE;U04;;
E001512;P00288;2026-08-20T06:27;MARCACAO;ACEITE;MARCADO;AGENTE;;V02045 21/08/2026 09:00
E001669;P00315;2026-08-20T07:40;REALIZACAO;MARCADO;REALIZADO;SISTEMA;;
E001695;P00320;2026-08-20T07:50;REALIZACAO;MARCADO;REALIZADO;SISTEMA;;
E001707;P00323;2026-08-20T07:50;REALIZACAO;MARCADO;REALIZADO;SISTEMA;;
E001717;P00325;2026-08-20T08:00;REALIZACAO;MARCADO;REALIZADO;SISTEMA;;
E001745;P00330;2026-08-20T08:00;REALIZACAO;MARCADO;REALIZADO;SISTEMA;;
E001729;P00327;2026-08-20T08:10;REALIZACAO;MARCADO;REALIZADO;SISTEMA;;
E001615;P00305;2026-08-20T08:20;REALIZACAO;MARCADO;REALIZADO;SISTEMA;;
E001598;P00302;2026-08-20T08:40;REALIZACAO;MARCADO;REALIZADO;SISTEMA;;
E000323;P00062;2026-08-20T08:50;REALIZACAO;MARCADO;REALIZADO;SISTEMA;;
E001748;P00332;2026-08-20T08:55;EXTRACAO;;EXTRAIDO;AGENTE;;confiança 0.96
E000369;P00071;2026-08-20T09:10;REALIZACAO;MARCADO;REALIZADO;SISTEMA;;
E000333;P00064;2026-08-20T09:30;REALIZACAO;MARCADO;REALIZADO;SISTEMA;;
E001753;P00333;2026-08-20T09:35;EXTRACAO;;EXTRAIDO;AGENTE;;confiança 0.95
E001527;P00290;2026-08-20T09:40;REALIZACAO;MARCADO;REALIZADO;SISTEMA;;
E001644;P00311;2026-08-20T09:40;REALIZACAO;MARCADO;REALIZADO;SISTEMA;;
E001656;P00313;2026-08-20T09:40;REALIZACAO;MARCADO;REALIZADO;SISTEMA;;
E001749;P00332;2026-08-20T09:44;VALIDACAO;EXTRAIDO;VALIDADO;U03;;
E001750;P00332;2026-08-20T09:44;ENVIO;VALIDADO;ACEITE;SISTEMA;;
E000343;P00066;2026-08-20T09:50;REALIZACAO;MARCADO;REALIZADO;SISTEMA;;
E001751;P00332;2026-08-20T09:51;MARCACAO;ACEITE;MARCADO;AGENTE;;V02135 21/08/2026 09:00
E001682;P00318;2026-08-20T10:00;REALIZACAO;MARCADO;REALIZADO;SISTEMA;;
E003727;P00732;2026-08-20T10:10;EXTRACAO;;EXTRAIDO;AGENTE;;confiança 0.96
E001172;P00221;2026-08-20T10:20;REALIZACAO;MARCADO;REALIZADO;SISTEMA;;
E000240;P00046;2026-08-20T10:30;FALTA;MARCADO;FALTOU;SISTEMA;Doente faltou;
E000397;P00076;2026-08-20T10:30;REALIZACAO;MARCADO;REALIZADO;SISTEMA;;
E001521;P00289;2026-08-20T10:30;REALIZACAO;MARCADO;REALIZADO;SISTEMA;;
E001758;P00334;2026-08-20T10:35;EXTRACAO;;EXTRAIDO;AGENTE;;confiança 0.96
E001761;P00335;2026-08-20T10:35;EXTRACAO;;EXTRAIDO;AGENTE;;confiança 0.87
E003728;P00732;2026-08-20T10:40;VALIDACAO;EXTRAIDO;VALIDADO;U03;;
E003729;P00732;2026-08-20T10:40;ENVIO;VALIDADO;ACEITE;SISTEMA;;
E000407;P00078;2026-08-20T10:50;REALIZACAO;MARCADO;REALIZADO;SISTEMA;;
E001754;P00333;2026-08-20T10:50;VALIDACAO;EXTRAIDO;VALIDADO;U03;;
E001755;P00333;2026-08-20T10:50;ENVIO;VALIDADO;ACEITE;SISTEMA;;
E001768;P00336;2026-08-20T10:55;EXTRACAO;;EXTRAIDO;AGENTE;;confiança 0.97
E001772;P00337;2026-08-20T10:55;EXTRACAO;;EXTRAIDO;AGENTE;;confiança 0.91
E003730;P00732;2026-08-20T10:55;MARCACAO;ACEITE;MARCADO;AGENTE;;V05163 01/10/2026 10:00
E001756;P00333;2026-08-20T11:05;MARCACAO;ACEITE;MARCADO;AGENTE;;V02136 21/08/2026 09:30
E001780;P00338;2026-08-20T11:15;EXTRACAO;;EXTRAIDO;AGENTE;;confiança 0.95
E001783;P00339;2026-08-20T11:15;EXTRACAO;;EXTRAIDO;AGENTE;;confiança 0.94
E001786;P00340;2026-08-20T11:15;EXTRACAO;;EXTRAIDO;AGENTE;;confiança 0.94
E001759;P00334;2026-08-20T11:24;VALIDACAO;EXTRAIDO;VALIDADO;U03;;
E001760;P00334;2026-08-20T11:24;ENVIO;VALIDADO;ACEITE;SISTEMA;;
E001762;P00335;2026-08-20T11:24;VALIDACAO;EXTRAIDO;VALIDADO;U03;;
E001763;P00335;2026-08-20T11:24;ENVIO;VALIDADO;ACEITE;SISTEMA;;
E001764;P00334;2026-08-20T11:29;MARCACAO;ACEITE;MARCADO;AGENTE;;V02092 21/08/2026 07:40
E000241;P00046;2026-08-20T11:30;REMARCACAO;FALTOU;MARCADO;AGENTE;Falta do doente;nova data 24/08/2026 07:30
E001766;P00335;2026-08-20T11:33;MARCACAO;ACEITE;MARCADO;AGENTE;;V03533 10/09/2026 09:30
E001769;P00336;2026-08-20T11:34;CORRECAO;EXTRAIDO;EXTRAIDO;U03;;prioridade corrigida
E001770;P00336;2026-08-20T11:34;VALIDACAO;EXTRAIDO;VALIDADO;U03;;
E001771;P00336;2026-08-20T11:34;ENVIO;VALIDADO;ACEITE;SISTEMA;;
E001773;P00337;2026-08-20T11:34;CORRECAO;EXTRAIDO;EXTRAIDO;U03;;serviço corrigido
E001774;P00337;2026-08-20T11:34;VALIDACAO;EXTRAIDO;VALIDADO;U03;;
E001775;P00337;2026-08-20T11:34;ENVIO;VALIDADO;ACEITE;SISTEMA;;
E001792;P00341;2026-08-20T11:35;EXTRACAO;;EXTRAIDO;AGENTE;;confiança 0.9
E001778;P00337;2026-08-20T11:43;MARCACAO;ACEITE;MARCADO;AGENTE;;V03531 10/09/2026 08:50
E001776;P00336;2026-08-20T11:52;MARCACAO;ACEITE;MARCADO;AGENTE;;V02091 21/08/2026 07:30
E001797;P00342;2026-08-20T11:55;EXTRACAO;;EXTRAIDO;AGENTE;;confiança 0.87
E001781;P00338;2026-08-20T12:34;VALIDACAO;EXTRAIDO;VALIDADO;U03;;
E001782;P00338;2026-08-20T12:34;ENVIO;VALIDADO;ACEITE;SISTEMA;;
E001784;P00339;2026-08-20T12:34;VALIDACAO;EXTRAIDO;VALIDADO;U03;;
E001785;P00339;2026-08-20T12:34;ENVIO;VALIDADO;ACEITE;SISTEMA;;
E001787;P00340;2026-08-20T12:34;VALIDACAO;EXTRAIDO;VALIDADO;U03;;
E001788;P00340;2026-08-20T12:34;ENVIO;VALIDADO;ACEITE;SISTEMA;;
E001791;P00340;2026-08-20T12:34;SEM_VAGA;ACEITE;SEM_VAGA;AGENTE;Sem vaga no horizonte da agenda;
E001789;P00338;2026-08-20T12:38;MARCACAO;ACEITE;MARCADO;AGENTE;;V04875 28/09/2026 07:40
E000385;P00074;2026-08-20T12:50;FALTA;MARCADO;FALTOU;SISTEMA;Doente faltou;
E001798;P00342;2026-08-20T12:50;VALIDACAO;EXTRAIDO;VALIDADO;U03;;
E001799;P00342;2026-08-20T12:50;ENVIO;VALIDADO;EM_TRIAGEM;SISTEMA;;
E001790;P00339;2026-08-20T12:51;MARCACAO;ACEITE;MARCADO;AGENTE;;V07513 02/11/2026 08:00
E000386;P00074;2026-08-20T13:50;REMARCACAO;FALTOU;MARCADO;AGENTE;Falta do doente;nova data 25/08/2026 08:30
E001793;P00341;2026-08-20T13:59;VALIDACAO;EXTRAIDO;VALIDADO;U03;;
E001794;P00341;2026-08-20T13:59;ENVIO;VALIDADO;ACEITE;SISTEMA;;
E001795;P00341;2026-08-20T14:03;MARCACAO;ACEITE;MARCADO;AGENTE;;V02137 21/08/2026 10:00
E000749;P00142;2026-08-20T15:00;REMARCACAO;MARCADO;MARCADO;SISTEMA;Pedido do doente;de 21/08/2026 para 26/08/2026 09:10
E001631;P00309;2026-08-20T15:06;TRIAGEM;EM_TRIAGEM;RECUSADO;U04;Sem indicação para a consulta;
E001777;P00336;2026-08-21T07:40;REALIZACAO;MARCADO;REALIZADO;SISTEMA;;
E001765;P00334;2026-08-21T07:50;REALIZACAO;MARCADO;REALIZADO;SISTEMA;;
E001542;P00292;2026-08-21T08:20;REALIZACAO;MARCADO;REALIZADO;SISTEMA;;
E001671;P00316;2026-08-21T08:40;REALIZACAO;MARCADO;REALIZADO;SISTEMA;;
E000438;P00084;2026-08-21T08:50;REALIZACAO;MARCADO;REALIZADO;SISTEMA;;
E001808;P00344;2026-08-21T08:55;EXTRACAO;;EXTRAIDO;AGENTE;;confiança 0.91
E001811;P00345;2026-08-21T08:55;EXTRACAO;;EXTRAIDO;AGENTE;;confiança 0.94
E001814;P00346;2026-08-21T08:55;EXTRACAO;;EXTRAIDO;AGENTE;;confiança 0.97
E000465;P00089;2026-08-21T09:10;REALIZACAO;MARCADO;REALIZADO;SISTEMA;;
E001823;P00347;2026-08-21T09:15;EXTRACAO;;EXTRAIDO;AGENTE;;confiança 0.84
E001826;P00348;2026-08-21T09:15;EXTRACAO;;EXTRAIDO;AGENTE;;confiança 0.85
E001697;P00321;2026-08-21T09:20;REALIZACAO;MARCADO;REALIZADO;SISTEMA;;
E000453;P00087;2026-08-21T09:30;REALIZACAO;MARCADO;REALIZADO;SISTEMA;;
E001752;P00332;2026-08-21T09:30;REALIZACAO;MARCADO;REALIZADO;SISTEMA;;
E001833;P00349;2026-08-21T09:35;EXTRACAO;;EXTRAIDO;AGENTE;;confiança 0.92
E001836;P00350;2026-08-21T09:35;EXTRACAO;;EXTRAIDO;AGENTE;;confiança 0.92
E001513;P00288;2026-08-21T09:40;REALIZACAO;MARCADO;REALIZADO;SISTEMA;;
E000489;P00093;2026-08-21T09:50;REALIZACAO;MARCADO;REALIZADO;SISTEMA;;
E001843;P00351;2026-08-21T09:55;EXTRACAO;;EXTRAIDO;AGENTE;;confiança 0.98
E001757;P00333;2026-08-21T10:00;REALIZACAO;MARCADO;REALIZADO;SISTEMA;;
E000504;P00096;2026-08-21T10:10;REALIZACAO;MARCADO;REALIZADO;SISTEMA;;
E001849;P00352;2026-08-21T10:15;EXTRACAO;;EXTRAIDO;AGENTE;;confiança 0.91
E001852;P00353;2026-08-21T10:15;EXTRACAO;;EXTRAIDO;AGENTE;;confiança 0.88
E001855;P00354;2026-08-21T10:15;EXTRACAO;;EXTRAIDO;AGENTE;;confiança 0.87
E000519;P00099;2026-08-21T10:30;REALIZACAO;MARCADO;REALIZADO;SISTEMA;;
E001796;P00341;2026-08-21T10:30;REALIZACAO;MARCADO;REALIZADO;SISTEMA;;
E001864;P00355;2026-08-21T10:35;EXTRACAO;;EXTRAIDO;AGENTE;;confiança 0.93
E001867;P00356;2026-08-21T10:35;EXTRACAO;;EXTRAIDO;AGENTE;;confiança 0.96
E001870;P00357;2026-08-21T10:35;EXTRACAO;;EXTRAIDO;AGENTE;;confiança 0.82
E001824;P00347;2026-08-21T10:41;VALIDACAO;EXTRAIDO;VALIDADO;U03;;
E001825;P00347;2026-08-21T10:41;ENVIO;VALIDADO;ACEITE;SISTEMA;;
E001827;P00348;2026-08-21T10:41;VALIDACAO;EXTRAIDO;VALIDADO;U03;;
E001828;P00348;2026-08-21T10:41;ENVIO;VALIDADO;ACEITE;SISTEMA;;
E001831;P00348;2026-08-21T10:44;MARCACAO;ACEITE;MARCADO;AGENTE;;V03640 11/09/2026 09:10
E000529;P00101;2026-08-21T10:50;REALIZACAO;MARCADO;REALIZADO;SISTEMA;;
E001829;P00347;2026-08-21T10:54;MARCACAO;ACEITE;MARCADO;AGENTE;;V02201 24/08/2026 07:50
E001879;P00358;2026-08-21T10:55;EXTRACAO;;EXTRAIDO;AGENTE;;confiança 0.92
E001882;P00359;2026-08-21T10:55;EXTRACAO;;EXTRAIDO;AGENTE;;confiança 0.95
E001885;P00360;2026-08-21T10:55;EXTRACAO;;EXTRAIDO;AGENTE;;confiança 0.98
E001809;P00344;2026-08-21T11:01;VALIDACAO;EXTRAIDO;VALIDADO;U03;;
E001810;P00344;2026-08-21T11:01;ENVIO;VALIDADO;ACEITE;SISTEMA;;
E001812;P00345;2026-08-21T11:01;VALIDACAO;EXTRAIDO;VALIDADO;U03;;
E001813;P00345;2026-08-21T11:01;ENVIO;VALIDADO;ACEITE;SISTEMA;;
E001815;P00346;2026-08-21T11:01;VALIDACAO;EXTRAIDO;VALIDADO;U03;;
E001816;P00346;2026-08-21T11:01;ENVIO;VALIDADO;ACEITE;SISTEMA;;
E001817;P00344;2026-08-21T11:04;MARCACAO;ACEITE;MARCADO;AGENTE;;V02218 24/08/2026 07:40
E001819;P00345;2026-08-21T11:06;MARCACAO;ACEITE;MARCADO;AGENTE;;V02275 25/08/2026 09:20
E001893;P00361;2026-08-21T11:15;EXTRACAO;;EXTRAIDO;AGENTE;;confiança 0.93
E001897;P00362;2026-08-21T11:15;EXTRACAO;;EXTRAIDO;AGENTE;;confiança 0.9
E001821;P00346;2026-08-21T11:18;MARCACAO;ACEITE;MARCADO;AGENTE;;V03642 11/09/2026 09:50
E001844;P00351;2026-08-21T11:27;VALIDACAO;EXTRAIDO;VALIDADO;U03;;
E001845;P00351;2026-08-21T11:27;ENVIO;VALIDADO;EM_TRIAGEM;SISTEMA;;
E001850;P00352;2026-08-21T11:51;VALIDACAO;EXTRAIDO;VALIDADO;U03;;
E001851;P00352;2026-08-21T11:51;ENVIO;VALIDADO;ACEITE;SISTEMA;;
E001853;P00353;2026-08-21T11:51;VALIDACAO;EXTRAIDO;VALIDADO;U03;;
E001854;P00353;2026-08-21T11:51;ENVIO;VALIDADO;ACEITE;SISTEMA;;
E001856;P00354;2026-08-21T11:51;VALIDACAO;EXTRAIDO;VALIDADO;U03;;
E001857;P00354;2026-08-21T11:51;ENVIO;VALIDADO;ACEITE;SISTEMA;;
E001860;P00353;2026-08-21T11:53;MARCACAO;ACEITE;MARCADO;AGENTE;;V02273 25/08/2026 08:40
E001905;P00363;2026-08-21T11:55;EXTRACAO;;EXTRAIDO;AGENTE;;confiança 0.83
E001909;P00364;2026-08-21T11:55;EXTRACAO;;EXTRAIDO;AGENTE;;confiança 0.94
E001834;P00349;2026-08-21T11:57;VALIDACAO;EXTRAIDO;VALIDADO;U03;;
E001835;P00349;2026-08-21T11:57;ENVIO;VALIDADO;ACEITE;SISTEMA;;
E001837;P00350;2026-08-21T11:57;VALIDACAO;EXTRAIDO;VALIDADO;U03;;
E001838;P00350;2026-08-21T11:57;ENVIO;VALIDADO;ACEITE;SISTEMA;;
E001858;P00352;2026-08-21T12:01;MARCACAO;ACEITE;MARCADO;AGENTE;;V02220 24/08/2026 08:00
E001862;P00354;2026-08-21T12:05;MARCACAO;ACEITE;MARCADO;AGENTE;;V03643 11/09/2026 10:10
E001841;P00350;2026-08-21T12:06;MARCACAO;ACEITE;MARCADO;AGENTE;;V03641 11/09/2026 09:30
E001839;P00349;2026-08-21T12:11;MARCACAO;ACEITE;MARCADO;AGENTE;;V02219 24/08/2026 07:50
E001880;P00358;2026-08-21T12:20;VALIDACAO;EXTRAIDO;VALIDADO;U03;;
E001881;P00358;2026-08-21T12:20;ENVIO;VALIDADO;ACEITE;SISTEMA;;
E001883;P00359;2026-08-21T12:20;VALIDACAO;EXTRAIDO;VALIDADO;U03;;
E001884;P00359;2026-08-21T12:20;ENVIO;VALIDADO;ACEITE;SISTEMA;;
E001886;P00360;2026-08-21T12:20;VALIDACAO;EXTRAIDO;VALIDADO;U03;;
E001887;P00360;2026-08-21T12:20;ENVIO;VALIDADO;ACEITE;SISTEMA;;
E001890;P00359;2026-08-21T12:21;MARCACAO;ACEITE;MARCADO;AGENTE;;V04411 22/09/2026 08:00
E001865;P00355;2026-08-21T12:33;VALIDACAO;EXTRAIDO;VALIDADO;U03;;
E001866;P00355;2026-08-21T12:33;ENVIO;VALIDADO;ACEITE;SISTEMA;;
E001868;P00356;2026-08-21T12:33;VALIDACAO;EXTRAIDO;VALIDADO;U03;;
E001869;P00356;2026-08-21T12:33;ENVIO;VALIDADO;ACEITE;SISTEMA;;
E001871;P00357;2026-08-21T12:33;VALIDACAO;EXTRAIDO;VALIDADO;U03;;
E001872;P00357;2026-08-21T12:33;ENVIO;VALIDADO;ACEITE;SISTEMA;;
E001875;P00356;2026-08-21T12:38;MARCACAO;ACEITE;MARCADO;AGENTE;;V02277 25/08/2026 10:00
E001892;P00360;2026-08-21T12:38;MARCACAO;ACEITE;MARCADO;AGENTE;;V05032 30/09/2026 08:30
E001888;P00358;2026-08-21T12:40;MARCACAO;ACEITE;MARCADO;AGENTE;;V04357 21/09/2026 07:30
E001873;P00355;2026-08-21T12:41;MARCACAO;ACEITE;MARCADO;AGENTE;;V02202 24/08/2026 08:00
E001877;P00357;2026-08-21T12:46;MARCACAO;ACEITE;MARCADO;AGENTE;;V03645 11/09/2026 10:50
E001894;P00361;2026-08-21T12:55;CORRECAO;EXTRAIDO;EXTRAIDO;U03;;exame corrigido
E001895;P00361;2026-08-21T12:55;VALIDACAO;EXTRAIDO;VALIDADO;U03;;
E001896;P00361;2026-08-21T12:55;ENVIO;VALIDADO;ACEITE;SISTEMA;;
E001898;P00362;2026-08-21T12:55;CORRECAO;EXTRAIDO;EXTRAIDO;U03;;prioridade corrigida
E001899;P00362;2026-08-21T12:55;VALIDACAO;EXTRAIDO;VALIDADO;U03;;
E001900;P00362;2026-08-21T12:55;ENVIO;VALIDADO;ACEITE;SISTEMA;;
E001906;P00363;2026-08-21T12:55;CORRECAO;EXTRAIDO;EXTRAIDO;U03;;prazo corrigido
E001907;P00363;2026-08-21T12:55;VALIDACAO;EXTRAIDO;VALIDADO;U03;;
E001908;P00363;2026-08-21T12:55;ENVIO;VALIDADO;ACEITE;SISTEMA;;
E001910;P00364;2026-08-21T12:55;CORRECAO;EXTRAIDO;EXTRAIDO;U03;;serviço corrigido
E001911;P00364;2026-08-21T12:55;VALIDACAO;EXTRAIDO;VALIDADO;U03;;
E001912;P00364;2026-08-21T12:55;ENVIO;VALIDADO;ACEITE;SISTEMA;;
E001913;P00363;2026-08-21T13:03;MARCACAO;ACEITE;MARCADO;AGENTE;;V02221 24/08/2026 08:10
E001915;P00364;2026-08-21T13:09;MARCACAO;ACEITE;MARCADO;AGENTE;;V03644 11/09/2026 10:30
E001901;P00361;2026-08-21T13:10;MARCACAO;ACEITE;MARCADO;AGENTE;;V02203 24/08/2026 08:10
E001903;P00362;2026-08-21T13:10;MARCACAO;ACEITE;MARCADO;AGENTE;;V03646 11/09/2026 11:10
E001735;P00329;2026-08-21T17:32;TRIAGEM;EM_TRIAGEM;ACEITE;U10;;
E001736;P00329;2026-08-21T17:47;MARCACAO;ACEITE;MARCADO;AGENTE;;V02237 24/08/2026 08:30
E001581;P00300;2026-08-24T02:38;TRIAGEM;EM_TRIAGEM;ACEITE;U04;;
E001582;P00300;2026-08-24T02:45;MARCACAO;ACEITE;MARCADO;AGENTE;;V02262 25/08/2026 09:40
E001564;P00297;2026-08-24T03:29;TRIAGEM;EM_TRIAGEM;ACEITE;U10;;
E001565;P00297;2026-08-24T03:42;MARCACAO;ACEITE;MARCADO;AGENTE;;V02448 26/08/2026 08:30
E001567;P00298;2026-08-24T03:42;EXTRACAO;;EXTRAIDO;AGENTE;;confiança 1.0
E001568;P00298;2026-08-24T03:42;VALIDACAO;EXTRAIDO;VALIDADO;SISTEMA;;
E001569;P00298;2026-08-24T03:42;ENVIO;VALIDADO;ACEITE;SISTEMA;;
E001570;P00298;2026-08-24T03:42;MARCACAO;ACEITE;MARCADO;AGENTE;;V02307 25/08/2026 07:30
E001846;P00351;2026-08-24T04:49;TRIAGEM;EM_TRIAGEM;ACEITE;U04;;
E001800;P00342;2026-08-24T05:02;TRIAGEM;EM_TRIAGEM;ACEITE;U10;;
E001847;P00351;2026-08-24T05:06;MARCACAO;ACEITE;MARCADO;AGENTE;;V02472 27/08/2026 09:00
E001801;P00342;2026-08-24T05:15;MARCACAO;ACEITE;MARCADO;AGENTE;;V02446 26/08/2026 08:30
E001803;P00343;2026-08-24T05:15;EXTRACAO;;EXTRAIDO;AGENTE;;confiança 1.0
E001804;P00343;2026-08-24T05:15;VALIDACAO;EXTRAIDO;VALIDADO;SISTEMA;;
E001805;P00343;2026-08-24T05:15;ENVIO;VALIDADO;ACEITE;SISTEMA;;
E001806;P00343;2026-08-24T05:15;MARCACAO;ACEITE;MARCADO;AGENTE;;V02325 25/08/2026 07:30
E001575;P00299;2026-08-24T07:21;TRIAGEM;EM_TRIAGEM;ACEITE;U04;;
E001576;P00299;2026-08-24T07:28;MARCACAO;ACEITE;MARCADO;AGENTE;;V02261 25/08/2026 09:00
E000242;P00046;2026-08-24T07:40;REALIZACAO;MARCADO;REALIZADO;SISTEMA;;
E000775;P00146;2026-08-24T07:40;REALIZACAO;MARCADO;REALIZADO;SISTEMA;;
E000418;P00079;2026-08-24T07:50;REALIZACAO;MARCADO;REALIZADO;SISTEMA;;
E001818;P00344;2026-08-24T07:50;REALIZACAO;MARCADO;REALIZADO;SISTEMA;;
E001830;P00347;2026-08-24T08:00;REALIZACAO;MARCADO;REALIZADO;SISTEMA;;
E001840;P00349;2026-08-24T08:00;REALIZACAO;MARCADO;REALIZADO;SISTEMA;;
E001859;P00352;2026-08-24T08:10;REALIZACAO;MARCADO;REALIZADO;SISTEMA;;
E001874;P00355;2026-08-24T08:10;REALIZACAO;MARCADO;REALIZADO;SISTEMA;;
E001902;P00361;2026-08-24T08:20;REALIZACAO;MARCADO;REALIZADO;SISTEMA;;
E001914;P00363;2026-08-24T08:20;REALIZACAO;MARCADO;REALIZADO;SISTEMA;;
E000539;P00103;2026-08-24T08:50;REALIZACAO;MARCADO;REALIZADO;SISTEMA;;
E000601;P00115;2026-08-24T09:10;REALIZACAO;MARCADO;REALIZADO;SISTEMA;;
E000579;P00111;2026-08-24T09:30;REALIZACAO;MARCADO;REALIZADO;SISTEMA;;
E001917;P00365;2026-08-24T09:35;EXTRACAO;;EXTRAIDO;AGENTE;;confiança 0.87
E001920;P00366;2026-08-24T09:35;EXTRACAO;;EXTRAIDO;AGENTE;;confiança 0.99
E001924;P00367;2026-08-24T09:35;EXTRACAO;;EXTRAIDO;AGENTE;;confiança 0.92
E001933;P00368;2026-08-24T09:45;EXTRACAO;;EXTRAIDO;AGENTE;;confiança 0.98
E001937;P00369;2026-08-24T09:45;EXTRACAO;;EXTRAIDO;AGENTE;;confiança 0.83
E001941;P00370;2026-08-24T09:45;EXTRACAO;;EXTRAIDO;AGENTE;;confiança 0.83
E000619;P00118;2026-08-24T10:10;REALIZACAO;MARCADO;REALIZADO;SISTEMA;;
E001954;P00371;2026-08-24T10:15;EXTRACAO;;EXTRAIDO;AGENTE;;confiança 0.96
E001957;P00372;2026-08-24T10:15;EXTRACAO;;EXTRAIDO;AGENTE;;confiança 0.98
E001960;P00373;2026-08-24T10:15;EXTRACAO;;EXTRAIDO;AGENTE;;confiança 0.98
E001918;P00365;2026-08-24T10:24;VALIDACAO;EXTRAIDO;VALIDADO;U03;;
E001919;P00365;2026-08-24T10:24;ENVIO;VALIDADO;ACEITE;SISTEMA;;
E001921;P00366;2026-08-24T10:24;CORRECAO;EXTRAIDO;EXTRAIDO;U03;;exame corrigido
E001922;P00366;2026-08-24T10:24;VALIDACAO;EXTRAIDO;VALIDADO;U03;;
E001923;P00366;2026-08-24T10:24;ENVIO;VALIDADO;ACEITE;SISTEMA;;
E001925;P00367;2026-08-24T10:24;VALIDACAO;EXTRAIDO;VALIDADO;U03;;
E001926;P00367;2026-08-24T10:24;ENVIO;VALIDADO;ACEITE;SISTEMA;;
E001929;P00366;2026-08-24T10:25;MARCACAO;ACEITE;MARCADO;AGENTE;;V02374 26/08/2026 08:00
E001927;P00365;2026-08-24T10:35;MARCACAO;ACEITE;MARCADO;AGENTE;;V02326 25/08/2026 07:40
E001931;P00367;2026-08-24T10:35;MARCACAO;ACEITE;MARCADO;AGENTE;;V03746 14/09/2026 08:30
E001969;P00374;2026-08-24T10:35;EXTRACAO;;EXTRAIDO;AGENTE;;confiança 0.89
E001972;P00375;2026-08-24T10:35;EXTRACAO;;EXTRAIDO;AGENTE;;confiança 0.87
E001976;P00376;2026-08-24T10:35;EXTRACAO;;EXTRAIDO;AGENTE;;confiança 0.96
E001984;P00377;2026-08-24T10:55;EXTRACAO;;EXTRAIDO;AGENTE;;confiança 0.86
E001987;P00378;2026-08-24T10:55;EXTRACAO;;EXTRAIDO;AGENTE;;confiança 0.89
E001990;P00379;2026-08-24T10:55;EXTRACAO;;EXTRAIDO;AGENTE;;confiança 0.99
E001999;P00380;2026-08-24T11:05;EXTRACAO;;EXTRAIDO;AGENTE;;confiança 0.92
E002002;P00381;2026-08-24T11:05;EXTRACAO;;EXTRAIDO;AGENTE;;confiança 0.95
E002005;P00382;2026-08-24T11:05;EXTRACAO;;EXTRAIDO;AGENTE;;confiança 0.9
E001985;P00377;2026-08-24T11:27;VALIDACAO;EXTRAIDO;VALIDADO;U03;;
E001986;P00377;2026-08-24T11:27;ENVIO;VALIDADO;ACEITE;SISTEMA;;
E001988;P00378;2026-08-24T11:27;VALIDACAO;EXTRAIDO;VALIDADO;U03;;
E001989;P00378;2026-08-24T11:27;ENVIO;VALIDADO;ACEITE;SISTEMA;;
E001991;P00379;2026-08-24T11:27;VALIDACAO;EXTRAIDO;VALIDADO;U03;;
E001992;P00379;2026-08-24T11:27;ENVIO;VALIDADO;ACEITE;SISTEMA;;
E002014;P00383;2026-08-24T11:35;EXTRACAO;;EXTRAIDO;AGENTE;;confiança 0.98
E002018;P00384;2026-08-24T11:35;EXTRACAO;;EXTRAIDO;AGENTE;;confiança 0.85
E002022;P00385;2026-08-24T11:35;EXTRACAO;;EXTRAIDO;AGENTE;;confiança 0.83
E001995;P00378;2026-08-24T11:40;MARCACAO;ACEITE;MARCADO;AGENTE;;V02375 26/08/2026 08:20
E001997;P00379;2026-08-24T11:42;MARCACAO;ACEITE;MARCADO;AGENTE;;V03749 14/09/2026 09:30
E002000;P00380;2026-08-24T11:42;VALIDACAO;EXTRAIDO;VALIDADO;U03;;
E002001;P00380;2026-08-24T11:42;ENVIO;VALIDADO;ACEITE;SISTEMA;;
E002003;P00381;2026-08-24T11:42;VALIDACAO;EXTRAIDO;VALIDADO;U03;;
E002004;P00381;2026-08-24T11:42;ENVIO;VALIDADO;ACEITE;SISTEMA;;
E002006;P00382;2026-08-24T11:42;VALIDACAO;EXTRAIDO;VALIDADO;U03;;
E002007;P00382;2026-08-24T11:42;ENVIO;VALIDADO;ACEITE;SISTEMA;;
E001993;P00377;2026-08-24T11:43;MARCACAO;ACEITE;MARCADO;AGENTE;;V02327 25/08/2026 07:50
E002010;P00381;2026-08-24T11:46;MARCACAO;ACEITE;MARCADO;AGENTE;;V02377 26/08/2026 09:00
E002012;P00382;2026-08-24T11:50;MARCACAO;ACEITE;MARCADO;AGENTE;;V03748 14/09/2026 09:10
E002035;P00386;2026-08-24T11:55;EXTRACAO;;EXTRAIDO;AGENTE;;confiança 0.97
E002039;P00387;2026-08-24T11:55;EXTRACAO;;EXTRAIDO;AGENTE;;confiança 0.93
E002043;P00388;2026-08-24T11:55;EXTRACAO;;EXTRAIDO;AGENTE;;confiança 0.82
E002008;P00380;2026-08-24T12:02;MARCACAO;ACEITE;MARCADO;AGENTE;;V02311 25/08/2026 08:10
E001934;P00368;2026-08-24T12:06;CORRECAO;EXTRAIDO;EXTRAIDO;U03;;exame corrigido
E001935;P00368;2026-08-24T12:06;VALIDACAO;EXTRAIDO;VALIDADO;U03;;
E001936;P00368;2026-08-24T12:06;ENVIO;VALIDADO;ACEITE;SISTEMA;;
E001938;P00369;2026-08-24T12:06;CORRECAO;EXTRAIDO;EXTRAIDO;U03;;prazo corrigido
E001939;P00369;2026-08-24T12:06;VALIDACAO;EXTRAIDO;VALIDADO;U03;;
E001940;P00369;2026-08-24T12:06;ENVIO;VALIDADO;ACEITE;SISTEMA;;
E001942;P00370;2026-08-24T12:06;CORRECAO;EXTRAIDO;EXTRAIDO;U03;;prioridade corrigida
E001943;P00370;2026-08-24T12:06;VALIDACAO;EXTRAIDO;VALIDADO;U03;;
E001944;P00370;2026-08-24T12:06;ENVIO;VALIDADO;ACEITE;SISTEMA;;
E001945;P00368;2026-08-24T12:07;MARCACAO;ACEITE;MARCADO;AGENTE;;V02308 25/08/2026 07:40
E001970;P00374;2026-08-24T12:07;VALIDACAO;EXTRAIDO;VALIDADO;U03;;
E001971;P00374;2026-08-24T12:07;ENVIO;VALIDADO;ACEITE;SISTEMA;;
E001973;P00375;2026-08-24T12:07;CORRECAO;EXTRAIDO;EXTRAIDO;U03;;exame corrigido
E001974;P00375;2026-08-24T12:07;VALIDACAO;EXTRAIDO;VALIDADO;U03;;
E001975;P00375;2026-08-24T12:07;ENVIO;VALIDADO;ACEITE;SISTEMA;;
E001977;P00376;2026-08-24T12:07;CORRECAO;EXTRAIDO;EXTRAIDO;U03;;serviço corrigido
E001978;P00376;2026-08-24T12:07;VALIDACAO;EXTRAIDO;VALIDADO;U03;;
E001979;P00376;2026-08-24T12:07;ENVIO;VALIDADO;ACEITE;SISTEMA;;
E001982;P00375;2026-08-24T12:08;MARCACAO;ACEITE;MARCADO;AGENTE;;V05584 07/10/2026 08:00
E001983;P00376;2026-08-24T12:11;MARCACAO;ACEITE;MARCADO;AGENTE;;V06102 14/10/2026 08:30
E001980;P00374;2026-08-24T12:13;MARCACAO;ACEITE;MARCADO;AGENTE;;V02310 25/08/2026 08:00
E001951;P00370;2026-08-24T12:15;MARCACAO;ACEITE;MARCADO;AGENTE;;V04284 21/09/2026 09:30
E001953;P00370;2026-08-24T12:15;REMARCACAO;MARCADO;MARCADO;SISTEMA;Dependência não cumprida (falta a exame);
E001955;P00371;2026-08-24T12:17;VALIDACAO;EXTRAIDO;VALIDADO;U03;;
E001956;P00371;2026-08-24T12:17;ENVIO;VALIDADO;ACEITE;SISTEMA;;
E001958;P00372;2026-08-24T12:17;VALIDACAO;EXTRAIDO;VALIDADO;U03;;
E001959;P00372;2026-08-24T12:17;ENVIO;VALIDADO;ACEITE;SISTEMA;;
E001961;P00373;2026-08-24T12:17;VALIDACAO;EXTRAIDO;VALIDADO;U03;;
E001962;P00373;2026-08-24T12:17;ENVIO;VALIDADO;ACEITE;SISTEMA;;
E001967;P00373;2026-08-24T12:18;MARCACAO;ACEITE;MARCADO;AGENTE;;V03747 14/09/2026 08:50
E001949;P00369;2026-08-24T12:23;MARCACAO;ACEITE;MARCADO;AGENTE;;V03768 14/09/2026 08:00
E001965;P00372;2026-08-24T12:26;MARCACAO;ACEITE;MARCADO;AGENTE;;V02376 26/08/2026 08:40
E001737;P00329;2026-08-24T12:30;REALIZACAO;MARCADO;REALIZADO;SISTEMA;;
E001963;P00371;2026-08-24T12:34;MARCACAO;ACEITE;MARCADO;AGENTE;;V02309 25/08/2026 07:50
E002015;P00383;2026-08-24T13:20;CORRECAO;EXTRAIDO;EXTRAIDO;U03;;serviço corrigido
E002016;P00383;2026-08-24T13:20;VALIDACAO;EXTRAIDO;VALIDADO;U03;;
E002017;P00383;2026-08-24T13:20;ENVIO;VALIDADO;ACEITE;SISTEMA;;
E002019;P00384;2026-08-24T13:20;CORRECAO;EXTRAIDO;EXTRAIDO;U03;;prazo corrigido
E002020;P00384;2026-08-24T13:20;VALIDACAO;EXTRAIDO;VALIDADO;U03;;
E002021;P00384;2026-08-24T13:20;ENVIO;VALIDADO;ACEITE;SISTEMA;;
E002023;P00385;2026-08-24T13:20;CORRECAO;EXTRAIDO;EXTRAIDO;U03;;prioridade corrigida
E002024;P00385;2026-08-24T13:20;VALIDACAO;EXTRAIDO;VALIDADO;U03;;
E002025;P00385;2026-08-24T13:20;ENVIO;VALIDADO;ACEITE;SISTEMA;;
E002036;P00386;2026-08-24T13:22;CORRECAO;EXTRAIDO;EXTRAIDO;U03;;exame corrigido
E002037;P00386;2026-08-24T13:22;VALIDACAO;EXTRAIDO;VALIDADO;U03;;
E002038;P00386;2026-08-24T13:22;ENVIO;VALIDADO;ACEITE;SISTEMA;;
E002040;P00387;2026-08-24T13:22;CORRECAO;EXTRAIDO;EXTRAIDO;U03;;exame corrigido
E002041;P00387;2026-08-24T13:22;VALIDACAO;EXTRAIDO;VALIDADO;U03;;
E002042;P00387;2026-08-24T13:22;ENVIO;VALIDADO;ACEITE;SISTEMA;;
E002044;P00388;2026-08-24T13:22;VALIDACAO;EXTRAIDO;VALIDADO;U03;;
E002045;P00388;2026-08-24T13:22;ENVIO;VALIDADO;ACEITE;SISTEMA;;
E002030;P00384;2026-08-24T13:27;MARCACAO;ACEITE;MARCADO;AGENTE;;V02591 28/08/2026 08:20
E002026;P00383;2026-08-24T13:35;MARCACAO;ACEITE;MARCADO;AGENTE;;V02328 25/08/2026 08:00
E002046;P00386;2026-08-24T13:37;MARCACAO;ACEITE;MARCADO;AGENTE;;V02312 25/08/2026 08:20
E002048;P00387;2026-08-24T13:37;MARCACAO;ACEITE;MARCADO;AGENTE;;V05050 30/09/2026 08:20
E002049;P00388;2026-08-24T13:37;MARCACAO;ACEITE;MARCADO;AGENTE;;V05569 07/10/2026 09:10
E002032;P00385;2026-08-24T13:40;MARCACAO;ACEITE;MARCADO;AGENTE;;V03750 14/09/2026 09:50
E002034;P00385;2026-08-24T13:40;REMARCACAO;MARCADO;MARCADO;SISTEMA;Dependência não cumprida (falta a exame);
E001571;P00298;2026-08-25T07:40;REALIZACAO;MARCADO;REALIZADO;SISTEMA;;
E001807;P00343;2026-08-25T07:40;REALIZACAO;MARCADO;REALIZADO;SISTEMA;;
E001928;P00365;2026-08-25T07:50;REALIZACAO;MARCADO;REALIZADO;SISTEMA;;
E001964;P00371;2026-08-25T08:00;REALIZACAO;MARCADO;REALIZADO;SISTEMA;;
E001994;P00377;2026-08-25T08:00;REALIZACAO;MARCADO;REALIZADO;SISTEMA;;
E001981;P00374;2026-08-25T08:10;REALIZACAO;MARCADO;REALIZADO;SISTEMA;;
E000244;P00047;2026-08-25T08:20;REALIZACAO;MARCADO;REALIZADO;SISTEMA;;
E002009;P00380;2026-08-25T08:20;REALIZACAO;MARCADO;REALIZADO;SISTEMA;;
E002047;P00386;2026-08-25T08:30;REALIZACAO;MARCADO;REALIZADO;SISTEMA;;
E000421;P00080;2026-08-25T08:40;REALIZACAO;MARCADO;REALIZADO;SISTEMA;;
E000387;P00074;2026-08-25T08:50;REALIZACAO;MARCADO;REALIZADO;SISTEMA;;
E002050;P00389;2026-08-25T08:55;EXTRACAO;;EXTRAIDO;AGENTE;;confiança 0.82
E001861;P00353;2026-08-25T09:00;REALIZACAO;MARCADO;REALIZADO;SISTEMA;;
E000665;P00127;2026-08-25T09:10;REALIZACAO;MARCADO;REALIZADO;SISTEMA;;
E002061;P00391;2026-08-25T09:15;EXTRACAO;;EXTRAIDO;AGENTE;;confiança 0.99
E002064;P00392;2026-08-25T09:15;EXTRACAO;;EXTRAIDO;AGENTE;;confiança 0.95
E000688;P00131;2026-08-25T09:20;REALIZACAO;MARCADO;REALIZADO;SISTEMA;;
E000650;P00124;2026-08-25T09:30;REALIZACAO;MARCADO;REALIZADO;SISTEMA;;
E002051;P00389;2026-08-25T09:30;VALIDACAO;EXTRAIDO;VALIDADO;U03;;
E002052;P00389;2026-08-25T09:30;ENVIO;VALIDADO;EM_TRIAGEM;SISTEMA;;
E002071;P00393;2026-08-25T09:35;EXTRACAO;;EXTRAIDO;AGENTE;;confiança 0.94
E002075;P00394;2026-08-25T09:35;EXTRACAO;;EXTRAIDO;AGENTE;;confiança 0.88
E001577;P00299;2026-08-25T09:40;REALIZACAO;MARCADO;REALIZADO;SISTEMA;;
E001820;P00345;2026-08-25T09:40;REALIZACAO;MARCADO;REALIZADO;SISTEMA;;
E000675;P00129;2026-08-25T09:50;REALIZACAO;MARCADO;REALIZADO;SISTEMA;;
E002083;P00395;2026-08-25T09:55;EXTRACAO;;EXTRAIDO;AGENTE;;confiança 0.94
E002086;P00396;2026-08-25T09:55;EXTRACAO;;EXTRAIDO;AGENTE;;confiança 0.83
E002089;P00397;2026-08-25T09:55;EXTRACAO;;EXTRAIDO;AGENTE;;confiança 0.83
E000715;P00136;2026-08-25T10:10;REALIZACAO;MARCADO;REALIZADO;SISTEMA;;
E002098;P00398;2026-08-25T10:15;EXTRACAO;;EXTRAIDO;AGENTE;;confiança 0.97
E002101;P00399;2026-08-25T10:15;EXTRACAO;;EXTRAIDO;AGENTE;;confiança 0.92
E002104;P00400;2026-08-25T10:15;EXTRACAO;;EXTRAIDO;AGENTE;;confiança 0.93
E001583;P00300;2026-08-25T10:20;REALIZACAO;MARCADO;REALIZADO;SISTEMA;;
E001876;P00356;2026-08-25T10:20;REALIZACAO;MARCADO;REALIZADO;SISTEMA;;
E002084;P00395;2026-08-25T10:22;VALIDACAO;EXTRAIDO;VALIDADO;U03;;
E002085;P00395;2026-08-25T10:22;ENVIO;VALIDADO;ACEITE;SISTEMA;;
E002087;P00396;2026-08-25T10:22;VALIDACAO;EXTRAIDO;VALIDADO;U03;;
E002088;P00396;2026-08-25T10:22;ENVIO;VALIDADO;ACEITE;SISTEMA;;
E002090;P00397;2026-08-25T10:22;VALIDACAO;EXTRAIDO;VALIDADO;U03;;
E002091;P00397;2026-08-25T10:22;ENVIO;VALIDADO;ACEITE;SISTEMA;;
E002094;P00396;2026-08-25T10:27;MARCACAO;ACEITE;MARCADO;AGENTE;;V02482 27/08/2026 08:00
E002096;P00397;2026-08-25T10:37;MARCACAO;ACEITE;MARCADO;AGENTE;;V03858 15/09/2026 09:50
E002092;P00395;2026-08-25T10:39;MARCACAO;ACEITE;MARCADO;AGENTE;;V02411 26/08/2026 07:40
E001946;P00368;2026-08-25T10:40;FALTA;MARCADO;FALTOU;SISTEMA;Doente faltou;
E002113;P00401;2026-08-25T10:55;EXTRACAO;;EXTRAIDO;AGENTE;;confiança 0.97
E002116;P00402;2026-08-25T10:55;EXTRACAO;;EXTRAIDO;AGENTE;;confiança 0.84
E002027;P00383;2026-08-25T11:00;FALTA;MARCADO;FALTOU;SISTEMA;Doente faltou;
E002123;P00403;2026-08-25T11:15;EXTRACAO;;EXTRAIDO;AGENTE;;confiança 0.9
E002126;P00404;2026-08-25T11:15;EXTRACAO;;EXTRAIDO;AGENTE;;confiança 0.82
E002130;P00405;2026-08-25T11:15;EXTRACAO;;EXTRAIDO;AGENTE;;confiança 0.93
E002139;P00406;2026-08-25T11:35;EXTRACAO;;EXTRAIDO;AGENTE;;confiança 0.89
E002142;P00407;2026-08-25T11:35;EXTRACAO;;EXTRAIDO;AGENTE;;confiança 0.89
E001947;P00368;2026-08-25T11:40;REMARCACAO;FALTOU;MARCADO;AGENTE;Falta do doente;nova data 27/08/2026 07:30
E002062;P00391;2026-08-25T11:45;VALIDACAO;EXTRAIDO;VALIDADO;U03;;
E002063;P00391;2026-08-25T11:45;ENVIO;VALIDADO;ACEITE;SISTEMA;;
E002065;P00392;2026-08-25T11:45;VALIDACAO;EXTRAIDO;VALIDADO;U03;;
E002066;P00392;2026-08-25T11:45;ENVIO;VALIDADO;ACEITE;SISTEMA;;
E002072;P00393;2026-08-25T11:47;CORRECAO;EXTRAIDO;EXTRAIDO;U03;;serviço corrigido
E002073;P00393;2026-08-25T11:47;VALIDACAO;EXTRAIDO;VALIDADO;U03;;
E002074;P00393;2026-08-25T11:47;ENVIO;VALIDADO;ACEITE;SISTEMA;;
E002076;P00394;2026-08-25T11:47;CORRECAO;EXTRAIDO;EXTRAIDO;U03;;prioridade corrigida
E002077;P00394;2026-08-25T11:47;VALIDACAO;EXTRAIDO;VALIDADO;U03;;
E002078;P00394;2026-08-25T11:47;ENVIO;VALIDADO;ACEITE;SISTEMA;;
E002067;P00391;2026-08-25T11:48;MARCACAO;ACEITE;MARCADO;AGENTE;;V02400 26/08/2026 09:40
E002124;P00403;2026-08-25T11:51;VALIDACAO;EXTRAIDO;VALIDADO;U03;;
E002125;P00403;2026-08-25T11:51;ENVIO;VALIDADO;ACEITE;SISTEMA;;
E002127;P00404;2026-08-25T11:51;CORRECAO;EXTRAIDO;EXTRAIDO;U03;;serviço corrigido
E002128;P00404;2026-08-25T11:51;VALIDACAO;EXTRAIDO;VALIDADO;U03;;
E002129;P00404;2026-08-25T11:51;ENVIO;VALIDADO;ACEITE;SISTEMA;;
E002131;P00405;2026-08-25T11:51;VALIDACAO;EXTRAIDO;VALIDADO;U03;;
E002132;P00405;2026-08-25T11:51;ENVIO;VALIDADO;ACEITE;SISTEMA;;
E002133;P00403;2026-08-25T11:52;MARCACAO;ACEITE;MARCADO;AGENTE;;V02412 26/08/2026 07:50
E002135;P00404;2026-08-25T11:55;MARCACAO;ACEITE;MARCADO;AGENTE;;V02483 27/08/2026 08:20
E002149;P00408;2026-08-25T11:55;EXTRACAO;;EXTRAIDO;AGENTE;;confiança 0.94
E002152;P00409;2026-08-25T11:55;EXTRACAO;;EXTRAIDO;AGENTE;;confiança 0.87
E002155;P00410;2026-08-25T11:55;EXTRACAO;;EXTRAIDO;AGENTE;;confiança 0.93
E002079;P00393;2026-08-25T11:57;MARCACAO;ACEITE;MARCADO;AGENTE;;V02428 26/08/2026 07:30
E002069;P00392;2026-08-25T11:58;MARCACAO;ACEITE;MARCADO;AGENTE;;V03856 15/09/2026 09:10
E002028;P00383;2026-08-25T12:00;REMARCACAO;FALTOU;MARCADO;AGENTE;Falta do doente;nova data 27/08/2026 07:30
E003736;P00734;2026-08-25T12:00;EXTRACAO;;EXTRAIDO;AGENTE;;confiança 0.94
E002137;P00405;2026-08-25T12:04;MARCACAO;ACEITE;MARCADO;AGENTE;;V03860 15/09/2026 10:30
E002081;P00394;2026-08-25T12:06;MARCACAO;ACEITE;MARCADO;AGENTE;;V03854 15/09/2026 08:30
E002114;P00401;2026-08-25T12:06;VALIDACAO;EXTRAIDO;VALIDADO;U03;;
E002115;P00401;2026-08-25T12:06;ENVIO;VALIDADO;ACEITE;SISTEMA;;
E002117;P00402;2026-08-25T12:06;VALIDACAO;EXTRAIDO;VALIDADO;U03;;
E002118;P00402;2026-08-25T12:06;ENVIO;VALIDADO;ACEITE;SISTEMA;;
E002121;P00402;2026-08-25T12:09;MARCACAO;ACEITE;MARCADO;AGENTE;;V03859 15/09/2026 10:10
E002119;P00401;2026-08-25T12:11;MARCACAO;ACEITE;MARCADO;AGENTE;;V02410 26/08/2026 07:30
E002099;P00398;2026-08-25T12:23;VALIDACAO;EXTRAIDO;VALIDADO;U03;;
E002100;P00398;2026-08-25T12:23;ENVIO;VALIDADO;ACEITE;SISTEMA;;
E002102;P00399;2026-08-25T12:23;VALIDACAO;EXTRAIDO;VALIDADO;U03;;
E002103;P00399;2026-08-25T12:23;ENVIO;VALIDADO;ACEITE;SISTEMA;;
E002105;P00400;2026-08-25T12:23;VALIDACAO;EXTRAIDO;VALIDADO;U03;;
E002106;P00400;2026-08-25T12:23;ENVIO;VALIDADO;ACEITE;SISTEMA;;
E002111;P00400;2026-08-25T12:24;MARCACAO;ACEITE;MARCADO;AGENTE;;V03855 15/09/2026 08:50
E002109;P00399;2026-08-25T12:26;MARCACAO;ACEITE;MARCADO;AGENTE;;V02484 27/08/2026 08:40
E002107;P00398;2026-08-25T12:35;MARCACAO;ACEITE;MARCADO;AGENTE;;V02429 26/08/2026 07:40
E003737;P00734;2026-08-25T12:35;VALIDACAO;EXTRAIDO;VALIDADO;U03;;
E003738;P00734;2026-08-25T12:35;ENVIO;VALIDADO;ACEITE;SISTEMA;;
E002140;P00406;2026-08-25T12:44;VALIDACAO;EXTRAIDO;VALIDADO;U03;;
E002141;P00406;2026-08-25T12:44;ENVIO;VALIDADO;ACEITE;SISTEMA;;
E002143;P00407;2026-08-25T12:44;VALIDACAO;EXTRAIDO;VALIDADO;U03;;
E002144;P00407;2026-08-25T12:44;ENVIO;VALIDADO;ACEITE;SISTEMA;;
E002147;P00407;2026-08-25T12:51;MARCACAO;ACEITE;MARCADO;AGENTE;;V03861 15/09/2026 10:50
E002145;P00406;2026-08-25T12:53;MARCACAO;ACEITE;MARCADO;AGENTE;;V02430 26/08/2026 07:50
E002150;P00408;2026-08-25T14:00;VALIDACAO;EXTRAIDO;VALIDADO;U03;;
E002151;P00408;2026-08-25T14:00;ENVIO;VALIDADO;ACEITE;SISTEMA;;
E002153;P00409;2026-08-25T14:00;VALIDACAO;EXTRAIDO;VALIDADO;U03;;
E002154;P00409;2026-08-25T14:00;ENVIO;VALIDADO;ACEITE;SISTEMA;;
E002156;P00410;2026-08-25T14:00;VALIDACAO;EXTRAIDO;VALIDADO;U03;;
E002157;P00410;2026-08-25T14:00;ENVIO;VALIDADO;ACEITE;SISTEMA;;
E002160;P00409;2026-08-25T14:12;MARCACAO;ACEITE;MARCADO;AGENTE;;V02485 27/08/2026 09:00
E002162;P00410;2026-08-25T14:13;MARCACAO;ACEITE;MARCADO;AGENTE;;V03857 15/09/2026 09:30
E002158;P00408;2026-08-25T14:17;MARCACAO;ACEITE;MARCADO;AGENTE;;V02413 26/08/2026 08:00
E002053;P00389;2026-08-26T01:10;TRIAGEM;EM_TRIAGEM;ACEITE;U10;;
E002054;P00389;2026-08-26T01:23;MARCACAO;ACEITE;MARCADO;AGENTE;;V02666 28/08/2026 08:30
E002056;P00390;2026-08-26T01:23;EXTRACAO;;EXTRAIDO;AGENTE;;confiança 1.0
E002057;P00390;2026-08-26T01:23;VALIDACAO;EXTRAIDO;VALIDADO;SISTEMA;;
E002058;P00390;2026-08-26T01:23;ENVIO;VALIDADO;ACEITE;SISTEMA;;
E002059;P00390;2026-08-26T01:23;MARCACAO;ACEITE;MARCADO;AGENTE;;V02519 27/08/2026 07:40
E002080;P00393;2026-08-26T07:40;REALIZACAO;MARCADO;REALIZADO;SISTEMA;;
E002120;P00401;2026-08-26T07:40;REALIZACAO;MARCADO;REALIZADO;SISTEMA;;
E002093;P00395;2026-08-26T07:50;REALIZACAO;MARCADO;REALIZADO;SISTEMA;;
E002108;P00398;2026-08-26T07:50;REALIZACAO;MARCADO;REALIZADO;SISTEMA;;
E002134;P00403;2026-08-26T08:00;REALIZACAO;MARCADO;REALIZADO;SISTEMA;;
E002146;P00406;2026-08-26T08:00;REALIZACAO;MARCADO;REALIZADO;SISTEMA;;
E002159;P00408;2026-08-26T08:10;REALIZACAO;MARCADO;REALIZADO;SISTEMA;;
E001930;P00366;2026-08-26T08:20;REALIZACAO;MARCADO;REALIZADO;SISTEMA;;
E001996;P00378;2026-08-26T08:40;REALIZACAO;MARCADO;REALIZADO;SISTEMA;;
E000777;P00147;2026-08-26T08:50;REALIZACAO;MARCADO;REALIZADO;SISTEMA;;
E002164;P00411;2026-08-26T08:55;EXTRACAO;;EXTRAIDO;AGENTE;;confiança 0.86
E002167;P00412;2026-08-26T08:55;EXTRACAO;;EXTRAIDO;AGENTE;;confiança 0.9
E002171;P00413;2026-08-26T08:55;EXTRACAO;;EXTRAIDO;AGENTE;;confiança 0.94
E001966;P00372;2026-08-26T09:00;REALIZACAO;MARCADO;REALIZADO;SISTEMA;;
E000817;P00155;2026-08-26T09:10;REALIZACAO;MARCADO;REALIZADO;SISTEMA;;
E002183;P00414;2026-08-26T09:15;EXTRACAO;;EXTRAIDO;AGENTE;;confiança 0.89
E002186;P00415;2026-08-26T09:15;EXTRACAO;;EXTRAIDO;AGENTE;;confiança 0.84
E002011;P00381;2026-08-26T09:20;REALIZACAO;MARCADO;REALIZADO;SISTEMA;;
E000750;P00142;2026-08-26T09:30;REALIZACAO;MARCADO;REALIZADO;SISTEMA;;
E002191;P00416;2026-08-26T09:35;EXTRACAO;;EXTRAIDO;AGENTE;;confiança 0.86
E002068;P00391;2026-08-26T10:00;REALIZACAO;MARCADO;REALIZADO;SISTEMA;;
E000787;P00149;2026-08-26T10:10;REALIZACAO;MARCADO;REALIZADO;SISTEMA;;
E002197;P00417;2026-08-26T10:15;EXTRACAO;;EXTRAIDO;AGENTE;;confiança 0.97
E000827;P00157;2026-08-26T10:30;REALIZACAO;MARCADO;REALIZADO;SISTEMA;;
E002184;P00414;2026-08-26T10:30;VALIDACAO;EXTRAIDO;VALIDADO;U03;;
E002185;P00414;2026-08-26T10:30;ENVIO;VALIDADO;ACEITE;SISTEMA;;
E002187;P00415;2026-08-26T10:30;VALIDACAO;EXTRAIDO;VALIDADO;U03;;
E002188;P00415;2026-08-26T10:30;ENVIO;VALIDADO;ACEITE;SISTEMA;;
E002192;P00416;2026-08-26T10:32;VALIDACAO;EXTRAIDO;VALIDADO;U03;;
E002193;P00416;2026-08-26T10:32;ENVIO;VALIDADO;EM_TRIAGEM;SISTEMA;;
E002203;P00418;2026-08-26T10:35;EXTRACAO;;EXTRAIDO;AGENTE;;confiança 0.98
E002206;P00419;2026-08-26T10:35;EXTRACAO;;EXTRAIDO;AGENTE;;confiança 0.9
E002209;P00420;2026-08-26T10:35;EXTRACAO;;EXTRAIDO;AGENTE;;confiança 0.97
E002189;P00414;2026-08-26T10:42;MARCACAO;ACEITE;MARCADO;AGENTE;;V04874 28/09/2026 07:30
E002190;P00415;2026-08-26T10:44;MARCACAO;ACEITE;MARCADO;AGENTE;;V05033 30/09/2026 08:50
E000807;P00153;2026-08-26T10:50;REALIZACAO;MARCADO;REALIZADO;SISTEMA;;
E002165;P00411;2026-08-26T10:50;VALIDACAO;EXTRAIDO;VALIDADO;U03;;
E002166;P00411;2026-08-26T10:50;ENVIO;VALIDADO;ACEITE;SISTEMA;;
E002168;P00412;2026-08-26T10:50;CORRECAO;EXTRAIDO;EXTRAIDO;U03;;prazo corrigido
E002169;P00412;2026-08-26T10:50;VALIDACAO;EXTRAIDO;VALIDADO;U03;;
E002170;P00412;2026-08-26T10:50;ENVIO;VALIDADO;ACEITE;SISTEMA;;
E002172;P00413;2026-08-26T10:50;VALIDACAO;EXTRAIDO;VALIDADO;U03;;
E002173;P00413;2026-08-26T10:50;ENVIO;VALIDADO;ACEITE;SISTEMA;;
E002218;P00421;2026-08-26T10:55;EXTRACAO;;EXTRAIDO;AGENTE;;confiança 0.86
E002198;P00417;2026-08-26T10:56;VALIDACAO;EXTRAIDO;VALIDADO;U03;;
E002199;P00417;2026-08-26T10:56;ENVIO;VALIDADO;EM_TRIAGEM;SISTEMA;;
E002174;P00411;2026-08-26T10:59;MARCACAO;ACEITE;MARCADO;AGENTE;;V02520 27/08/2026 07:50
E002176;P00412;2026-08-26T11:06;MARCACAO;ACEITE;MARCADO;AGENTE;;V02590 28/08/2026 08:00
E002180;P00413;2026-08-26T11:06;MARCACAO;ACEITE;MARCADO;AGENTE;;V03962 16/09/2026 08:30
E002182;P00413;2026-08-26T11:06;REMARCACAO;MARCADO;MARCADO;SISTEMA;Dependência não cumprida (falta a exame);
E002223;P00422;2026-08-26T11:15;EXTRACAO;;EXTRAIDO;AGENTE;;confiança 0.92
E002229;P00423;2026-08-26T11:35;EXTRACAO;;EXTRAIDO;AGENTE;;confiança 0.87
E002232;P00424;2026-08-26T11:35;EXTRACAO;;EXTRAIDO;AGENTE;;confiança 0.96
E002224;P00422;2026-08-26T11:47;VALIDACAO;EXTRAIDO;VALIDADO;U03;;
E002225;P00422;2026-08-26T11:47;ENVIO;VALIDADO;EM_TRIAGEM;SISTEMA;;
E002239;P00425;2026-08-26T11:55;EXTRACAO;;EXTRAIDO;AGENTE;;confiança 0.9
E002242;P00426;2026-08-26T11:55;EXTRACAO;;EXTRAIDO;AGENTE;;confiança 0.91
E003739;P00734;2026-08-26T12:00;MARCACAO;ACEITE;MARCADO;U07;;V06019 13/10/2026 09:00
E002240;P00425;2026-08-26T12:26;VALIDACAO;EXTRAIDO;VALIDADO;U03;;
E002241;P00425;2026-08-26T12:26;ENVIO;VALIDADO;ACEITE;SISTEMA;;
E002243;P00426;2026-08-26T12:26;VALIDACAO;EXTRAIDO;VALIDADO;U03;;
E002244;P00426;2026-08-26T12:26;ENVIO;VALIDADO;ACEITE;SISTEMA;;
E002247;P00426;2026-08-26T12:29;MARCACAO;ACEITE;MARCADO;AGENTE;;V03965 16/09/2026 09:30
E000765;P00145;2026-08-26T12:30;FALTA;MARCADO;FALTOU;SISTEMA;Doente faltou;
E001566;P00297;2026-08-26T12:30;REALIZACAO;MARCADO;REALIZADO;SISTEMA;;
E001802;P00342;2026-08-26T12:30;REALIZACAO;MARCADO;REALIZADO;SISTEMA;;
E002245;P00425;2026-08-26T12:35;MARCACAO;ACEITE;MARCADO;AGENTE;;V02506 27/08/2026 09:00
E002204;P00418;2026-08-26T13:00;VALIDACAO;EXTRAIDO;VALIDADO;U03;;
E002205;P00418;2026-08-26T13:00;ENVIO;VALIDADO;ACEITE;SISTEMA;;
E002207;P00419;2026-08-26T13:00;VALIDACAO;EXTRAIDO;VALIDADO;U03;;
E002208;P00419;2026-08-26T13:00;ENVIO;VALIDADO;ACEITE;SISTEMA;;
E002210;P00420;2026-08-26T13:00;VALIDACAO;EXTRAIDO;VALIDADO;U03;;
E002211;P00420;2026-08-26T13:00;ENVIO;VALIDADO;ACEITE;SISTEMA;;
E002216;P00420;2026-08-26T13:05;MARCACAO;ACEITE;MARCADO;AGENTE;;V03963 16/09/2026 08:50
E002219;P00421;2026-08-26T13:07;VALIDACAO;EXTRAIDO;VALIDADO;U03;;
E002220;P00421;2026-08-26T13:07;ENVIO;VALIDADO;ACEITE;SISTEMA;;
E002214;P00419;2026-08-26T13:08;MARCACAO;ACEITE;MARCADO;AGENTE;;V02592 28/08/2026 08:40
E002212;P00418;2026-08-26T13:09;MARCACAO;ACEITE;MARCADO;AGENTE;;V02537 27/08/2026 07:40
E002221;P00421;2026-08-26T13:20;MARCACAO;ACEITE;MARCADO;AGENTE;;V02562 27/08/2026 09:00
E000766;P00145;2026-08-26T13:30;REMARCACAO;FALTOU;MARCADO;AGENTE;Falta do doente;nova data 28/08/2026 08:30
E002230;P00423;2026-08-26T13:57;VALIDACAO;EXTRAIDO;VALIDADO;U03;;
E002231;P00423;2026-08-26T13:57;ENVIO;VALIDADO;ACEITE;SISTEMA;;
E002233;P00424;2026-08-26T13:57;VALIDACAO;EXTRAIDO;VALIDADO;U03;;
E002234;P00424;2026-08-26T13:57;ENVIO;VALIDADO;ACEITE;SISTEMA;;
E002237;P00424;2026-08-26T14:01;MARCACAO;ACEITE;MARCADO;AGENTE;;V03964 16/09/2026 09:10
E002235;P00423;2026-08-26T14:12;MARCACAO;ACEITE;MARCADO;AGENTE;;V02539 27/08/2026 08:00
E001388;P00263;2026-08-26T15:00;REMARCACAO;MARCADO;MARCADO;SISTEMA;Médico indisponível;de 27/08/2026 para 04/09/2026 08:30
E002226;P00422;2026-08-26T21:39;TRIAGEM;EM_TRIAGEM;ACEITE;U04;;
E002227;P00422;2026-08-26T21:59;MARCACAO;ACEITE;MARCADO;AGENTE;;V02580 28/08/2026 09:00
E001948;P00368;2026-08-27T07:40;REALIZACAO;MARCADO;REALIZADO;SISTEMA;;
E002029;P00383;2026-08-27T07:40;REALIZACAO;MARCADO;REALIZADO;SISTEMA;;
E002060;P00390;2026-08-27T07:50;REALIZACAO;MARCADO;REALIZADO;SISTEMA;;
E002213;P00418;2026-08-27T07:50;REALIZACAO;MARCADO;REALIZADO;SISTEMA;;
E002175;P00411;2026-08-27T08:00;REALIZACAO;MARCADO;REALIZADO;SISTEMA;;
E002236;P00423;2026-08-27T08:10;REALIZACAO;MARCADO;REALIZADO;SISTEMA;;
E002095;P00396;2026-08-27T08:20;REALIZACAO;MARCADO;REALIZADO;SISTEMA;;
E002136;P00404;2026-08-27T08:40;REALIZACAO;MARCADO;REALIZADO;SISTEMA;;
E000842;P00160;2026-08-27T08:50;REALIZACAO;MARCADO;REALIZADO;SISTEMA;;
E002249;P00427;2026-08-27T08:55;EXTRACAO;;EXTRAIDO;AGENTE;;confiança 0.96
E002110;P00399;2026-08-27T09:00;REALIZACAO;MARCADO;REALIZADO;SISTEMA;;
E000858;P00163;2026-08-27T09:10;REALIZACAO;MARCADO;REALIZADO;SISTEMA;;
E002255;P00428;2026-08-27T09:15;EXTRACAO;;EXTRAIDO;AGENTE;;confiança 0.93
E002258;P00429;2026-08-27T09:15;EXTRACAO;;EXTRAIDO;AGENTE;;confiança 0.98
E002261;P00430;2026-08-27T09:15;EXTRACAO;;EXTRAIDO;AGENTE;;confiança 0.98
E002161;P00409;2026-08-27T09:20;REALIZACAO;MARCADO;REALIZADO;SISTEMA;;
E002246;P00425;2026-08-27T09:20;REALIZACAO;MARCADO;REALIZADO;SISTEMA;;
E002250;P00427;2026-08-27T09:25;VALIDACAO;EXTRAIDO;VALIDADO;U03;;
E002251;P00427;2026-08-27T09:25;ENVIO;VALIDADO;EM_TRIAGEM;SISTEMA;;
E000868;P00165;2026-08-27T09:30;REALIZACAO;MARCADO;REALIZADO;SISTEMA;;
E002222;P00421;2026-08-27T09:30;REALIZACAO;MARCADO;REALIZADO;SISTEMA;;
E002270;P00431;2026-08-27T09:35;EXTRACAO;;EXTRAIDO;AGENTE;;confiança 0.92
E002273;P00432;2026-08-27T09:35;EXTRACAO;;EXTRAIDO;AGENTE;;confiança 0.92
E002276;P00433;2026-08-27T09:35;EXTRACAO;;EXTRAIDO;AGENTE;;confiança 0.82
E001848;P00351;2026-08-27T09:40;REALIZACAO;MARCADO;REALIZADO;SISTEMA;;
E000915;P00173;2026-08-27T09:50;REALIZACAO;MARCADO;REALIZADO;SISTEMA;;
E000885;P00168;2026-08-27T10:10;REALIZACAO;MARCADO;REALIZADO;SISTEMA;;
E002285;P00434;2026-08-27T10:15;EXTRACAO;;EXTRAIDO;AGENTE;;confiança 0.89
E002289;P00435;2026-08-27T10:15;EXTRACAO;;EXTRAIDO;AGENTE;;confiança 0.85
E002293;P00436;2026-08-27T10:15;EXTRACAO;;EXTRAIDO;AGENTE;;confiança 0.92
E002256;P00428;2026-08-27T10:27;VALIDACAO;EXTRAIDO;VALIDADO;U03;;
E002257;P00428;2026-08-27T10:27;ENVIO;VALIDADO;ACEITE;SISTEMA;;
E002259;P00429;2026-08-27T10:27;VALIDACAO;EXTRAIDO;VALIDADO;U03;;
E002260;P00429;2026-08-27T10:27;ENVIO;VALIDADO;ACEITE;SISTEMA;;
E002262;P00430;2026-08-27T10:27;VALIDACAO;EXTRAIDO;VALIDADO;U03;;
E002263;P00430;2026-08-27T10:27;ENVIO;VALIDADO;ACEITE;SISTEMA;;
E000925;P00175;2026-08-27T10:30;REALIZACAO;MARCADO;REALIZADO;SISTEMA;;
E002268;P00430;2026-08-27T10:30;MARCACAO;ACEITE;MARCADO;AGENTE;;V04068 17/09/2026 09:30
E002266;P00429;2026-08-27T10:32;MARCACAO;ACEITE;MARCADO;AGENTE;;V02699 31/08/2026 08:20
E002300;P00437;2026-08-27T10:35;EXTRACAO;;EXTRAIDO;AGENTE;;confiança 0.84
E002303;P00438;2026-08-27T10:35;EXTRACAO;;EXTRAIDO;AGENTE;;confiança 0.87
E002264;P00428;2026-08-27T10:43;MARCACAO;ACEITE;MARCADO;AGENTE;;V02626 28/08/2026 07:30
E002271;P00431;2026-08-27T11:06;VALIDACAO;EXTRAIDO;VALIDADO;U03;;
E002272;P00431;2026-08-27T11:06;ENVIO;VALIDADO;ACEITE;SISTEMA;;
E002274;P00432;2026-08-27T11:06;VALIDACAO;EXTRAIDO;VALIDADO;U03;;
E002275;P00432;2026-08-27T11:06;ENVIO;VALIDADO;ACEITE;SISTEMA;;
E002277;P00433;2026-08-27T11:06;VALIDACAO;EXTRAIDO;VALIDADO;U03;;
E002278;P00433;2026-08-27T11:06;ENVIO;VALIDADO;ACEITE;SISTEMA;;
E002281;P00432;2026-08-27T11:09;MARCACAO;ACEITE;MARCADO;AGENTE;;V02701 31/08/2026 09:00
E002310;P00439;2026-08-27T11:15;EXTRACAO;;EXTRAIDO;AGENTE;;confiança 0.92
E002283;P00433;2026-08-27T11:19;MARCACAO;ACEITE;MARCADO;AGENTE;;V04066 17/09/2026 08:50
E002279;P00431;2026-08-27T11:23;MARCACAO;ACEITE;MARCADO;AGENTE;;V02627 28/08/2026 07:40
E002311;P00439;2026-08-27T11:42;VALIDACAO;EXTRAIDO;VALIDADO;U03;;
E002312;P00439;2026-08-27T11:42;ENVIO;VALIDADO;EM_TRIAGEM;SISTEMA;;
E002286;P00434;2026-08-27T11:54;CORRECAO;EXTRAIDO;EXTRAIDO;U03;;prioridade corrigida
E002287;P00434;2026-08-27T11:54;VALIDACAO;EXTRAIDO;VALIDADO;U03;;
E002288;P00434;2026-08-27T11:54;ENVIO;VALIDADO;ACEITE;SISTEMA;;
E002290;P00435;2026-08-27T11:54;CORRECAO;EXTRAIDO;EXTRAIDO;U03;;prazo corrigido
E002291;P00435;2026-08-27T11:54;VALIDACAO;EXTRAIDO;VALIDADO;U03;;
E002292;P00435;2026-08-27T11:54;ENVIO;VALIDADO;ACEITE;SISTEMA;;
E002294;P00436;2026-08-27T11:54;CORRECAO;EXTRAIDO;EXTRAIDO;U03;;serviço corrigido
E002295;P00436;2026-08-27T11:54;VALIDACAO;EXTRAIDO;VALIDADO;U03;;
E002296;P00436;2026-08-27T11:54;ENVIO;VALIDADO;ACEITE;SISTEMA;;
E002316;P00440;2026-08-27T11:55;EXTRACAO;;EXTRAIDO;AGENTE;;confiança 0.9
E002298;P00435;2026-08-27T11:57;MARCACAO;ACEITE;MARCADO;AGENTE;;V04947 29/09/2026 08:20
E002301;P00437;2026-08-27T12:04;VALIDACAO;EXTRAIDO;VALIDADO;U03;;
E002302;P00437;2026-08-27T12:04;ENVIO;VALIDADO;ACEITE;SISTEMA;;
E002304;P00438;2026-08-27T12:04;VALIDACAO;EXTRAIDO;VALIDADO;U03;;
E002305;P00438;2026-08-27T12:04;ENVIO;VALIDADO;ACEITE;SISTEMA;;
E002297;P00434;2026-08-27T12:12;MARCACAO;ACEITE;MARCADO;AGENTE;;V04893 28/09/2026 07:40
E002299;P00436;2026-08-27T12:12;MARCACAO;ACEITE;MARCADO;AGENTE;;V05459 06/10/2026 08:30
E002306;P00437;2026-08-27T12:14;MARCACAO;ACEITE;MARCADO;AGENTE;;V02644 28/08/2026 07:30
E002308;P00438;2026-08-27T12:14;MARCACAO;ACEITE;MARCADO;AGENTE;;V04069 17/09/2026 09:50
E002317;P00440;2026-08-27T13:12;VALIDACAO;EXTRAIDO;VALIDADO;U03;;
E002318;P00440;2026-08-27T13:12;ENVIO;VALIDADO;ACEITE;SISTEMA;;
E002319;P00440;2026-08-27T13:13;MARCACAO;ACEITE;MARCADO;AGENTE;;V02670 28/08/2026 09:00
E000902;P00171;2026-08-27T13:30;FALTA;MARCADO;FALTOU;SISTEMA;Doente faltou;
E000903;P00171;2026-08-27T14:30;REMARCACAO;FALTOU;MARCADO;AGENTE;Falta do doente;nova data 01/09/2026 08:50
E000905;P00171;2026-08-27T14:30;REMARCACAO;MARCADO;MARCADO;SISTEMA;Dependência não cumprida (falta a exame);
E002313;P00439;2026-08-28T04:47;TRIAGEM;EM_TRIAGEM;REENCAMINHADO;U04;Pertence a Radioterapia;
E002252;P00427;2026-08-28T05:29;TRIAGEM;EM_TRIAGEM;ACEITE;U10;;
E002253;P00427;2026-08-28T05:32;MARCACAO;ACEITE;MARCADO;AGENTE;;V02774 31/08/2026 08:30
E002265;P00428;2026-08-28T07:40;REALIZACAO;MARCADO;REALIZADO;SISTEMA;;
E002307;P00437;2026-08-28T07:40;REALIZACAO;MARCADO;REALIZADO;SISTEMA;;
E002280;P00431;2026-08-28T07:50;REALIZACAO;MARCADO;REALIZADO;SISTEMA;;
E002200;P00417;2026-08-28T08:01;TRIAGEM;EM_TRIAGEM;ACEITE;U10;;
E002201;P00417;2026-08-28T08:13;MARCACAO;ACEITE;MARCADO;AGENTE;;V02776 31/08/2026 08:30
E002031;P00384;2026-08-28T08:40;REALIZACAO;MARCADO;REALIZADO;SISTEMA;;
E000767;P00145;2026-08-28T08:50;REALIZACAO;MARCADO;REALIZADO;SISTEMA;;
E002321;P00441;2026-08-28T08:55;EXTRACAO;;EXTRAIDO;AGENTE;;confiança 0.83
E002215;P00419;2026-08-28T09:00;REALIZACAO;MARCADO;REALIZADO;SISTEMA;;
E001017;P00192;2026-08-28T09:10;REALIZACAO;MARCADO;REALIZADO;SISTEMA;;
E002327;P00442;2026-08-28T09:15;EXTRACAO;;EXTRAIDO;AGENTE;;confiança 0.9
E000942;P00178;2026-08-28T09:30;REALIZACAO;MARCADO;REALIZADO;SISTEMA;;
E002320;P00440;2026-08-28T09:30;REALIZACAO;MARCADO;REALIZADO;SISTEMA;;
E002333;P00443;2026-08-28T09:35;EXTRACAO;;EXTRAIDO;AGENTE;;confiança 0.85
E002337;P00444;2026-08-28T09:35;EXTRACAO;;EXTRAIDO;AGENTE;;confiança 0.97
E002228;P00422;2026-08-28T09:40;REALIZACAO;MARCADO;REALIZADO;SISTEMA;;
E002328;P00442;2026-08-28T09:42;VALIDACAO;EXTRAIDO;VALIDADO;U03;;
E002329;P00442;2026-08-28T09:42;ENVIO;VALIDADO;EM_TRIAGEM;SISTEMA;;
E000971;P00183;2026-08-28T09:50;REALIZACAO;MARCADO;REALIZADO;SISTEMA;;
E002344;P00445;2026-08-28T09:55;EXTRACAO;;EXTRAIDO;AGENTE;;confiança 0.9
E002348;P00446;2026-08-28T09:55;EXTRACAO;;EXTRAIDO;AGENTE;;confiança 0.94
E002334;P00443;2026-08-28T10:06;CORRECAO;EXTRAIDO;EXTRAIDO;U03;;serviço corrigido
E002335;P00443;2026-08-28T10:06;VALIDACAO;EXTRAIDO;VALIDADO;U03;;
E002336;P00443;2026-08-28T10:06;ENVIO;VALIDADO;ACEITE;SISTEMA;;
E002338;P00444;2026-08-28T10:06;VALIDACAO;EXTRAIDO;VALIDADO;U03;;
E002339;P00444;2026-08-28T10:06;ENVIO;VALIDADO;ACEITE;SISTEMA;;
E000986;P00186;2026-08-28T10:10;REALIZACAO;MARCADO;REALIZADO;SISTEMA;;
E002340;P00443;2026-08-28T10:13;MARCACAO;ACEITE;MARCADO;AGENTE;;V02723 31/08/2026 09:20
E002356;P00447;2026-08-28T10:15;EXTRACAO;;EXTRAIDO;AGENTE;;confiança 0.84
E002359;P00448;2026-08-28T10:15;EXTRACAO;;EXTRAIDO;AGENTE;;confiança 0.85
E002362;P00449;2026-08-28T10:15;EXTRACAO;;EXTRAIDO;AGENTE;;confiança 0.99
E002342;P00444;2026-08-28T10:24;MARCACAO;ACEITE;MARCADO;AGENTE;;V04174 18/09/2026 08:50
E001007;P00190;2026-08-28T10:30;REALIZACAO;MARCADO;REALIZADO;SISTEMA;;
E002371;P00450;2026-08-28T10:35;EXTRACAO;;EXTRAIDO;AGENTE;;confiança 0.89
E002375;P00451;2026-08-28T10:35;EXTRACAO;;EXTRAIDO;AGENTE;;confiança 0.93
E002194;P00416;2026-08-28T10:42;TRIAGEM;EM_TRIAGEM;ACEITE;U10;;
E002195;P00416;2026-08-28T10:44;MARCACAO;ACEITE;MARCADO;AGENTE;;V02770 31/08/2026 08:30
E002372;P00450;2026-08-28T10:45;CORRECAO;EXTRAIDO;EXTRAIDO;U03;;exame corrigido
E002373;P00450;2026-08-28T10:45;VALIDACAO;EXTRAIDO;VALIDADO;U03;;
E002374;P00450;2026-08-28T10:45;ENVIO;VALIDADO;ACEITE;SISTEMA;;
E002376;P00451;2026-08-28T10:45;CORRECAO;EXTRAIDO;EXTRAIDO;U03;;serviço corrigido
E002377;P00451;2026-08-28T10:45;VALIDACAO;EXTRAIDO;VALIDADO;U03;;
E002378;P00451;2026-08-28T10:45;ENVIO;VALIDADO;ACEITE;SISTEMA;;
E002357;P00447;2026-08-28T10:47;VALIDACAO;EXTRAIDO;VALIDADO;U03;;
E002358;P00447;2026-08-28T10:47;ENVIO;VALIDADO;ACEITE;SISTEMA;;
E002360;P00448;2026-08-28T10:47;VALIDACAO;EXTRAIDO;VALIDADO;U03;;
E002361;P00448;2026-08-28T10:47;ENVIO;VALIDADO;ACEITE;SISTEMA;;
E002363;P00449;2026-08-28T10:47;VALIDACAO;EXTRAIDO;VALIDADO;U03;;
E002364;P00449;2026-08-28T10:47;ENVIO;VALIDADO;ACEITE;SISTEMA;;
E002367;P00448;2026-08-28T10:50;MARCACAO;ACEITE;MARCADO;AGENTE;;V02808 01/09/2026 08:40
E002379;P00450;2026-08-28T10:51;MARCACAO;ACEITE;MARCADO;AGENTE;;V02753 31/08/2026 07:40
E002383;P00452;2026-08-28T10:55;EXTRACAO;;EXTRAIDO;AGENTE;;confiança 0.95
E002386;P00453;2026-08-28T10:55;EXTRACAO;;EXTRAIDO;AGENTE;;confiança 0.92
E002389;P00454;2026-08-28T10:55;EXTRACAO;;EXTRAIDO;AGENTE;;confiança 0.87
E002177;P00412;2026-08-28T11:00;FALTA;MARCADO;FALTOU;SISTEMA;Doente faltou;
E002381;P00451;2026-08-28T11:03;MARCACAO;ACEITE;MARCADO;AGENTE;;V04177 18/09/2026 09:50
E002398;P00455;2026-08-28T11:05;EXTRACAO;;EXTRAIDO;AGENTE;;confiança 0.88
E002401;P00456;2026-08-28T11:05;EXTRACAO;;EXTRAIDO;AGENTE;;confiança 0.83
E002369;P00449;2026-08-28T11:06;MARCACAO;ACEITE;MARCADO;AGENTE;;V04176 18/09/2026 09:30
E002365;P00447;2026-08-28T11:07;MARCACAO;ACEITE;MARCADO;AGENTE;;V02736 31/08/2026 07:50
E002322;P00441;2026-08-28T11:08;VALIDACAO;EXTRAIDO;VALIDADO;U03;;
E002323;P00441;2026-08-28T11:08;ENVIO;VALIDADO;EM_TRIAGEM;SISTEMA;;
E002408;P00457;2026-08-28T11:35;EXTRACAO;;EXTRAIDO;AGENTE;;confiança 0.92
E002411;P00458;2026-08-28T11:35;EXTRACAO;;EXTRAIDO;AGENTE;;confiança 0.91
E002399;P00455;2026-08-28T11:36;VALIDACAO;EXTRAIDO;VALIDADO;U03;;
E002400;P00455;2026-08-28T11:36;ENVIO;VALIDADO;ACEITE;SISTEMA;;
E002402;P00456;2026-08-28T11:36;VALIDACAO;EXTRAIDO;VALIDADO;U03;;
E002403;P00456;2026-08-28T11:36;ENVIO;VALIDADO;ACEITE;SISTEMA;;
E002404;P00455;2026-08-28T11:44;MARCACAO;ACEITE;MARCADO;AGENTE;;V02726 31/08/2026 10:20
E002418;P00459;2026-08-28T11:55;EXTRACAO;;EXTRAIDO;AGENTE;;confiança 0.92
E002406;P00456;2026-08-28T11:56;MARCACAO;ACEITE;MARCADO;AGENTE;;V04178 18/09/2026 10:10
E002178;P00412;2026-08-28T12:00;REMARCACAO;FALTOU;MARCADO;AGENTE;Falta do doente;nova data 31/08/2026 08:00
E002419;P00459;2026-08-28T12:03;VALIDACAO;EXTRAIDO;VALIDADO;U03;;
E002420;P00459;2026-08-28T12:03;ENVIO;VALIDADO;ACEITE;SISTEMA;;
E002345;P00445;2026-08-28T12:18;CORRECAO;EXTRAIDO;EXTRAIDO;U03;;prazo corrigido
E002346;P00445;2026-08-28T12:18;VALIDACAO;EXTRAIDO;VALIDADO;U03;;
E002347;P00445;2026-08-28T12:18;ENVIO;VALIDADO;ACEITE;SISTEMA;;
E002349;P00446;2026-08-28T12:18;CORRECAO;EXTRAIDO;EXTRAIDO;U03;;prazo corrigido
E002350;P00446;2026-08-28T12:18;VALIDACAO;EXTRAIDO;VALIDADO;U03;;
E002351;P00446;2026-08-28T12:18;ENVIO;VALIDADO;ACEITE;SISTEMA;;
E002421;P00459;2026-08-28T12:20;MARCACAO;ACEITE;MARCADO;AGENTE;;V02778 31/08/2026 09:00
E002354;P00446;2026-08-28T12:21;MARCACAO;ACEITE;MARCADO;AGENTE;;V04175 18/09/2026 09:10
E002055;P00389;2026-08-28T12:30;REALIZACAO;MARCADO;REALIZADO;SISTEMA;;
E002352;P00445;2026-08-28T12:36;MARCACAO;ACEITE;MARCADO;AGENTE;;V02722 31/08/2026 09:00
E002384;P00452;2026-08-28T13:22;VALIDACAO;EXTRAIDO;VALIDADO;U03;;
E002385;P00452;2026-08-28T13:22;ENVIO;VALIDADO;ACEITE;SISTEMA;;
E002387;P00453;2026-08-28T13:22;VALIDACAO;EXTRAIDO;VALIDADO;U03;;
E002388;P00453;2026-08-28T13:22;ENVIO;VALIDADO;ACEITE;SISTEMA;;
E002390;P00454;2026-08-28T13:22;VALIDACAO;EXTRAIDO;VALIDADO;U03;;
E002391;P00454;2026-08-28T13:22;ENVIO;VALIDADO;ACEITE;SISTEMA;;
E002396;P00454;2026-08-28T13:23;MARCACAO;ACEITE;MARCADO;AGENTE;;V04173 18/09/2026 08:30
E002409;P00457;2026-08-28T13:28;VALIDACAO;EXTRAIDO;VALIDADO;U03;;
E002410;P00457;2026-08-28T13:28;ENVIO;VALIDADO;ACEITE;SISTEMA;;
E002412;P00458;2026-08-28T13:28;VALIDACAO;EXTRAIDO;VALIDADO;U03;;
E002413;P00458;2026-08-28T13:28;ENVIO;VALIDADO;ACEITE;SISTEMA;;
E002392;P00452;2026-08-28T13:37;MARCACAO;ACEITE;MARCADO;AGENTE;;V02735 31/08/2026 07:40
E002394;P00453;2026-08-28T13:38;MARCACAO;ACEITE;MARCADO;AGENTE;;V02809 01/09/2026 09:00
E002414;P00457;2026-08-28T13:39;MARCACAO;ACEITE;MARCADO;AGENTE;;V02725 31/08/2026 10:00
E002416;P00458;2026-08-28T13:47;MARCACAO;ACEITE;MARCADO;AGENTE;;V04180 18/09/2026 10:50
E000023;P00006;2026-08-29T08:20;EXTRACAO;;EXTRAIDO;AGENTE;;confiança 0.95
E000024;P00006;2026-08-29T08:50;VALIDACAO;EXTRAIDO;VALIDADO;U03;;
E000025;P00006;2026-08-29T08:50;ENVIO;VALIDADO;ACEITE;SISTEMA;;
E000026;P00006;2026-08-29T09:05;MARCACAO;ACEITE;MARCADO;AGENTE;;V03058 03/09/2026 08:20
E002324;P00441;2026-08-31T03:48;TRIAGEM;EM_TRIAGEM;ACEITE;U04;;
E002325;P00441;2026-08-31T03:51;MARCACAO;ACEITE;MARCADO;AGENTE;;V04294 21/09/2026 09:40
E000291;P00055;2026-08-31T07:40;REALIZACAO;MARCADO;REALIZADO;SISTEMA;;
E000630;P00119;2026-08-31T07:40;REALIZACAO;MARCADO;REALIZADO;SISTEMA;;
E002380;P00450;2026-08-31T07:50;REALIZACAO;MARCADO;REALIZADO;SISTEMA;;
E002393;P00452;2026-08-31T07:50;REALIZACAO;MARCADO;REALIZADO;SISTEMA;;
E002366;P00447;2026-08-31T08:00;REALIZACAO;MARCADO;REALIZADO;SISTEMA;;
E002179;P00412;2026-08-31T08:20;REALIZACAO;MARCADO;REALIZADO;SISTEMA;;
E002267;P00429;2026-08-31T08:40;REALIZACAO;MARCADO;REALIZADO;SISTEMA;;
E001032;P00195;2026-08-31T08:50;REALIZACAO;MARCADO;REALIZADO;SISTEMA;;
E002423;P00460;2026-08-31T08:55;EXTRACAO;;EXTRAIDO;AGENTE;;confiança 0.99
E002426;P00461;2026-08-31T08:55;EXTRACAO;;EXTRAIDO;AGENTE;;confiança 0.88
E002429;P00462;2026-08-31T08:55;EXTRACAO;;EXTRAIDO;AGENTE;;confiança 0.83
E001077;P00203;2026-08-31T09:10;REALIZACAO;MARCADO;REALIZADO;SISTEMA;;
E002438;P00463;2026-08-31T09:15;EXTRACAO;;EXTRAIDO;AGENTE;;confiança 0.97
E002442;P00464;2026-08-31T09:15;EXTRACAO;;EXTRAIDO;AGENTE;;confiança 0.95
E002282;P00432;2026-08-31T09:20;REALIZACAO;MARCADO;REALIZADO;SISTEMA;;
E002353;P00445;2026-08-31T09:20;REALIZACAO;MARCADO;REALIZADO;SISTEMA;;
E001052;P00199;2026-08-31T09:30;REALIZACAO;MARCADO;REALIZADO;SISTEMA;;
E002422;P00459;2026-08-31T09:30;REALIZACAO;MARCADO;REALIZADO;SISTEMA;;
E002439;P00463;2026-08-31T09:31;CORRECAO;EXTRAIDO;EXTRAIDO;U03;;exame corrigido
E002440;P00463;2026-08-31T09:31;VALIDACAO;EXTRAIDO;VALIDADO;U03;;
E002441;P00463;2026-08-31T09:31;ENVIO;VALIDADO;ACEITE;SISTEMA;;
E002443;P00464;2026-08-31T09:31;CORRECAO;EXTRAIDO;EXTRAIDO;U03;;prioridade corrigida
E002444;P00464;2026-08-31T09:31;VALIDACAO;EXTRAIDO;VALIDADO;U03;;
E002445;P00464;2026-08-31T09:31;ENVIO;VALIDADO;ACEITE;SISTEMA;;
E002450;P00465;2026-08-31T09:35;EXTRACAO;;EXTRAIDO;AGENTE;;confiança 0.86
E002453;P00466;2026-08-31T09:35;EXTRACAO;;EXTRAIDO;AGENTE;;confiança 0.91
E002341;P00443;2026-08-31T09:40;REALIZACAO;MARCADO;REALIZADO;SISTEMA;;
E002446;P00463;2026-08-31T09:40;MARCACAO;ACEITE;MARCADO;AGENTE;;V02831 01/09/2026 09:20
E002448;P00464;2026-08-31T09:43;MARCACAO;ACEITE;MARCADO;AGENTE;;V04288 21/09/2026 10:50
E002424;P00460;2026-08-31T09:44;VALIDACAO;EXTRAIDO;VALIDADO;U03;;
E002425;P00460;2026-08-31T09:44;ENVIO;VALIDADO;ACEITE;SISTEMA;;
E002427;P00461;2026-08-31T09:44;VALIDACAO;EXTRAIDO;VALIDADO;U03;;
E002428;P00461;2026-08-31T09:44;ENVIO;VALIDADO;ACEITE;SISTEMA;;
E002430;P00462;2026-08-31T09:44;VALIDACAO;EXTRAIDO;VALIDADO;U03;;
E002431;P00462;2026-08-31T09:44;ENVIO;VALIDADO;ACEITE;SISTEMA;;
E001088;P00205;2026-08-31T09:50;REALIZACAO;MARCADO;REALIZADO;SISTEMA;;
E002460;P00467;2026-08-31T09:55;EXTRACAO;;EXTRAIDO;AGENTE;;confiança 0.88
E002463;P00468;2026-08-31T09:55;EXTRACAO;;EXTRAIDO;AGENTE;;confiança 0.92
E002436;P00462;2026-08-31T09:57;MARCACAO;ACEITE;MARCADO;AGENTE;;V04286 21/09/2026 10:10
E002434;P00461;2026-08-31T10:00;MARCACAO;ACEITE;MARCADO;AGENTE;;V02909 02/09/2026 08:00
E002432;P00460;2026-08-31T10:02;MARCACAO;ACEITE;MARCADO;AGENTE;;V02860 01/09/2026 07:30
E002470;P00469;2026-08-31T10:15;EXTRACAO;;EXTRAIDO;AGENTE;;confiança 0.97
E002415;P00457;2026-08-31T10:20;REALIZACAO;MARCADO;REALIZADO;SISTEMA;;
E002476;P00470;2026-08-31T10:35;EXTRACAO;;EXTRAIDO;AGENTE;;confiança 0.99
E002479;P00471;2026-08-31T10:35;EXTRACAO;;EXTRAIDO;AGENTE;;confiança 0.82
E002405;P00455;2026-08-31T10:40;REALIZACAO;MARCADO;REALIZADO;SISTEMA;;
E002484;P00472;2026-08-31T10:55;EXTRACAO;;EXTRAIDO;AGENTE;;confiança 0.84
E002487;P00473;2026-08-31T10:55;EXTRACAO;;EXTRAIDO;AGENTE;;confiança 0.92
E002451;P00465;2026-08-31T10:56;VALIDACAO;EXTRAIDO;VALIDADO;U03;;
E002452;P00465;2026-08-31T10:56;ENVIO;VALIDADO;ACEITE;SISTEMA;;
E002454;P00466;2026-08-31T10:56;VALIDACAO;EXTRAIDO;VALIDADO;U03;;
E002455;P00466;2026-08-31T10:56;ENVIO;VALIDADO;ACEITE;SISTEMA;;
E002456;P00465;2026-08-31T11:12;MARCACAO;ACEITE;MARCADO;AGENTE;;V02843 01/09/2026 07:40
E002458;P00466;2026-08-31T11:14;MARCACAO;ACEITE;MARCADO;AGENTE;;V04287 21/09/2026 10:30
E002494;P00474;2026-08-31T11:15;EXTRACAO;;EXTRAIDO;AGENTE;;confiança 0.95
E002497;P00475;2026-08-31T11:15;EXTRACAO;;EXTRAIDO;AGENTE;;confiança 0.83
E002500;P00476;2026-08-31T11:15;EXTRACAO;;EXTRAIDO;AGENTE;;confiança 0.85
E002330;P00442;2026-08-31T11:18;TRIAGEM;EM_TRIAGEM;ACEITE;U04;;
E002331;P00442;2026-08-31T11:22;MARCACAO;ACEITE;MARCADO;AGENTE;;V02796 01/09/2026 09:00
E002512;P00477;2026-08-31T11:35;EXTRACAO;;EXTRAIDO;AGENTE;;confiança 0.89
E002518;P00478;2026-08-31T11:55;EXTRACAO;;EXTRAIDO;AGENTE;;confiança 0.89
E002477;P00470;2026-08-31T11:59;VALIDACAO;EXTRAIDO;VALIDADO;U03;;
E002478;P00470;2026-08-31T11:59;ENVIO;VALIDADO;ACEITE;SISTEMA;;
E002480;P00471;2026-08-31T11:59;VALIDACAO;EXTRAIDO;VALIDADO;U03;;
E002481;P00471;2026-08-31T11:59;ENVIO;VALIDADO;ACEITE;SISTEMA;;
E002495;P00474;2026-08-31T11:59;VALIDACAO;EXTRAIDO;VALIDADO;U03;;
E002496;P00474;2026-08-31T11:59;ENVIO;VALIDADO;ACEITE;SISTEMA;;
E002498;P00475;2026-08-31T11:59;VALIDACAO;EXTRAIDO;VALIDADO;U03;;
E002499;P00475;2026-08-31T11:59;ENVIO;VALIDADO;ACEITE;SISTEMA;;
E002501;P00476;2026-08-31T11:59;VALIDACAO;EXTRAIDO;VALIDADO;U03;;
E002502;P00476;2026-08-31T11:59;ENVIO;VALIDADO;ACEITE;SISTEMA;;
E002461;P00467;2026-08-31T12:03;VALIDACAO;EXTRAIDO;VALIDADO;U03;;
E002462;P00467;2026-08-31T12:03;ENVIO;VALIDADO;ACEITE;SISTEMA;;
E002464;P00468;2026-08-31T12:03;VALIDACAO;EXTRAIDO;VALIDADO;U03;;
E002465;P00468;2026-08-31T12:03;ENVIO;VALIDADO;ACEITE;SISTEMA;;
E002503;P00474;2026-08-31T12:06;MARCACAO;ACEITE;MARCADO;AGENTE;;V02861 01/09/2026 07:40
E002505;P00475;2026-08-31T12:06;MARCACAO;ACEITE;MARCADO;AGENTE;;V02910 02/09/2026 08:20
E002468;P00468;2026-08-31T12:08;MARCACAO;ACEITE;MARCADO;AGENTE;;V04290 21/09/2026 11:30
E002466;P00467;2026-08-31T12:11;MARCACAO;ACEITE;MARCADO;AGENTE;;V02832 01/09/2026 09:40
E002482;P00470;2026-08-31T12:11;MARCACAO;ACEITE;MARCADO;AGENTE;;V06155 14/10/2026 07:30
E002483;P00471;2026-08-31T12:13;MARCACAO;ACEITE;MARCADO;AGENTE;;V06315 16/10/2026 09:10
E002509;P00476;2026-08-31T12:15;MARCACAO;ACEITE;MARCADO;AGENTE;;V04291 21/09/2026 11:50
E002511;P00476;2026-08-31T12:15;REMARCACAO;MARCADO;MARCADO;SISTEMA;Dependência não cumprida (falta a exame);
E002485;P00472;2026-08-31T12:20;VALIDACAO;EXTRAIDO;VALIDADO;U03;;
E002486;P00472;2026-08-31T12:20;ENVIO;VALIDADO;ACEITE;SISTEMA;;
E002488;P00473;2026-08-31T12:20;VALIDACAO;EXTRAIDO;VALIDADO;U03;;
E002489;P00473;2026-08-31T12:20;ENVIO;VALIDADO;ACEITE;SISTEMA;;
E002471;P00469;2026-08-31T12:26;VALIDACAO;EXTRAIDO;VALIDADO;U03;;
E002472;P00469;2026-08-31T12:26;ENVIO;VALIDADO;EM_TRIAGEM;SISTEMA;;
E002490;P00472;2026-08-31T12:27;MARCACAO;ACEITE;MARCADO;AGENTE;;V02830 01/09/2026 09:00
E002196;P00416;2026-08-31T12:30;REALIZACAO;MARCADO;REALIZADO;SISTEMA;;
E002202;P00417;2026-08-31T12:30;REALIZACAO;MARCADO;REALIZADO;SISTEMA;;
E002254;P00427;2026-08-31T12:30;REALIZACAO;MARCADO;REALIZADO;SISTEMA;;
E002492;P00473;2026-08-31T12:30;MARCACAO;ACEITE;MARCADO;AGENTE;;V04292 21/09/2026 12:10
E002519;P00478;2026-08-31T12:41;VALIDACAO;EXTRAIDO;VALIDADO;U03;;
E002520;P00478;2026-08-31T12:41;ENVIO;VALIDADO;EM_TRIAGEM;SISTEMA;;
E002513;P00477;2026-08-31T14:01;VALIDACAO;EXTRAIDO;VALIDADO;U03;;
E002514;P00477;2026-08-31T14:01;ENVIO;VALIDADO;EM_TRIAGEM;SISTEMA;;
E002314;P00439;2026-08-31T18:01;TRIAGEM;EM_TRIAGEM;ACEITE;U06;;
E002315;P00439;2026-08-31T18:17;MARCACAO;ACEITE;MARCADO;AGENTE;;V05580 07/10/2026 09:40
E002433;P00460;2026-09-01T07:40;REALIZACAO;MARCADO;REALIZADO;SISTEMA;;
E002457;P00465;2026-09-01T07:50;REALIZACAO;MARCADO;REALIZADO;SISTEMA;;
E002504;P00474;2026-09-01T07:50;REALIZACAO;MARCADO;REALIZADO;SISTEMA;;
E000632;P00120;2026-09-01T08:20;REALIZACAO;MARCADO;REALIZADO;SISTEMA;;
E000293;P00056;2026-09-01T08:40;REALIZACAO;MARCADO;REALIZADO;SISTEMA;;
E000423;P00081;2026-09-01T08:50;REALIZACAO;MARCADO;REALIZADO;SISTEMA;;
E002368;P00448;2026-09-01T09:00;REALIZACAO;MARCADO;REALIZADO;SISTEMA;;
E000904;P00171;2026-09-01T09:10;REALIZACAO;MARCADO;REALIZADO;SISTEMA;;
E002526;P00479;2026-09-01T09:15;EXTRACAO;;EXTRAIDO;AGENTE;;confiança 0.83
E002529;P00480;2026-09-01T09:15;EXTRACAO;;EXTRAIDO;AGENTE;;confiança 0.89
E002532;P00481;2026-09-01T09:15;EXTRACAO;;EXTRAIDO;AGENTE;;confiança 0.92
E002395;P00453;2026-09-01T09:20;REALIZACAO;MARCADO;REALIZADO;SISTEMA;;
E002491;P00472;2026-09-01T09:20;REALIZACAO;MARCADO;REALIZADO;SISTEMA;;
E002332;P00442;2026-09-01T09:40;REALIZACAO;MARCADO;REALIZADO;SISTEMA;;
E002447;P00463;2026-09-01T09:40;REALIZACAO;MARCADO;REALIZADO;SISTEMA;;
E001115;P00210;2026-09-01T09:50;REALIZACAO;MARCADO;REALIZADO;SISTEMA;;
E002541;P00482;2026-09-01T09:55;EXTRACAO;;EXTRAIDO;AGENTE;;confiança 0.96
E002467;P00467;2026-09-01T10:00;REALIZACAO;MARCADO;REALIZADO;SISTEMA;;
E001135;P00214;2026-09-01T10:10;REALIZACAO;MARCADO;REALIZADO;SISTEMA;;
E002546;P00483;2026-09-01T10:15;EXTRACAO;;EXTRAIDO;AGENTE;;confiança 0.84
E002549;P00484;2026-09-01T10:15;EXTRACAO;;EXTRAIDO;AGENTE;;confiança 0.95
E002552;P00485;2026-09-01T10:15;EXTRACAO;;EXTRAIDO;AGENTE;;confiança 0.94
E001164;P00220;2026-09-01T10:30;REALIZACAO;MARCADO;REALIZADO;SISTEMA;;
E002561;P00486;2026-09-01T10:35;EXTRACAO;;EXTRAIDO;AGENTE;;confiança 0.95
E002564;P00487;2026-09-01T10:35;EXTRACAO;;EXTRAIDO;AGENTE;;confiança 0.96
E002567;P00488;2026-09-01T10:35;EXTRACAO;;EXTRAIDO;AGENTE;;confiança 0.9
E002576;P00489;2026-09-01T10:55;EXTRACAO;;EXTRAIDO;AGENTE;;confiança 0.98
E002580;P00490;2026-09-01T10:55;EXTRACAO;;EXTRAIDO;AGENTE;;confiança 0.84
E002588;P00491;2026-09-01T11:05;EXTRACAO;;EXTRAIDO;AGENTE;;confiança 0.9
E002591;P00492;2026-09-01T11:05;EXTRACAO;;EXTRAIDO;AGENTE;;confiança 0.91
E002594;P00493;2026-09-01T11:05;EXTRACAO;;EXTRAIDO;AGENTE;;confiança 0.97
E002547;P00483;2026-09-01T11:17;VALIDACAO;EXTRAIDO;VALIDADO;U03;;
E002548;P00483;2026-09-01T11:17;ENVIO;VALIDADO;ACEITE;SISTEMA;;
E002550;P00484;2026-09-01T11:17;VALIDACAO;EXTRAIDO;VALIDADO;U03;;
E002551;P00484;2026-09-01T11:17;ENVIO;VALIDADO;ACEITE;SISTEMA;;
E002553;P00485;2026-09-01T11:17;VALIDACAO;EXTRAIDO;VALIDADO;U03;;
E002554;P00485;2026-09-01T11:17;ENVIO;VALIDADO;ACEITE;SISTEMA;;
E002559;P00485;2026-09-01T11:20;MARCACAO;ACEITE;MARCADO;AGENTE;;V04392 22/09/2026 09:30
E002527;P00479;2026-09-01T11:23;VALIDACAO;EXTRAIDO;VALIDADO;U03;;
E002528;P00479;2026-09-01T11:23;ENVIO;VALIDADO;ACEITE;SISTEMA;;
E002530;P00480;2026-09-01T11:23;VALIDACAO;EXTRAIDO;VALIDADO;U03;;
E002531;P00480;2026-09-01T11:23;ENVIO;VALIDADO;ACEITE;SISTEMA;;
E002533;P00481;2026-09-01T11:23;VALIDACAO;EXTRAIDO;VALIDADO;U03;;
E002534;P00481;2026-09-01T11:23;ENVIO;VALIDADO;ACEITE;SISTEMA;;
E002557;P00484;2026-09-01T11:23;MARCACAO;ACEITE;MARCADO;AGENTE;;V03018 03/09/2026 08:20
E002562;P00486;2026-09-01T11:26;VALIDACAO;EXTRAIDO;VALIDADO;U03;;
E002563;P00486;2026-09-01T11:26;ENVIO;VALIDADO;ACEITE;SISTEMA;;
E002565;P00487;2026-09-01T11:26;VALIDACAO;EXTRAIDO;VALIDADO;U03;;
E002566;P00487;2026-09-01T11:26;ENVIO;VALIDADO;ACEITE;SISTEMA;;
E002568;P00488;2026-09-01T11:26;VALIDACAO;EXTRAIDO;VALIDADO;U03;;
E002569;P00488;2026-09-01T11:26;ENVIO;VALIDADO;ACEITE;SISTEMA;;
E002537;P00480;2026-09-01T11:32;MARCACAO;ACEITE;MARCADO;AGENTE;;V03017 03/09/2026 08:00
E002589;P00491;2026-09-01T11:32;VALIDACAO;EXTRAIDO;VALIDADO;U03;;
E002590;P00491;2026-09-01T11:32;ENVIO;VALIDADO;ACEITE;SISTEMA;;
E002592;P00492;2026-09-01T11:32;VALIDACAO;EXTRAIDO;VALIDADO;U03;;
E002593;P00492;2026-09-01T11:32;ENVIO;VALIDADO;ACEITE;SISTEMA;;
E002595;P00493;2026-09-01T11:32;VALIDACAO;EXTRAIDO;VALIDADO;U03;;
E002596;P00493;2026-09-01T11:32;ENVIO;VALIDADO;ACEITE;SISTEMA;;
E002603;P00493;2026-09-01T11:33;MARCACAO;ACEITE;MARCADO;AGENTE;;V04396 22/09/2026 10:50
E002605;P00493;2026-09-01T11:33;REMARCACAO;MARCADO;MARCADO;SISTEMA;Dependência não cumprida (falta a exame);
E002535;P00479;2026-09-01T11:35;MARCACAO;ACEITE;MARCADO;AGENTE;;V02945 02/09/2026 07:30
E002555;P00483;2026-09-01T11:35;MARCACAO;ACEITE;MARCADO;AGENTE;;V02963 02/09/2026 07:30
E002599;P00492;2026-09-01T11:35;MARCACAO;ACEITE;MARCADO;AGENTE;;V03021 03/09/2026 09:20
E002570;P00486;2026-09-01T11:37;MARCACAO;ACEITE;MARCADO;AGENTE;;V02946 02/09/2026 07:40
E002539;P00481;2026-09-01T11:40;MARCACAO;ACEITE;MARCADO;AGENTE;;V04390 22/09/2026 08:50
E002542;P00482;2026-09-01T11:41;VALIDACAO;EXTRAIDO;VALIDADO;U03;;
E002543;P00482;2026-09-01T11:41;ENVIO;VALIDADO;ACEITE;SISTEMA;;
E002572;P00487;2026-09-01T11:42;MARCACAO;ACEITE;MARCADO;AGENTE;;V03019 03/09/2026 08:40
E002574;P00488;2026-09-01T11:42;MARCACAO;ACEITE;MARCADO;AGENTE;;V04391 22/09/2026 09:10
E002544;P00482;2026-09-01T11:48;MARCACAO;ACEITE;MARCADO;AGENTE;;V02989 02/09/2026 09:00
E002597;P00491;2026-09-01T11:49;MARCACAO;ACEITE;MARCADO;AGENTE;;V02965 02/09/2026 07:50
E002606;P00494;2026-09-01T11:55;EXTRACAO;;EXTRAIDO;AGENTE;;confiança 0.9
E002609;P00495;2026-09-01T11:55;EXTRACAO;;EXTRAIDO;AGENTE;;confiança 0.96
E000690;P00132;2026-09-01T12:10;FALTA;MARCADO;FALTOU;SISTEMA;Doente faltou;
E002577;P00489;2026-09-01T12:13;CORRECAO;EXTRAIDO;EXTRAIDO;U03;;exame corrigido
E002578;P00489;2026-09-01T12:13;VALIDACAO;EXTRAIDO;VALIDADO;U03;;
E002579;P00489;2026-09-01T12:13;ENVIO;VALIDADO;ACEITE;SISTEMA;;
E002581;P00490;2026-09-01T12:13;CORRECAO;EXTRAIDO;EXTRAIDO;U03;;exame corrigido
E002582;P00490;2026-09-01T12:13;VALIDACAO;EXTRAIDO;VALIDADO;U03;;
E002583;P00490;2026-09-01T12:13;ENVIO;VALIDADO;ACEITE;SISTEMA;;
E002584;P00489;2026-09-01T12:22;MARCACAO;ACEITE;MARCADO;AGENTE;;V02964 02/09/2026 07:40
E002586;P00490;2026-09-01T12:28;MARCACAO;ACEITE;MARCADO;AGENTE;;V04393 22/09/2026 09:50
E002607;P00494;2026-09-01T12:38;VALIDACAO;EXTRAIDO;VALIDADO;U03;;
E002608;P00494;2026-09-01T12:38;ENVIO;VALIDADO;ACEITE;SISTEMA;;
E002610;P00495;2026-09-01T12:38;VALIDACAO;EXTRAIDO;VALIDADO;U03;;
E002611;P00495;2026-09-01T12:38;ENVIO;VALIDADO;ACEITE;SISTEMA;;
E002613;P00495;2026-09-01T12:43;MARCACAO;ACEITE;MARCADO;AGENTE;;V06206 15/10/2026 08:50
E002612;P00494;2026-09-01T12:50;MARCACAO;ACEITE;MARCADO;AGENTE;;V05962 12/10/2026 07:30
E000691;P00132;2026-09-01T13:10;REMARCACAO;FALTOU;MARCADO;AGENTE;Falta do doente;nova data 03/09/2026 08:30
E002521;P00478;2026-09-01T14:05;TRIAGEM;EM_TRIAGEM;ACEITE;U04;;
E002522;P00478;2026-09-01T14:19;MARCACAO;ACEITE;MARCADO;AGENTE;;V03007 03/09/2026 09:00
E002536;P00479;2026-09-02T07:40;REALIZACAO;MARCADO;REALIZADO;SISTEMA;;
E002556;P00483;2026-09-02T07:40;REALIZACAO;MARCADO;REALIZADO;SISTEMA;;
E002571;P00486;2026-09-02T07:50;REALIZACAO;MARCADO;REALIZADO;SISTEMA;;
E002585;P00489;2026-09-02T07:50;REALIZACAO;MARCADO;REALIZADO;SISTEMA;;
E002598;P00491;2026-09-02T08:00;REALIZACAO;MARCADO;REALIZADO;SISTEMA;;
E002435;P00461;2026-09-02T08:20;REALIZACAO;MARCADO;REALIZADO;SISTEMA;;
E001207;P00228;2026-09-02T08:50;REALIZACAO;MARCADO;REALIZADO;SISTEMA;;
E002614;P00496;2026-09-02T08:55;EXTRACAO;;EXTRAIDO;AGENTE;;confiança 0.95
E002617;P00497;2026-09-02T08:55;EXTRACAO;;EXTRAIDO;AGENTE;;confiança 0.9
E000246;P00048;2026-09-02T09:10;REALIZACAO;MARCADO;REALIZADO;SISTEMA;;
E002623;P00498;2026-09-02T09:15;EXTRACAO;;EXTRAIDO;AGENTE;;confiança 0.83
E002626;P00499;2026-09-02T09:15;EXTRACAO;;EXTRAIDO;AGENTE;;confiança 0.88
E002624;P00498;2026-09-02T09:26;VALIDACAO;EXTRAIDO;VALIDADO;U03;;
E002625;P00498;2026-09-02T09:26;ENVIO;VALIDADO;ACEITE;SISTEMA;;
E002627;P00499;2026-09-02T09:26;VALIDACAO;EXTRAIDO;VALIDADO;U03;;
E002628;P00499;2026-09-02T09:26;ENVIO;VALIDADO;ACEITE;SISTEMA;;
E001192;P00225;2026-09-02T09:30;REALIZACAO;MARCADO;REALIZADO;SISTEMA;;
E002545;P00482;2026-09-02T09:30;REALIZACAO;MARCADO;REALIZADO;SISTEMA;;
E002632;P00500;2026-09-02T09:35;EXTRACAO;;EXTRAIDO;AGENTE;;confiança 0.93
E002635;P00501;2026-09-02T09:35;EXTRACAO;;EXTRAIDO;AGENTE;;confiança 0.91
E002629;P00498;2026-09-02T09:38;MARCACAO;ACEITE;MARCADO;AGENTE;;V03053 03/09/2026 07:30
E002631;P00499;2026-09-02T09:39;MARCACAO;ACEITE;MARCADO;AGENTE;;V04498 23/09/2026 08:50
E002633;P00500;2026-09-02T09:44;VALIDACAO;EXTRAIDO;VALIDADO;U03;;
E002634;P00500;2026-09-02T09:44;ENVIO;VALIDADO;ACEITE;SISTEMA;;
E002636;P00501;2026-09-02T09:44;VALIDACAO;EXTRAIDO;VALIDADO;U03;;
E002637;P00501;2026-09-02T09:44;ENVIO;VALIDADO;ACEITE;SISTEMA;;
E002640;P00501;2026-09-02T09:49;MARCACAO;ACEITE;MARCADO;AGENTE;;V04505 23/09/2026 11:10
E001217;P00230;2026-09-02T09:50;REALIZACAO;MARCADO;REALIZADO;SISTEMA;;
E002638;P00500;2026-09-02T10:00;MARCACAO;ACEITE;MARCADO;AGENTE;;V03041 03/09/2026 09:00
E003752;P00738;2026-09-02T10:00;EXTRACAO;;EXTRAIDO;AGENTE;;confiança 0.96
E001233;P00233;2026-09-02T10:10;REALIZACAO;MARCADO;REALIZADO;SISTEMA;;
E002641;P00502;2026-09-02T10:15;EXTRACAO;;EXTRAIDO;AGENTE;;confiança 0.97
E002644;P00503;2026-09-02T10:15;EXTRACAO;;EXTRAIDO;AGENTE;;confiança 0.95
E002647;P00504;2026-09-02T10:15;EXTRACAO;;EXTRAIDO;AGENTE;;confiança 0.87
E002615;P00496;2026-09-02T10:28;VALIDACAO;EXTRAIDO;VALIDADO;U03;;
E002616;P00496;2026-09-02T10:28;ENVIO;VALIDADO;ACEITE;SISTEMA;;
E002618;P00497;2026-09-02T10:28;VALIDACAO;EXTRAIDO;VALIDADO;U03;;
E002619;P00497;2026-09-02T10:28;ENVIO;VALIDADO;ACEITE;SISTEMA;;
E001258;P00238;2026-09-02T10:30;REALIZACAO;MARCADO;REALIZADO;SISTEMA;;
E003753;P00738;2026-09-02T10:30;VALIDACAO;EXTRAIDO;VALIDADO;U03;;
E003754;P00738;2026-09-02T10:30;ENVIO;VALIDADO;ACEITE;SISTEMA;;
E002620;P00496;2026-09-02T10:34;MARCACAO;ACEITE;MARCADO;AGENTE;;V03071 03/09/2026 07:30
E002622;P00497;2026-09-02T10:34;MARCACAO;ACEITE;MARCADO;AGENTE;;V04499 23/09/2026 09:10
E002655;P00505;2026-09-02T10:35;EXTRACAO;;EXTRAIDO;AGENTE;;confiança 0.86
E003755;P00738;2026-09-02T10:45;MARCACAO;ACEITE;MARCADO;AGENTE;;V04649 24/09/2026 10:00
E001248;P00236;2026-09-02T10:50;REALIZACAO;MARCADO;REALIZADO;SISTEMA;;
E002661;P00506;2026-09-02T10:55;EXTRACAO;;EXTRAIDO;AGENTE;;confiança 0.98
E002656;P00505;2026-09-02T10:58;VALIDACAO;EXTRAIDO;VALIDADO;U03;;
E002657;P00505;2026-09-02T10:58;ENVIO;VALIDADO;EM_TRIAGEM;SISTEMA;;
E002506;P00475;2026-09-02T11:20;FALTA;MARCADO;FALTOU;SISTEMA;Doente faltou;
E002667;P00507;2026-09-02T11:35;EXTRACAO;;EXTRAIDO;AGENTE;;confiança 0.83
E002642;P00502;2026-09-02T11:53;VALIDACAO;EXTRAIDO;VALIDADO;U03;;
E002643;P00502;2026-09-02T11:53;ENVIO;VALIDADO;ACEITE;SISTEMA;;
E002645;P00503;2026-09-02T11:53;VALIDACAO;EXTRAIDO;VALIDADO;U03;;
E002646;P00503;2026-09-02T11:53;ENVIO;VALIDADO;ACEITE;SISTEMA;;
E002648;P00504;2026-09-02T11:53;VALIDACAO;EXTRAIDO;VALIDADO;U03;;
E002649;P00504;2026-09-02T11:53;ENVIO;VALIDADO;ACEITE;SISTEMA;;
E002650;P00502;2026-09-02T11:57;MARCACAO;ACEITE;MARCADO;AGENTE;;V03054 03/09/2026 07:40
E002654;P00504;2026-09-02T11:58;MARCACAO;ACEITE;MARCADO;AGENTE;;V04504 23/09/2026 10:50
E002652;P00503;2026-09-02T12:10;MARCACAO;ACEITE;MARCADO;AGENTE;;V03127 04/09/2026 08:40
E002507;P00475;2026-09-02T12:20;REMARCACAO;FALTOU;MARCADO;AGENTE;Falta do doente;nova data 04/09/2026 08:00
E002668;P00507;2026-09-02T13:09;VALIDACAO;EXTRAIDO;VALIDADO;U03;;
E002669;P00507;2026-09-02T13:09;ENVIO;VALIDADO;ACEITE;SISTEMA;;
E002662;P00506;2026-09-02T13:10;VALIDACAO;EXTRAIDO;VALIDADO;U03;;
E002663;P00506;2026-09-02T13:10;ENVIO;VALIDADO;EM_TRIAGEM;SISTEMA;;
E002670;P00507;2026-09-02T13:14;MARCACAO;ACEITE;MARCADO;AGENTE;;V03097 03/09/2026 09:00
E003731;P00732;2026-09-02T15:00;REMARCACAO;MARCADO;MARCADO;SISTEMA;Equipamento avariado;de 03/09/2026 para 01/10/2026 10:00
E002621;P00496;2026-09-03T07:40;REALIZACAO;MARCADO;REALIZADO;SISTEMA;;
E002630;P00498;2026-09-03T07:40;REALIZACAO;MARCADO;REALIZADO;SISTEMA;;
E002651;P00502;2026-09-03T07:50;REALIZACAO;MARCADO;REALIZADO;SISTEMA;;
E000027;P00006;2026-09-03T08:20;REALIZACAO;MARCADO;REALIZADO;U08;;
E002538;P00480;2026-09-03T08:20;REALIZACAO;MARCADO;REALIZADO;SISTEMA;;
E002558;P00484;2026-09-03T08:40;REALIZACAO;MARCADO;REALIZADO;SISTEMA;;
E000692;P00132;2026-09-03T08:50;REALIZACAO;MARCADO;REALIZADO;SISTEMA;;
E002672;P00508;2026-09-03T08:55;EXTRACAO;;EXTRAIDO;AGENTE;;confiança 0.95
E002573;P00487;2026-09-03T09:00;REALIZACAO;MARCADO;REALIZADO;SISTEMA;;
E001294;P00245;2026-09-03T09:10;REALIZACAO;MARCADO;REALIZADO;SISTEMA;;
E002678;P00509;2026-09-03T09:15;EXTRACAO;;EXTRAIDO;AGENTE;;confiança 0.84
E002681;P00510;2026-09-03T09:15;EXTRACAO;;EXTRAIDO;AGENTE;;confiança 0.86
E002639;P00500;2026-09-03T09:20;REALIZACAO;MARCADO;REALIZADO;SISTEMA;;
E001309;P00248;2026-09-03T09:30;REALIZACAO;MARCADO;REALIZADO;SISTEMA;;
E002671;P00507;2026-09-03T09:30;REALIZACAO;MARCADO;REALIZADO;SISTEMA;;
E002687;P00511;2026-09-03T09:35;EXTRACAO;;EXTRAIDO;AGENTE;;confiança 0.91
E001337;P00253;2026-09-03T09:50;REALIZACAO;MARCADO;REALIZADO;SISTEMA;;
E002688;P00511;2026-09-03T09:53;VALIDACAO;EXTRAIDO;VALIDADO;U03;;
E002689;P00511;2026-09-03T09:53;ENVIO;VALIDADO;EM_TRIAGEM;SISTEMA;;
E002698;P00513;2026-09-03T09:55;EXTRACAO;;EXTRAIDO;AGENTE;;confiança 0.92
E002673;P00508;2026-09-03T10:03;VALIDACAO;EXTRAIDO;VALIDADO;U03;;
E002674;P00508;2026-09-03T10:03;ENVIO;VALIDADO;EM_TRIAGEM;SISTEMA;;
E001321;P00250;2026-09-03T10:10;REALIZACAO;MARCADO;REALIZADO;SISTEMA;;
E002704;P00514;2026-09-03T10:15;EXTRACAO;;EXTRAIDO;AGENTE;;confiança 0.97
E002699;P00513;2026-09-03T10:27;VALIDACAO;EXTRAIDO;VALIDADO;U03;;
E002700;P00513;2026-09-03T10:27;ENVIO;VALIDADO;EM_TRIAGEM;SISTEMA;;
E001347;P00255;2026-09-03T10:30;REALIZACAO;MARCADO;REALIZADO;SISTEMA;;
E001362;P00258;2026-09-03T10:50;REALIZACAO;MARCADO;REALIZADO;SISTEMA;;
E002715;P00516;2026-09-03T10:55;EXTRACAO;;EXTRAIDO;AGENTE;;confiança 0.91
E002718;P00517;2026-09-03T10:55;EXTRACAO;;EXTRAIDO;AGENTE;;confiança 0.98
E002721;P00518;2026-09-03T10:55;EXTRACAO;;EXTRAIDO;AGENTE;;confiança 0.84
E002679;P00509;2026-09-03T11:12;VALIDACAO;EXTRAIDO;VALIDADO;U03;;
E002680;P00509;2026-09-03T11:12;ENVIO;VALIDADO;ACEITE;SISTEMA;;
E002682;P00510;2026-09-03T11:12;VALIDACAO;EXTRAIDO;VALIDADO;U03;;
E002683;P00510;2026-09-03T11:12;ENVIO;VALIDADO;ACEITE;SISTEMA;;
E002684;P00509;2026-09-03T11:14;MARCACAO;ACEITE;MARCADO;AGENTE;;V03161 04/09/2026 07:30
E002729;P00519;2026-09-03T11:15;EXTRACAO;;EXTRAIDO;AGENTE;;confiança 0.93
E002686;P00510;2026-09-03T11:24;MARCACAO;ACEITE;MARCADO;AGENTE;;V04601 24/09/2026 08:50
E002705;P00514;2026-09-03T11:32;VALIDACAO;EXTRAIDO;VALIDADO;U03;;
E002706;P00514;2026-09-03T11:32;ENVIO;VALIDADO;EM_TRIAGEM;SISTEMA;;
E002734;P00520;2026-09-03T11:35;EXTRACAO;;EXTRAIDO;AGENTE;;confiança 0.88
E002737;P00521;2026-09-03T11:35;EXTRACAO;;EXTRAIDO;AGENTE;;confiança 0.93
E002740;P00522;2026-09-03T11:35;EXTRACAO;;EXTRAIDO;AGENTE;;confiança 0.99
E002716;P00516;2026-09-03T11:39;VALIDACAO;EXTRAIDO;VALIDADO;U03;;
E002717;P00516;2026-09-03T11:39;ENVIO;VALIDADO;ACEITE;SISTEMA;;
E002719;P00517;2026-09-03T11:39;VALIDACAO;EXTRAIDO;VALIDADO;U03;;
E002720;P00517;2026-09-03T11:39;ENVIO;VALIDADO;ACEITE;SISTEMA;;
E002722;P00518;2026-09-03T11:39;VALIDACAO;EXTRAIDO;VALIDADO;U03;;
E002723;P00518;2026-09-03T11:39;ENVIO;VALIDADO;ACEITE;SISTEMA;;
E002730;P00519;2026-09-03T11:44;VALIDACAO;EXTRAIDO;VALIDADO;U03;;
E002731;P00519;2026-09-03T11:44;ENVIO;VALIDADO;ACEITE;SISTEMA;;
E002726;P00517;2026-09-03T11:49;MARCACAO;ACEITE;MARCADO;AGENTE;;V03234 07/09/2026 08:20
E002728;P00518;2026-09-03T11:51;MARCACAO;ACEITE;MARCADO;AGENTE;;V04600 24/09/2026 08:30
E002724;P00516;2026-09-03T11:59;MARCACAO;ACEITE;MARCADO;AGENTE;;V03162 04/09/2026 07:40
E002523;P00478;2026-09-03T12:00;FALTA;MARCADO;FALTOU;SISTEMA;Doente faltou;
E002732;P00519;2026-09-03T12:00;MARCACAO;ACEITE;MARCADO;AGENTE;;V03207 04/09/2026 10:00
E002600;P00492;2026-09-03T12:20;FALTA;MARCADO;FALTOU;SISTEMA;Doente faltou;
E002735;P00520;2026-09-03T12:24;VALIDACAO;EXTRAIDO;VALIDADO;U03;;
E002736;P00520;2026-09-03T12:24;ENVIO;VALIDADO;ACEITE;SISTEMA;;
E002738;P00521;2026-09-03T12:24;VALIDACAO;EXTRAIDO;VALIDADO;U03;;
E002739;P00521;2026-09-03T12:24;ENVIO;VALIDADO;ACEITE;SISTEMA;;
E002741;P00522;2026-09-03T12:24;VALIDACAO;EXTRAIDO;VALIDADO;U03;;
E002742;P00522;2026-09-03T12:24;ENVIO;VALIDADO;ACEITE;SISTEMA;;
E002745;P00521;2026-09-03T12:25;MARCACAO;ACEITE;MARCADO;AGENTE;;V03233 07/09/2026 08:00
E002747;P00522;2026-09-03T12:41;MARCACAO;ACEITE;MARCADO;AGENTE;;V04602 24/09/2026 09:10
E002743;P00520;2026-09-03T12:42;MARCACAO;ACEITE;MARCADO;AGENTE;;V03179 04/09/2026 07:30
E002524;P00478;2026-09-03T13:00;REMARCACAO;FALTOU;MARCADO;AGENTE;Falta do doente;nova data 10/09/2026 09:00
E002601;P00492;2026-09-03T13:20;REMARCACAO;FALTOU;MARCADO;AGENTE;Falta do doente;nova data 07/09/2026 08:40
E000187;P00037;2026-09-03T15:00;REMARCACAO;MARCADO;MARCADO;SISTEMA;Equipamento avariado;de 04/09/2026 para 09/09/2026 08:40
E002658;P00505;2026-09-03T16:35;TRIAGEM;EM_TRIAGEM;ACEITE;U04;;
E002659;P00505;2026-09-03T16:46;MARCACAO;ACEITE;MARCADO;AGENTE;;V03224 07/09/2026 09:40
E002515;P00477;2026-09-04T00:09;TRIAGEM;EM_TRIAGEM;ACEITE;U04;;
E002516;P00477;2026-09-04T00:22;MARCACAO;ACEITE;MARCADO;AGENTE;;V03331 08/09/2026 09:00
E002685;P00509;2026-09-04T07:40;REALIZACAO;MARCADO;REALIZADO;SISTEMA;;
E002744;P00520;2026-09-04T07:40;REALIZACAO;MARCADO;REALIZADO;SISTEMA;;
E002725;P00516;2026-09-04T07:50;REALIZACAO;MARCADO;REALIZADO;SISTEMA;;
E002508;P00475;2026-09-04T08:20;REALIZACAO;MARCADO;REALIZADO;SISTEMA;;
E001389;P00263;2026-09-04T08:50;REALIZACAO;MARCADO;REALIZADO;SISTEMA;;
E002748;P00523;2026-09-04T08:55;EXTRACAO;;EXTRAIDO;AGENTE;;confiança 0.99
E002751;P00524;2026-09-04T08:55;EXTRACAO;;EXTRAIDO;AGENTE;;confiança 0.94
E002653;P00503;2026-09-04T09:00;REALIZACAO;MARCADO;REALIZADO;SISTEMA;;
E002473;P00469;2026-09-04T09:04;TRIAGEM;EM_TRIAGEM;ACEITE;U04;;
E001410;P00267;2026-09-04T09:10;REALIZACAO;MARCADO;REALIZADO;SISTEMA;;
E002757;P00525;2026-09-04T09:15;EXTRACAO;;EXTRAIDO;AGENTE;;confiança 0.88
E002760;P00526;2026-09-04T09:15;EXTRACAO;;EXTRAIDO;AGENTE;;confiança 0.9
E002474;P00469;2026-09-04T09:16;MARCACAO;ACEITE;MARCADO;AGENTE;;V03223 07/09/2026 09:00
E000006;P00002;2026-09-04T09:25;EXTRACAO;;EXTRAIDO;AGENTE;;confiança 0.85
E000007;P00003;2026-09-04T09:25;EXTRACAO;;EXTRAIDO;AGENTE;;confiança 0.87
E000008;P00004;2026-09-04T09:25;EXTRACAO;;EXTRAIDO;AGENTE;;confiança 0.83
E001550;P00294;2026-09-04T09:30;REALIZACAO;MARCADO;REALIZADO;SISTEMA;;
E001439;P00273;2026-09-04T09:50;REALIZACAO;MARCADO;REALIZADO;SISTEMA;;
E002766;P00527;2026-09-04T09:55;EXTRACAO;;EXTRAIDO;AGENTE;;confiança 0.86
E003761;P00740;2026-09-04T10:00;EXTRACAO;;EXTRAIDO;AGENTE;;confiança 0.96
E000009;P00002;2026-09-04T10:05;VALIDACAO;EXTRAIDO;VALIDADO;U03;;
E000010;P00002;2026-09-04T10:05;ENVIO;VALIDADO;ACEITE;SISTEMA;;
E000011;P00003;2026-09-04T10:05;VALIDACAO;EXTRAIDO;VALIDADO;U03;;
E000012;P00003;2026-09-04T10:05;ENVIO;VALIDADO;ACEITE;SISTEMA;;
E000013;P00004;2026-09-04T10:05;VALIDACAO;EXTRAIDO;VALIDADO;U03;;
E000014;P00004;2026-09-04T10:05;ENVIO;VALIDADO;ACEITE;SISTEMA;;
E002749;P00523;2026-09-04T10:15;VALIDACAO;EXTRAIDO;VALIDADO;U03;;
E002750;P00523;2026-09-04T10:15;ENVIO;VALIDADO;ACEITE;SISTEMA;;
E002752;P00524;2026-09-04T10:15;VALIDACAO;EXTRAIDO;VALIDADO;U03;;
E002753;P00524;2026-09-04T10:15;ENVIO;VALIDADO;ACEITE;SISTEMA;;
E002771;P00528;2026-09-04T10:15;EXTRACAO;;EXTRAIDO;AGENTE;;confiança 0.84
E002756;P00524;2026-09-04T10:19;MARCACAO;ACEITE;MARCADO;AGENTE;;V04708 25/09/2026 08:30
E000015;P00003;2026-09-04T10:20;MARCACAO;ACEITE;MARCADO;AGENTE;;V03778 14/09/2026 11:20
E000016;P00002;2026-09-04T10:20;MARCACAO;ACEITE;MARCADO;AGENTE;;V04451 22/09/2026 08:10
E000017;P00004;2026-09-04T10:20;MARCACAO;ACEITE;MARCADO;AGENTE;;V04819 28/09/2026 09:30
E002754;P00523;2026-09-04T10:26;MARCACAO;ACEITE;MARCADO;AGENTE;;V03270 07/09/2026 07:40
E001474;P00280;2026-09-04T10:30;REALIZACAO;MARCADO;REALIZADO;SISTEMA;;
E002733;P00519;2026-09-04T10:30;REALIZACAO;MARCADO;REALIZADO;SISTEMA;;
E003762;P00740;2026-09-04T10:30;VALIDACAO;EXTRAIDO;VALIDADO;U03;;
E003763;P00740;2026-09-04T10:30;ENVIO;VALIDADO;ACEITE;SISTEMA;;
E002775;P00529;2026-09-04T10:35;EXTRACAO;;EXTRAIDO;AGENTE;;confiança 0.92
E002779;P00530;2026-09-04T10:35;EXTRACAO;;EXTRAIDO;AGENTE;;confiança 0.95
E002782;P00531;2026-09-04T10:35;EXTRACAO;;EXTRAIDO;AGENTE;;confiança 0.95
E003764;P00740;2026-09-04T10:45;MARCACAO;ACEITE;MARCADO;AGENTE;;V04652 24/09/2026 11:00
E002758;P00525;2026-09-04T11:06;VALIDACAO;EXTRAIDO;VALIDADO;U03;;
E002759;P00525;2026-09-04T11:06;ENVIO;VALIDADO;ACEITE;SISTEMA;;
E002761;P00526;2026-09-04T11:06;VALIDACAO;EXTRAIDO;VALIDADO;U03;;
E002762;P00526;2026-09-04T11:06;ENVIO;VALIDADO;ACEITE;SISTEMA;;
E002765;P00526;2026-09-04T11:13;MARCACAO;ACEITE;MARCADO;AGENTE;;V04709 25/09/2026 08:50
E002789;P00532;2026-09-04T11:15;EXTRACAO;;EXTRAIDO;AGENTE;;confiança 0.95
E002792;P00533;2026-09-04T11:15;EXTRACAO;;EXTRAIDO;AGENTE;;confiança 0.83
E002776;P00529;2026-09-04T11:17;CORRECAO;EXTRAIDO;EXTRAIDO;U03;;serviço corrigido
E002777;P00529;2026-09-04T11:17;VALIDACAO;EXTRAIDO;VALIDADO;U03;;
E002778;P00529;2026-09-04T11:17;ENVIO;VALIDADO;ACEITE;SISTEMA;;
E002780;P00530;2026-09-04T11:17;VALIDACAO;EXTRAIDO;VALIDADO;U03;;
E002781;P00530;2026-09-04T11:17;ENVIO;VALIDADO;ACEITE;SISTEMA;;
E002783;P00531;2026-09-04T11:17;CORRECAO;EXTRAIDO;EXTRAIDO;U03;;serviço corrigido
E002784;P00531;2026-09-04T11:17;VALIDACAO;EXTRAIDO;VALIDADO;U03;;
E002785;P00531;2026-09-04T11:17;ENVIO;VALIDADO;ACEITE;SISTEMA;;
E002786;P00529;2026-09-04T11:20;MARCACAO;ACEITE;MARCADO;AGENTE;;V06479 19/10/2026 07:30
E002787;P00530;2026-09-04T11:20;MARCACAO;ACEITE;MARCADO;AGENTE;;V06551 20/10/2026 08:00
E002788;P00531;2026-09-04T11:22;MARCACAO;ACEITE;MARCADO;AGENTE;;V07172 28/10/2026 08:30
E002763;P00525;2026-09-04T11:23;MARCACAO;ACEITE;MARCADO;AGENTE;;V03288 07/09/2026 07:40
E002772;P00528;2026-09-04T11:23;VALIDACAO;EXTRAIDO;VALIDADO;U03;;
E002773;P00528;2026-09-04T11:23;ENVIO;VALIDADO;EM_TRIAGEM;SISTEMA;;
E002798;P00534;2026-09-04T11:25;EXTRACAO;;EXTRAIDO;AGENTE;;confiança 0.95
E002767;P00527;2026-09-04T11:45;VALIDACAO;EXTRAIDO;VALIDADO;U03;;
E002768;P00527;2026-09-04T11:45;ENVIO;VALIDADO;ACEITE;SISTEMA;;
E002769;P00527;2026-09-04T11:46;MARCACAO;ACEITE;MARCADO;AGENTE;;V03313 07/09/2026 09:00
E002804;P00535;2026-09-04T11:55;EXTRACAO;;EXTRAIDO;AGENTE;;confiança 0.95
E002807;P00536;2026-09-04T11:55;EXTRACAO;;EXTRAIDO;AGENTE;;confiança 0.9
E002790;P00532;2026-09-04T12:33;VALIDACAO;EXTRAIDO;VALIDADO;U03;;
E002791;P00532;2026-09-04T12:33;ENVIO;VALIDADO;ACEITE;SISTEMA;;
E002793;P00533;2026-09-04T12:33;VALIDACAO;EXTRAIDO;VALIDADO;U03;;
E002794;P00533;2026-09-04T12:33;ENVIO;VALIDADO;ACEITE;SISTEMA;;
E002799;P00534;2026-09-04T12:35;VALIDACAO;EXTRAIDO;VALIDADO;U03;;
E002800;P00534;2026-09-04T12:35;ENVIO;VALIDADO;EM_TRIAGEM;SISTEMA;;
E002797;P00533;2026-09-04T12:37;MARCACAO;ACEITE;MARCADO;AGENTE;;V04711 25/09/2026 09:30
E002795;P00532;2026-09-04T12:40;MARCACAO;ACEITE;MARCADO;AGENTE;;V03287 07/09/2026 07:30
E002805;P00535;2026-09-04T14:12;VALIDACAO;EXTRAIDO;VALIDADO;U03;;
E002806;P00535;2026-09-04T14:12;ENVIO;VALIDADO;ACEITE;SISTEMA;;
E002808;P00536;2026-09-04T14:12;VALIDACAO;EXTRAIDO;VALIDADO;U03;;
E002809;P00536;2026-09-04T14:12;ENVIO;VALIDADO;ACEITE;SISTEMA;;
E002810;P00535;2026-09-04T14:19;MARCACAO;ACEITE;MARCADO;AGENTE;;V05620 07/10/2026 07:30
E002811;P00536;2026-09-04T14:22;MARCACAO;ACEITE;MARCADO;AGENTE;;V05778 09/10/2026 08:30
E002801;P00534;2026-09-04T18:51;TRIAGEM;EM_TRIAGEM;ACEITE;U04;;
E002802;P00534;2026-09-04T18:57;MARCACAO;ACEITE;MARCADO;AGENTE;;V03651 11/09/2026 09:40
E002707;P00514;2026-09-07T05:26;TRIAGEM;EM_TRIAGEM;ACEITE;U10;;
E002708;P00514;2026-09-07T05:38;MARCACAO;ACEITE;MARCADO;AGENTE;;V03518 09/09/2026 08:30
E002710;P00515;2026-09-07T05:38;EXTRACAO;;EXTRAIDO;AGENTE;;confiança 1.0
E002711;P00515;2026-09-07T05:38;VALIDACAO;EXTRAIDO;VALIDADO;SISTEMA;;
E002712;P00515;2026-09-07T05:38;ENVIO;VALIDADO;ACEITE;SISTEMA;;
E002713;P00515;2026-09-07T05:38;MARCACAO;ACEITE;MARCADO;AGENTE;;V03377 08/09/2026 07:30
E000562;P00107;2026-09-07T07:40;REALIZACAO;MARCADO;REALIZADO;SISTEMA;;
E002796;P00532;2026-09-07T07:40;REALIZACAO;MARCADO;REALIZADO;SISTEMA;;
E002755;P00523;2026-09-07T07:50;REALIZACAO;MARCADO;REALIZADO;SISTEMA;;
E002764;P00525;2026-09-07T07:50;REALIZACAO;MARCADO;REALIZADO;SISTEMA;;
E002746;P00521;2026-09-07T08:20;REALIZACAO;MARCADO;REALIZADO;SISTEMA;;
E002675;P00508;2026-09-07T08:28;TRIAGEM;EM_TRIAGEM;ACEITE;U04;;
E002676;P00508;2026-09-07T08:31;MARCACAO;ACEITE;MARCADO;AGENTE;;V03332 08/09/2026 09:40
E002727;P00517;2026-09-07T08:40;REALIZACAO;MARCADO;REALIZADO;SISTEMA;;
E001484;P00282;2026-09-07T08:50;REALIZACAO;MARCADO;REALIZADO;SISTEMA;;
E002812;P00537;2026-09-07T08:55;EXTRACAO;;EXTRAIDO;AGENTE;;confiança 0.96
E002602;P00492;2026-09-07T09:00;REALIZACAO;MARCADO;REALIZADO;SISTEMA;;
E002817;P00538;2026-09-07T09:05;EXTRACAO;;EXTRAIDO;AGENTE;;confiança 0.99
E001494;P00284;2026-09-07T09:30;REALIZACAO;MARCADO;REALIZADO;SISTEMA;;
E002770;P00527;2026-09-07T09:30;REALIZACAO;MARCADO;REALIZADO;SISTEMA;;
E002822;P00539;2026-09-07T09:35;EXTRACAO;;EXTRAIDO;AGENTE;;confiança 0.92
E002825;P00540;2026-09-07T09:35;EXTRACAO;;EXTRAIDO;AGENTE;;confiança 0.97
E002828;P00541;2026-09-07T09:35;EXTRACAO;;EXTRAIDO;AGENTE;;confiança 0.93
E002475;P00469;2026-09-07T09:40;REALIZACAO;MARCADO;REALIZADO;SISTEMA;;
E001544;P00293;2026-09-07T09:50;REALIZACAO;MARCADO;REALIZADO;SISTEMA;;
E002836;P00542;2026-09-07T09:55;EXTRACAO;;EXTRAIDO;AGENTE;;confiança 0.99
E002840;P00543;2026-09-07T09:55;EXTRACAO;;EXTRAIDO;AGENTE;;confiança 0.91
E002844;P00544;2026-09-07T09:55;EXTRACAO;;EXTRAIDO;AGENTE;;confiança 0.85
E002823;P00539;2026-09-07T09:59;VALIDACAO;EXTRAIDO;VALIDADO;U03;;
E002824;P00539;2026-09-07T09:59;ENVIO;VALIDADO;ACEITE;SISTEMA;;
E002826;P00540;2026-09-07T09:59;VALIDACAO;EXTRAIDO;VALIDADO;U03;;
E002827;P00540;2026-09-07T09:59;ENVIO;VALIDADO;ACEITE;SISTEMA;;
E002829;P00541;2026-09-07T09:59;VALIDACAO;EXTRAIDO;VALIDADO;U03;;
E002830;P00541;2026-09-07T09:59;ENVIO;VALIDADO;ACEITE;SISTEMA;;
E002835;P00541;2026-09-07T10:00;MARCACAO;ACEITE;MARCADO;AGENTE;;V04816 28/09/2026 08:30
E002833;P00540;2026-09-07T10:11;MARCACAO;ACEITE;MARCADO;AGENTE;;V03444 09/09/2026 08:00
E002818;P00538;2026-09-07T10:15;VALIDACAO;EXTRAIDO;VALIDADO;U03;;
E002819;P00538;2026-09-07T10:15;ENVIO;VALIDADO;EM_TRIAGEM;SISTEMA;;
E002851;P00545;2026-09-07T10:15;EXTRACAO;;EXTRAIDO;AGENTE;;confiança 0.91
E002854;P00546;2026-09-07T10:15;EXTRACAO;;EXTRAIDO;AGENTE;;confiança 0.88
E002857;P00547;2026-09-07T10:15;EXTRACAO;;EXTRAIDO;AGENTE;;confiança 0.92
E002831;P00539;2026-09-07T10:16;MARCACAO;ACEITE;MARCADO;AGENTE;;V03396 08/09/2026 07:40
E002660;P00505;2026-09-07T10:20;REALIZACAO;MARCADO;REALIZADO;SISTEMA;;
E002863;P00548;2026-09-07T10:35;EXTRACAO;;EXTRAIDO;AGENTE;;confiança 0.98
E002867;P00549;2026-09-07T10:35;EXTRACAO;;EXTRAIDO;AGENTE;;confiança 0.84
E002871;P00550;2026-09-07T10:35;EXTRACAO;;EXTRAIDO;AGENTE;;confiança 0.98
E002878;P00551;2026-09-07T10:45;EXTRACAO;;EXTRAIDO;AGENTE;;confiança 0.98
E002881;P00552;2026-09-07T10:45;EXTRACAO;;EXTRAIDO;AGENTE;;confiança 0.93
E002884;P00553;2026-09-07T10:45;EXTRACAO;;EXTRAIDO;AGENTE;;confiança 0.86
E002837;P00542;2026-09-07T10:47;CORRECAO;EXTRAIDO;EXTRAIDO;U03;;prazo corrigido
E002838;P00542;2026-09-07T10:47;VALIDACAO;EXTRAIDO;VALIDADO;U03;;
E002839;P00542;2026-09-07T10:47;ENVIO;VALIDADO;ACEITE;SISTEMA;;
E002841;P00543;2026-09-07T10:47;CORRECAO;EXTRAIDO;EXTRAIDO;U03;;exame corrigido
E002842;P00543;2026-09-07T10:47;VALIDACAO;EXTRAIDO;VALIDADO;U03;;
E002843;P00543;2026-09-07T10:47;ENVIO;VALIDADO;ACEITE;SISTEMA;;
E002845;P00544;2026-09-07T10:47;CORRECAO;EXTRAIDO;EXTRAIDO;U03;;exame corrigido
E002846;P00544;2026-09-07T10:47;VALIDACAO;EXTRAIDO;VALIDADO;U03;;
E002847;P00544;2026-09-07T10:47;ENVIO;VALIDADO;ACEITE;SISTEMA;;
E002849;P00543;2026-09-07T10:48;MARCACAO;ACEITE;MARCADO;AGENTE;;V05800 09/10/2026 08:00
E002848;P00542;2026-09-07T10:49;MARCACAO;ACEITE;MARCADO;AGENTE;;V05746 08/10/2026 07:30
E002850;P00544;2026-09-07T10:59;MARCACAO;ACEITE;MARCADO;AGENTE;;V06313 16/10/2026 08:30
E002895;P00554;2026-09-07T11:05;EXTRACAO;;EXTRAIDO;AGENTE;;confiança 0.89
E002813;P00537;2026-09-07T11:21;VALIDACAO;EXTRAIDO;VALIDADO;U03;;
E002814;P00537;2026-09-07T11:21;ENVIO;VALIDADO;ACEITE;SISTEMA;;
E002815;P00537;2026-09-07T11:26;MARCACAO;ACEITE;MARCADO;AGENTE;;V03421 08/09/2026 09:00
E002664;P00506;2026-09-07T11:49;TRIAGEM;EM_TRIAGEM;ACEITE;U04;;
E002902;P00555;2026-09-07T11:55;EXTRACAO;;EXTRAIDO;AGENTE;;confiança 0.84
E002864;P00548;2026-09-07T11:59;CORRECAO;EXTRAIDO;EXTRAIDO;U03;;exame corrigido
E002865;P00548;2026-09-07T11:59;VALIDACAO;EXTRAIDO;VALIDADO;U03;;
E002866;P00548;2026-09-07T11:59;ENVIO;VALIDADO;ACEITE;SISTEMA;;
E002868;P00549;2026-09-07T11:59;CORRECAO;EXTRAIDO;EXTRAIDO;U03;;exame corrigido
E002869;P00549;2026-09-07T11:59;VALIDACAO;EXTRAIDO;VALIDADO;U03;;
E002870;P00549;2026-09-07T11:59;ENVIO;VALIDADO;ACEITE;SISTEMA;;
E002872;P00550;2026-09-07T11:59;CORRECAO;EXTRAIDO;EXTRAIDO;U03;;exame corrigido
E002873;P00550;2026-09-07T11:59;VALIDACAO;EXTRAIDO;VALIDADO;U03;;
E002874;P00550;2026-09-07T11:59;ENVIO;VALIDADO;ACEITE;SISTEMA;;
E002665;P00506;2026-09-07T12:06;MARCACAO;ACEITE;MARCADO;AGENTE;;V03543 10/09/2026 09:40
E002875;P00548;2026-09-07T12:10;MARCACAO;ACEITE;MARCADO;AGENTE;;V06480 19/10/2026 07:40
E002852;P00545;2026-09-07T12:11;VALIDACAO;EXTRAIDO;VALIDADO;U03;;
E002853;P00545;2026-09-07T12:11;ENVIO;VALIDADO;ACEITE;SISTEMA;;
E002855;P00546;2026-09-07T12:11;VALIDACAO;EXTRAIDO;VALIDADO;U03;;
E002856;P00546;2026-09-07T12:11;ENVIO;VALIDADO;ACEITE;SISTEMA;;
E002858;P00547;2026-09-07T12:11;VALIDACAO;EXTRAIDO;VALIDADO;U03;;
E002859;P00547;2026-09-07T12:11;ENVIO;VALIDADO;ACEITE;SISTEMA;;
E002860;P00545;2026-09-07T12:15;MARCACAO;ACEITE;MARCADO;AGENTE;;V05517 06/10/2026 07:30
E002876;P00549;2026-09-07T12:16;MARCACAO;ACEITE;MARCADO;AGENTE;;V06552 20/10/2026 08:20
E002862;P00547;2026-09-07T12:18;MARCACAO;ACEITE;MARCADO;AGENTE;;V06104 14/10/2026 09:10
E002877;P00550;2026-09-07T12:18;MARCACAO;ACEITE;MARCADO;AGENTE;;V07173 28/10/2026 08:50
E002861;P00546;2026-09-07T12:24;MARCACAO;ACEITE;MARCADO;AGENTE;;V05586 07/10/2026 08:40
E002879;P00551;2026-09-07T12:42;VALIDACAO;EXTRAIDO;VALIDADO;U03;;
E002880;P00551;2026-09-07T12:42;ENVIO;VALIDADO;ACEITE;SISTEMA;;
E002882;P00552;2026-09-07T12:42;VALIDACAO;EXTRAIDO;VALIDADO;U03;;
E002883;P00552;2026-09-07T12:42;ENVIO;VALIDADO;ACEITE;SISTEMA;;
E002885;P00553;2026-09-07T12:42;VALIDACAO;EXTRAIDO;VALIDADO;U03;;
E002886;P00553;2026-09-07T12:42;ENVIO;VALIDADO;ACEITE;SISTEMA;;
E002893;P00553;2026-09-07T12:53;MARCACAO;ACEITE;MARCADO;AGENTE;;V04817 28/09/2026 08:50
E002894;P00553;2026-09-07T12:53;REMARCACAO;MARCADO;MARCADO;SISTEMA;Dependência não cumprida (falta a exame);
E002889;P00552;2026-09-07T12:57;MARCACAO;ACEITE;MARCADO;AGENTE;;V03447 09/09/2026 09:00
E002887;P00551;2026-09-07T12:58;MARCACAO;ACEITE;MARCADO;AGENTE;;V03397 08/09/2026 07:50
E002896;P00554;2026-09-07T13:24;CORRECAO;EXTRAIDO;EXTRAIDO;U03;;serviço corrigido
E002897;P00554;2026-09-07T13:24;VALIDACAO;EXTRAIDO;VALIDADO;U03;;
E002898;P00554;2026-09-07T13:24;ENVIO;VALIDADO;EM_TRIAGEM;SISTEMA;;
E002903;P00555;2026-09-07T13:57;VALIDACAO;EXTRAIDO;VALIDADO;U03;;
E002904;P00555;2026-09-07T13:57;ENVIO;VALIDADO;EM_TRIAGEM;SISTEMA;;
E002701;P00513;2026-09-07T14:06;TRIAGEM;EM_TRIAGEM;ACEITE;U04;;
E002702;P00513;2026-09-07T14:19;MARCACAO;ACEITE;MARCADO;AGENTE;;V03650 11/09/2026 09:00
E002690;P00511;2026-09-07T23:08;TRIAGEM;EM_TRIAGEM;ACEITE;U10;;
E002691;P00511;2026-09-07T23:19;MARCACAO;ACEITE;MARCADO;AGENTE;;V03516 09/09/2026 08:30
E002693;P00512;2026-09-07T23:19;EXTRACAO;;EXTRAIDO;AGENTE;;confiança 1.0
E002694;P00512;2026-09-07T23:19;VALIDACAO;EXTRAIDO;VALIDADO;SISTEMA;;
E002695;P00512;2026-09-07T23:19;ENVIO;VALIDADO;ACEITE;SISTEMA;;
E002696;P00512;2026-09-07T23:19;MARCACAO;ACEITE;MARCADO;AGENTE;;V03378 08/09/2026 07:40
E002774;P00528;2026-09-08T07:34;TRIAGEM;EM_TRIAGEM;RECUSADO;U04;Sem indicação para a consulta;
E000142;P00029;2026-09-08T07:40;REALIZACAO;MARCADO;REALIZADO;SISTEMA;;
E002714;P00515;2026-09-08T07:40;REALIZACAO;MARCADO;REALIZADO;SISTEMA;;
E002697;P00512;2026-09-08T07:50;REALIZACAO;MARCADO;REALIZADO;SISTEMA;;
E002832;P00539;2026-09-08T07:50;REALIZACAO;MARCADO;REALIZADO;SISTEMA;;
E002888;P00551;2026-09-08T08:00;REALIZACAO;MARCADO;REALIZADO;SISTEMA;;
E001617;P00306;2026-09-08T08:50;REALIZACAO;MARCADO;REALIZADO;SISTEMA;;
E002908;P00556;2026-09-08T08:55;EXTRACAO;;EXTRAIDO;AGENTE;;confiança 0.89
E001600;P00303;2026-09-08T09:10;REALIZACAO;MARCADO;REALIZADO;SISTEMA;;
E001627;P00308;2026-09-08T09:30;REALIZACAO;MARCADO;REALIZADO;SISTEMA;;
E002816;P00537;2026-09-08T09:30;REALIZACAO;MARCADO;REALIZADO;SISTEMA;;
E002517;P00477;2026-09-08T09:40;REALIZACAO;MARCADO;REALIZADO;SISTEMA;;
E001646;P00312;2026-09-08T09:50;REALIZACAO;MARCADO;REALIZADO;SISTEMA;;
E002919;P00558;2026-09-08T09:55;EXTRACAO;;EXTRAIDO;AGENTE;;confiança 0.84
E002922;P00559;2026-09-08T09:55;EXTRACAO;;EXTRAIDO;AGENTE;;confiança 0.87
E003757;P00739;2026-09-08T10:00;EXTRACAO;;EXTRAIDO;AGENTE;;confiança 0.96
E002928;P00560;2026-09-08T10:15;EXTRACAO;;EXTRAIDO;AGENTE;;confiança 0.86
E002931;P00561;2026-09-08T10:15;EXTRACAO;;EXTRAIDO;AGENTE;;confiança 0.84
E002677;P00508;2026-09-08T10:20;REALIZACAO;MARCADO;REALIZADO;SISTEMA;;
E003758;P00739;2026-09-08T10:30;VALIDACAO;EXTRAIDO;VALIDADO;U03;;
E003759;P00739;2026-09-08T10:30;ENVIO;VALIDADO;ACEITE;SISTEMA;;
E002937;P00562;2026-09-08T10:35;EXTRACAO;;EXTRAIDO;AGENTE;;confiança 0.98
E002940;P00563;2026-09-08T10:35;EXTRACAO;;EXTRAIDO;AGENTE;;confiança 0.96
E002943;P00564;2026-09-08T10:35;EXTRACAO;;EXTRAIDO;AGENTE;;confiança 0.85
E003760;P00739;2026-09-08T10:45;MARCACAO;ACEITE;MARCADO;AGENTE;;V04651 24/09/2026 10:40
E002909;P00556;2026-09-08T11:07;VALIDACAO;EXTRAIDO;VALIDADO;U03;;
E002910;P00556;2026-09-08T11:07;ENVIO;VALIDADO;EM_TRIAGEM;SISTEMA;;
E002949;P00565;2026-09-08T11:15;EXTRACAO;;EXTRAIDO;AGENTE;;confiança 0.98
E002952;P00566;2026-09-08T11:15;EXTRACAO;;EXTRAIDO;AGENTE;;confiança 0.83
E002958;P00567;2026-09-08T11:25;EXTRACAO;;EXTRAIDO;AGENTE;;confiança 0.9
E002961;P00568;2026-09-08T11:25;EXTRACAO;;EXTRAIDO;AGENTE;;confiança 0.88
E002964;P00569;2026-09-08T11:25;EXTRACAO;;EXTRAIDO;AGENTE;;confiança 0.88
E002920;P00558;2026-09-08T11:33;VALIDACAO;EXTRAIDO;VALIDADO;U03;;
E002921;P00558;2026-09-08T11:33;ENVIO;VALIDADO;ACEITE;SISTEMA;;
E002923;P00559;2026-09-08T11:33;VALIDACAO;EXTRAIDO;VALIDADO;U03;;
E002924;P00559;2026-09-08T11:33;ENVIO;VALIDADO;ACEITE;SISTEMA;;
E002925;P00558;2026-09-08T11:44;MARCACAO;ACEITE;MARCADO;AGENTE;;V03468 09/09/2026 09:00
E002950;P00565;2026-09-08T11:46;VALIDACAO;EXTRAIDO;VALIDADO;U03;;
E002951;P00565;2026-09-08T11:46;ENVIO;VALIDADO;ACEITE;SISTEMA;;
E002953;P00566;2026-09-08T11:46;VALIDACAO;EXTRAIDO;VALIDADO;U03;;
E002954;P00566;2026-09-08T11:46;ENVIO;VALIDADO;ACEITE;SISTEMA;;
E002957;P00566;2026-09-08T11:49;MARCACAO;ACEITE;MARCADO;AGENTE;;V04926 29/09/2026 09:10
E002927;P00559;2026-09-08T11:52;MARCACAO;ACEITE;MARCADO;AGENTE;;V04925 29/09/2026 08:50
E002972;P00570;2026-09-08T11:55;EXTRACAO;;EXTRAIDO;AGENTE;;confiança 0.94
E002975;P00571;2026-09-08T11:55;EXTRACAO;;EXTRAIDO;AGENTE;;confiança 0.93
E002978;P00572;2026-09-08T11:55;EXTRACAO;;EXTRAIDO;AGENTE;;confiança 0.94
E002959;P00567;2026-09-08T11:58;VALIDACAO;EXTRAIDO;VALIDADO;U03;;
E002960;P00567;2026-09-08T11:58;ENVIO;VALIDADO;ACEITE;SISTEMA;;
E002962;P00568;2026-09-08T11:58;VALIDACAO;EXTRAIDO;VALIDADO;U03;;
E002963;P00568;2026-09-08T11:58;ENVIO;VALIDADO;ACEITE;SISTEMA;;
E002965;P00569;2026-09-08T11:58;VALIDACAO;EXTRAIDO;VALIDADO;U03;;
E002966;P00569;2026-09-08T11:58;ENVIO;VALIDADO;ACEITE;SISTEMA;;
E002971;P00569;2026-09-08T11:59;MARCACAO;ACEITE;MARCADO;AGENTE;;V04928 29/09/2026 09:50
E002969;P00568;2026-09-08T12:00;MARCACAO;ACEITE;MARCADO;AGENTE;;V03552 10/09/2026 08:00
E002955;P00565;2026-09-08T12:03;MARCACAO;ACEITE;MARCADO;AGENTE;;V03472 09/09/2026 10:20
E002967;P00567;2026-09-08T12:16;MARCACAO;ACEITE;MARCADO;AGENTE;;V03481 09/09/2026 07:40
E002973;P00570;2026-09-08T12:16;VALIDACAO;EXTRAIDO;VALIDADO;U03;;
E002974;P00570;2026-09-08T12:16;ENVIO;VALIDADO;ACEITE;SISTEMA;;
E002976;P00571;2026-09-08T12:16;VALIDACAO;EXTRAIDO;VALIDADO;U03;;
E002977;P00571;2026-09-08T12:16;ENVIO;VALIDADO;ACEITE;SISTEMA;;
E002979;P00572;2026-09-08T12:16;VALIDACAO;EXTRAIDO;VALIDADO;U03;;
E002980;P00572;2026-09-08T12:16;ENVIO;VALIDADO;ACEITE;SISTEMA;;
E002985;P00572;2026-09-08T12:19;MARCACAO;ACEITE;MARCADO;AGENTE;;V04929 29/09/2026 10:10
E002981;P00570;2026-09-08T12:21;MARCACAO;ACEITE;MARCADO;AGENTE;;V03480 09/09/2026 07:30
E002929;P00560;2026-09-08T12:23;VALIDACAO;EXTRAIDO;VALIDADO;U03;;
E002930;P00560;2026-09-08T12:23;ENVIO;VALIDADO;ACEITE;SISTEMA;;
E002932;P00561;2026-09-08T12:23;VALIDACAO;EXTRAIDO;VALIDADO;U03;;
E002933;P00561;2026-09-08T12:23;ENVIO;VALIDADO;ACEITE;SISTEMA;;
E002983;P00571;2026-09-08T12:33;MARCACAO;ACEITE;MARCADO;AGENTE;;V03553 10/09/2026 08:20
E002936;P00561;2026-09-08T12:39;MARCACAO;ACEITE;MARCADO;AGENTE;;V04927 29/09/2026 09:30
E002938;P00562;2026-09-08T12:39;VALIDACAO;EXTRAIDO;VALIDADO;U03;;
E002939;P00562;2026-09-08T12:39;ENVIO;VALIDADO;ACEITE;SISTEMA;;
E002941;P00563;2026-09-08T12:39;VALIDACAO;EXTRAIDO;VALIDADO;U03;;
E002942;P00563;2026-09-08T12:39;ENVIO;VALIDADO;ACEITE;SISTEMA;;
E002944;P00564;2026-09-08T12:39;VALIDACAO;EXTRAIDO;VALIDADO;U03;;
E002945;P00564;2026-09-08T12:39;ENVIO;VALIDADO;ACEITE;SISTEMA;;
E002946;P00562;2026-09-08T12:40;MARCACAO;ACEITE;MARCADO;AGENTE;;V06924 23/10/2026 07:30
E002934;P00560;2026-09-08T12:42;MARCACAO;ACEITE;MARCADO;AGENTE;;V03470 09/09/2026 09:40
E002947;P00563;2026-09-08T12:45;MARCACAO;ACEITE;MARCADO;AGENTE;;V06978 26/10/2026 08:00
E002948;P00564;2026-09-08T12:46;MARCACAO;ACEITE;MARCADO;AGENTE;;V07600 03/11/2026 08:50
E002911;P00556;2026-09-08T15:53;TRIAGEM;EM_TRIAGEM;ACEITE;U10;;
E002912;P00556;2026-09-08T16:06;MARCACAO;ACEITE;MARCADO;AGENTE;;V03624 10/09/2026 08:30
E002914;P00557;2026-09-08T16:06;EXTRACAO;;EXTRAIDO;AGENTE;;confiança 1.0
E002915;P00557;2026-09-08T16:06;VALIDACAO;EXTRAIDO;VALIDADO;SISTEMA;;
E002916;P00557;2026-09-08T16:06;ENVIO;VALIDADO;ACEITE;SISTEMA;;
E002917;P00557;2026-09-08T16:06;MARCACAO;ACEITE;MARCADO;AGENTE;;V03498 09/09/2026 07:30
E002820;P00538;2026-09-09T06:47;TRIAGEM;EM_TRIAGEM;ACEITE;U04;;
E002821;P00538;2026-09-09T06:58;MARCACAO;ACEITE;MARCADO;AGENTE;;V06433 19/10/2026 09:00
E002918;P00557;2026-09-09T07:40;REALIZACAO;MARCADO;REALIZADO;SISTEMA;;
E002982;P00570;2026-09-09T07:40;REALIZACAO;MARCADO;REALIZADO;SISTEMA;;
E002968;P00567;2026-09-09T07:50;REALIZACAO;MARCADO;REALIZADO;SISTEMA;;
E002834;P00540;2026-09-09T08:20;REALIZACAO;MARCADO;REALIZADO;SISTEMA;;
E000634;P00121;2026-09-09T08:50;REALIZACAO;MARCADO;REALIZADO;SISTEMA;;
E002986;P00573;2026-09-09T08:55;EXTRACAO;;EXTRAIDO;AGENTE;;confiança 0.91
E000188;P00037;2026-09-09T09:00;REALIZACAO;MARCADO;REALIZADO;SISTEMA;;
E002987;P00573;2026-09-09T09:04;VALIDACAO;EXTRAIDO;VALIDADO;U03;;
E002988;P00573;2026-09-09T09:04;ENVIO;VALIDADO;ACEITE;SISTEMA;;
E000295;P00057;2026-09-09T09:10;REALIZACAO;MARCADO;REALIZADO;SISTEMA;;
E002991;P00574;2026-09-09T09:15;EXTRACAO;;EXTRAIDO;AGENTE;;confiança 0.91
E002994;P00575;2026-09-09T09:15;EXTRACAO;;EXTRAIDO;AGENTE;;confiança 0.96
E002926;P00558;2026-09-09T09:20;REALIZACAO;MARCADO;REALIZADO;SISTEMA;;
E002989;P00573;2026-09-09T09:21;MARCACAO;ACEITE;MARCADO;AGENTE;;V03633 10/09/2026 09:30
E001684;P00319;2026-09-09T09:30;REALIZACAO;MARCADO;REALIZADO;SISTEMA;;
E003000;P00576;2026-09-09T09:35;EXTRACAO;;EXTRAIDO;AGENTE;;confiança 0.94
E003003;P00577;2026-09-09T09:35;EXTRACAO;;EXTRAIDO;AGENTE;;confiança 0.88
E003006;P00578;2026-09-09T09:35;EXTRACAO;;EXTRAIDO;AGENTE;;confiança 0.92
E000564;P00108;2026-09-09T09:50;REALIZACAO;MARCADO;REALIZADO;SISTEMA;;
E002935;P00560;2026-09-09T10:00;REALIZACAO;MARCADO;REALIZADO;SISTEMA;;
E001658;P00314;2026-09-09T10:10;REALIZACAO;MARCADO;REALIZADO;SISTEMA;;
E003014;P00579;2026-09-09T10:15;EXTRACAO;;EXTRAIDO;AGENTE;;confiança 0.87
E001673;P00317;2026-09-09T10:30;REALIZACAO;MARCADO;REALIZADO;SISTEMA;;
E003019;P00580;2026-09-09T10:35;EXTRACAO;;EXTRAIDO;AGENTE;;confiança 0.95
E003022;P00581;2026-09-09T10:35;EXTRACAO;;EXTRAIDO;AGENTE;;confiança 0.93
E002956;P00565;2026-09-09T10:40;REALIZACAO;MARCADO;REALIZADO;SISTEMA;;
E001699;P00322;2026-09-09T10:50;REALIZACAO;MARCADO;REALIZADO;SISTEMA;;
E003027;P00582;2026-09-09T10:55;EXTRACAO;;EXTRAIDO;AGENTE;;confiança 0.94
E002992;P00574;2026-09-09T11:02;VALIDACAO;EXTRAIDO;VALIDADO;U03;;
E002993;P00574;2026-09-09T11:02;ENVIO;VALIDADO;ACEITE;SISTEMA;;
E002995;P00575;2026-09-09T11:02;VALIDACAO;EXTRAIDO;VALIDADO;U03;;
E002996;P00575;2026-09-09T11:02;ENVIO;VALIDADO;ACEITE;SISTEMA;;
E001709;P00324;2026-09-09T11:10;REALIZACAO;MARCADO;REALIZADO;SISTEMA;;
E002999;P00575;2026-09-09T11:15;MARCACAO;ACEITE;MARCADO;AGENTE;;V05036 30/09/2026 09:50
E003034;P00583;2026-09-09T11:15;EXTRACAO;;EXTRAIDO;AGENTE;;confiança 0.84
E003037;P00584;2026-09-09T11:15;EXTRACAO;;EXTRAIDO;AGENTE;;confiança 0.86
E002997;P00574;2026-09-09T11:16;MARCACAO;ACEITE;MARCADO;AGENTE;;V03589 10/09/2026 07:40
E003015;P00579;2026-09-09T11:58;VALIDACAO;EXTRAIDO;VALIDADO;U03;;
E003016;P00579;2026-09-09T11:58;ENVIO;VALIDADO;EM_TRIAGEM;SISTEMA;;
E002890;P00552;2026-09-09T12:00;FALTA;MARCADO;FALTOU;SISTEMA;Doente faltou;
E003035;P00583;2026-09-09T12:00;VALIDACAO;EXTRAIDO;VALIDADO;U03;;
E003036;P00583;2026-09-09T12:00;ENVIO;VALIDADO;ACEITE;SISTEMA;;
E003038;P00584;2026-09-09T12:00;VALIDACAO;EXTRAIDO;VALIDADO;U03;;
E003039;P00584;2026-09-09T12:00;ENVIO;VALIDADO;ACEITE;SISTEMA;;
E003020;P00580;2026-09-09T12:01;VALIDACAO;EXTRAIDO;VALIDADO;U03;;
E003021;P00580;2026-09-09T12:01;ENVIO;VALIDADO;ACEITE;SISTEMA;;
E003023;P00581;2026-09-09T12:01;VALIDACAO;EXTRAIDO;VALIDADO;U03;;
E003024;P00581;2026-09-09T12:01;ENVIO;VALIDADO;ACEITE;SISTEMA;;
E003042;P00584;2026-09-09T12:01;MARCACAO;ACEITE;MARCADO;AGENTE;;V05037 30/09/2026 10:10
E003026;P00581;2026-09-09T12:02;MARCACAO;ACEITE;MARCADO;AGENTE;;V06421 19/10/2026 08:30
E003001;P00576;2026-09-09T12:05;VALIDACAO;EXTRAIDO;VALIDADO;U03;;
E003002;P00576;2026-09-09T12:05;ENVIO;VALIDADO;ACEITE;SISTEMA;;
E003004;P00577;2026-09-09T12:05;VALIDACAO;EXTRAIDO;VALIDADO;U03;;
E003005;P00577;2026-09-09T12:05;ENVIO;VALIDADO;ACEITE;SISTEMA;;
E003007;P00578;2026-09-09T12:05;VALIDACAO;EXTRAIDO;VALIDADO;U03;;
E003008;P00578;2026-09-09T12:05;ENVIO;VALIDADO;ACEITE;SISTEMA;;
E003009;P00576;2026-09-09T12:06;MARCACAO;ACEITE;MARCADO;AGENTE;;V03588 10/09/2026 07:30
E001731;P00328;2026-09-09T12:10;REALIZACAO;MARCADO;REALIZADO;SISTEMA;;
E003040;P00583;2026-09-09T12:10;MARCACAO;ACEITE;MARCADO;AGENTE;;V03606 10/09/2026 07:30
E003011;P00577;2026-09-09T12:14;MARCACAO;ACEITE;MARCADO;AGENTE;;V03662 11/09/2026 08:40
E003043;P00585;2026-09-09T12:15;EXTRACAO;;EXTRAIDO;AGENTE;;confiança 0.94
E003046;P00586;2026-09-09T12:15;EXTRACAO;;EXTRAIDO;AGENTE;;confiança 0.98
E003013;P00578;2026-09-09T12:16;MARCACAO;ACEITE;MARCADO;AGENTE;;V05034 30/09/2026 09:10
E003025;P00580;2026-09-09T12:19;MARCACAO;ACEITE;MARCADO;AGENTE;;V06389 16/10/2026 07:30
E002692;P00511;2026-09-09T12:30;REALIZACAO;MARCADO;REALIZADO;SISTEMA;;
E002709;P00514;2026-09-09T12:30;REALIZACAO;MARCADO;REALIZADO;SISTEMA;;
E003028;P00582;2026-09-09T12:54;VALIDACAO;EXTRAIDO;VALIDADO;U03;;
E003029;P00582;2026-09-09T12:54;ENVIO;VALIDADO;EM_TRIAGEM;SISTEMA;;
E002891;P00552;2026-09-09T13:00;REMARCACAO;FALTOU;MARCADO;AGENTE;Falta do doente;nova data 11/09/2026 08:20
E003044;P00585;2026-09-09T13:53;VALIDACAO;EXTRAIDO;VALIDADO;U03;;
E003045;P00585;2026-09-09T13:53;ENVIO;VALIDADO;ACEITE;SISTEMA;;
E003047;P00586;2026-09-09T13:53;VALIDACAO;EXTRAIDO;VALIDADO;U03;;
E003048;P00586;2026-09-09T13:53;ENVIO;VALIDADO;ACEITE;SISTEMA;;
E003049;P00585;2026-09-09T13:58;MARCACAO;ACEITE;MARCADO;AGENTE;;V03607 10/09/2026 07:40
E003051;P00586;2026-09-09T13:59;MARCACAO;ACEITE;MARCADO;AGENTE;;V05035 30/09/2026 09:30
E001719;P00326;2026-09-09T14:10;FALTA;MARCADO;FALTOU;SISTEMA;Doente faltou;
E001720;P00326;2026-09-09T15:10;REMARCACAO;FALTOU;MARCADO;AGENTE;Falta do doente;nova data 11/09/2026 08:50
E002905;P00555;2026-09-09T20:51;TRIAGEM;EM_TRIAGEM;ACEITE;U04;;
E002906;P00555;2026-09-09T21:00;MARCACAO;ACEITE;MARCADO;AGENTE;;V03866 15/09/2026 09:00
E003010;P00576;2026-09-10T07:40;REALIZACAO;MARCADO;REALIZADO;SISTEMA;;
E003041;P00583;2026-09-10T07:40;REALIZACAO;MARCADO;REALIZADO;SISTEMA;;
E002998;P00574;2026-09-10T07:50;REALIZACAO;MARCADO;REALIZADO;SISTEMA;;
E003050;P00585;2026-09-10T07:50;REALIZACAO;MARCADO;REALIZADO;SISTEMA;;
E002970;P00568;2026-09-10T08:20;REALIZACAO;MARCADO;REALIZADO;SISTEMA;;
E002984;P00571;2026-09-10T08:40;REALIZACAO;MARCADO;REALIZADO;SISTEMA;;
E000144;P00030;2026-09-10T08:50;REALIZACAO;MARCADO;REALIZADO;SISTEMA;;
E003052;P00587;2026-09-10T08:55;EXTRACAO;;EXTRAIDO;AGENTE;;confiança 0.9
E003055;P00588;2026-09-10T08:55;EXTRACAO;;EXTRAIDO;AGENTE;;confiança 0.85
E001779;P00337;2026-09-10T09:10;REALIZACAO;MARCADO;REALIZADO;SISTEMA;;
E003061;P00589;2026-09-10T09:15;EXTRACAO;;EXTRAIDO;AGENTE;;confiança 0.91
E003064;P00590;2026-09-10T09:15;EXTRACAO;;EXTRAIDO;AGENTE;;confiança 0.88
E003062;P00589;2026-09-10T09:21;VALIDACAO;EXTRAIDO;VALIDADO;U03;;
E003063;P00589;2026-09-10T09:21;ENVIO;VALIDADO;ACEITE;SISTEMA;;
E003065;P00590;2026-09-10T09:21;VALIDACAO;EXTRAIDO;VALIDADO;U03;;
E003066;P00590;2026-09-10T09:21;ENVIO;VALIDADO;ACEITE;SISTEMA;;
E000792;P00150;2026-09-10T09:30;REALIZACAO;MARCADO;REALIZADO;SISTEMA;;
E003067;P00589;2026-09-10T09:31;MARCACAO;ACEITE;MARCADO;AGENTE;;V04862 28/09/2026 09:00
E003069;P00590;2026-09-10T09:32;MARCACAO;ACEITE;MARCADO;AGENTE;;V05137 01/10/2026 09:10
E003070;P00591;2026-09-10T09:35;EXTRACAO;;EXTRAIDO;AGENTE;;confiança 0.85
E003073;P00592;2026-09-10T09:35;EXTRACAO;;EXTRAIDO;AGENTE;;confiança 0.89
E003076;P00593;2026-09-10T09:35;EXTRACAO;;EXTRAIDO;AGENTE;;confiança 0.87
E002525;P00478;2026-09-10T09:40;REALIZACAO;MARCADO;REALIZADO;SISTEMA;;
E001767;P00335;2026-09-10T09:50;REALIZACAO;MARCADO;REALIZADO;SISTEMA;;
E003084;P00594;2026-09-10T09:55;EXTRACAO;;EXTRAIDO;AGENTE;;confiança 0.89
E003087;P00595;2026-09-10T09:55;EXTRACAO;;EXTRAIDO;AGENTE;;confiança 0.83
E003090;P00596;2026-09-10T09:55;EXTRACAO;;EXTRAIDO;AGENTE;;confiança 0.9
E002990;P00573;2026-09-10T10:00;REALIZACAO;MARCADO;REALIZADO;SISTEMA;;
E003098;P00597;2026-09-10T10:15;EXTRACAO;;EXTRAIDO;AGENTE;;confiança 0.92
E003101;P00598;2026-09-10T10:15;EXTRACAO;;EXTRAIDO;AGENTE;;confiança 0.95
E002666;P00506;2026-09-10T10:20;REALIZACAO;MARCADO;REALIZADO;SISTEMA;;
E003099;P00597;2026-09-10T10:30;VALIDACAO;EXTRAIDO;VALIDADO;U03;;
E003100;P00597;2026-09-10T10:30;ENVIO;VALIDADO;ACEITE;SISTEMA;;
E003102;P00598;2026-09-10T10:30;VALIDACAO;EXTRAIDO;VALIDADO;U03;;
E003103;P00598;2026-09-10T10:30;ENVIO;VALIDADO;ACEITE;SISTEMA;;
E003740;P00735;2026-09-10T10:30;EXTRACAO;;EXTRAIDO;AGENTE;;confiança 0.97
E003106;P00598;2026-09-10T10:34;MARCACAO;ACEITE;MARCADO;AGENTE;;V05139 01/10/2026 09:50
E003107;P00599;2026-09-10T10:35;EXTRACAO;;EXTRAIDO;AGENTE;;confiança 0.89
E003110;P00600;2026-09-10T10:35;EXTRACAO;;EXTRAIDO;AGENTE;;confiança 0.99
E003113;P00601;2026-09-10T10:35;EXTRACAO;;EXTRAIDO;AGENTE;;confiança 0.89
E003053;P00587;2026-09-10T10:49;VALIDACAO;EXTRAIDO;VALIDADO;U03;;
E003054;P00587;2026-09-10T10:49;ENVIO;VALIDADO;ACEITE;SISTEMA;;
E003056;P00588;2026-09-10T10:49;VALIDACAO;EXTRAIDO;VALIDADO;U03;;
E003057;P00588;2026-09-10T10:49;ENVIO;VALIDADO;ACEITE;SISTEMA;;
E003104;P00597;2026-09-10T10:50;MARCACAO;ACEITE;MARCADO;AGENTE;;V03684 11/09/2026 09:00
E003060;P00588;2026-09-10T10:54;MARCACAO;ACEITE;MARCADO;AGENTE;;V05136 01/10/2026 08:50
E003058;P00587;2026-09-10T10:58;MARCACAO;ACEITE;MARCADO;AGENTE;;V03714 11/09/2026 07:30
E003741;P00735;2026-09-10T11:00;VALIDACAO;EXTRAIDO;VALIDADO;U03;;
E003742;P00735;2026-09-10T11:00;ENVIO;VALIDADO;ACEITE;SISTEMA;;
E003121;P00602;2026-09-10T11:15;EXTRACAO;;EXTRAIDO;AGENTE;;confiança 0.95
E003124;P00603;2026-09-10T11:15;EXTRACAO;;EXTRAIDO;AGENTE;;confiança 0.84
E003743;P00735;2026-09-10T11:15;MARCACAO;ACEITE;MARCADO;AGENTE;;V05052 30/09/2026 09:00
E003719;P00730;2026-09-10T11:20;EXTRACAO;;EXTRAIDO;AGENTE;;confiança 0.95
E003723;P00731;2026-09-10T11:20;EXTRACAO;;EXTRAIDO;AGENTE;;confiança 0.95
E003085;P00594;2026-09-10T11:32;VALIDACAO;EXTRAIDO;VALIDADO;U03;;
E003086;P00594;2026-09-10T11:32;ENVIO;VALIDADO;ACEITE;SISTEMA;;
E003088;P00595;2026-09-10T11:32;VALIDACAO;EXTRAIDO;VALIDADO;U03;;
E003089;P00595;2026-09-10T11:32;ENVIO;VALIDADO;ACEITE;SISTEMA;;
E003091;P00596;2026-09-10T11:32;VALIDACAO;EXTRAIDO;VALIDADO;U03;;
E003092;P00596;2026-09-10T11:32;ENVIO;VALIDADO;ACEITE;SISTEMA;;
E003130;P00604;2026-09-10T11:35;EXTRACAO;;EXTRAIDO;AGENTE;;confiança 0.95
E003133;P00605;2026-09-10T11:35;EXTRACAO;;EXTRAIDO;AGENTE;;confiança 0.88
E003108;P00599;2026-09-10T11:37;VALIDACAO;EXTRAIDO;VALIDADO;U03;;
E003109;P00599;2026-09-10T11:37;ENVIO;VALIDADO;ACEITE;SISTEMA;;
E003111;P00600;2026-09-10T11:37;VALIDACAO;EXTRAIDO;VALIDADO;U03;;
E003112;P00600;2026-09-10T11:37;ENVIO;VALIDADO;ACEITE;SISTEMA;;
E003114;P00601;2026-09-10T11:37;VALIDACAO;EXTRAIDO;VALIDADO;U03;;
E003115;P00601;2026-09-10T11:37;ENVIO;VALIDADO;ACEITE;SISTEMA;;
E003071;P00591;2026-09-10T11:42;VALIDACAO;EXTRAIDO;VALIDADO;U03;;
E003072;P00591;2026-09-10T11:42;ENVIO;VALIDADO;ACEITE;SISTEMA;;
E003074;P00592;2026-09-10T11:42;VALIDACAO;EXTRAIDO;VALIDADO;U03;;
E003075;P00592;2026-09-10T11:42;ENVIO;VALIDADO;ACEITE;SISTEMA;;
E003077;P00593;2026-09-10T11:42;VALIDACAO;EXTRAIDO;VALIDADO;U03;;
E003078;P00593;2026-09-10T11:42;ENVIO;VALIDADO;ACEITE;SISTEMA;;
E003118;P00600;2026-09-10T11:44;MARCACAO;ACEITE;MARCADO;AGENTE;;V03773 14/09/2026 09:40
E003097;P00596;2026-09-10T11:48;MARCACAO;ACEITE;MARCADO;AGENTE;;V05135 01/10/2026 08:30
E003095;P00595;2026-09-10T11:49;MARCACAO;ACEITE;MARCADO;AGENTE;;V03771 14/09/2026 09:00
E003116;P00599;2026-09-10T11:49;MARCACAO;ACEITE;MARCADO;AGENTE;;V03716 11/09/2026 07:50
E003093;P00594;2026-09-10T11:50;MARCACAO;ACEITE;MARCADO;AGENTE;;V03697 11/09/2026 07:40
E003081;P00592;2026-09-10T11:55;MARCACAO;ACEITE;MARCADO;AGENTE;;V03772 14/09/2026 09:20
E003120;P00601;2026-09-10T11:55;MARCACAO;ACEITE;MARCADO;AGENTE;;V05141 01/10/2026 10:30
E003079;P00591;2026-09-10T11:58;MARCACAO;ACEITE;MARCADO;AGENTE;;V03715 11/09/2026 07:40
E003720;P00730;2026-09-10T12:00;VALIDACAO;EXTRAIDO;VALIDADO;U03;;
E003721;P00730;2026-09-10T12:00;ENVIO;VALIDADO;ACEITE;SISTEMA;;
E003724;P00731;2026-09-10T12:00;VALIDACAO;EXTRAIDO;VALIDADO;U03;;
E003725;P00731;2026-09-10T12:00;ENVIO;VALIDADO;ACEITE;SISTEMA;;
E003083;P00593;2026-09-10T12:01;MARCACAO;ACEITE;MARCADO;AGENTE;;V05138 01/10/2026 09:30
E003722;P00730;2026-09-10T12:10;MARCACAO;ACEITE;MARCADO;AGENTE;;V05160 01/10/2026 09:00
E003726;P00731;2026-09-10T12:15;MARCACAO;ACEITE;MARCADO;AGENTE;;V05143 01/10/2026 11:10
E002913;P00556;2026-09-10T12:30;REALIZACAO;MARCADO;REALIZADO;SISTEMA;;
E003131;P00604;2026-09-10T13:12;VALIDACAO;EXTRAIDO;VALIDADO;U03;;
E003132;P00604;2026-09-10T13:12;ENVIO;VALIDADO;ACEITE;SISTEMA;;
E003134;P00605;2026-09-10T13:12;VALIDACAO;EXTRAIDO;VALIDADO;U03;;
E003135;P00605;2026-09-10T13:12;ENVIO;VALIDADO;ACEITE;SISTEMA;;
E003137;P00605;2026-09-10T13:26;MARCACAO;ACEITE;MARCADO;AGENTE;;V07065 27/10/2026 08:50
E003122;P00602;2026-09-10T13:27;VALIDACAO;EXTRAIDO;VALIDADO;U03;;
E003123;P00602;2026-09-10T13:27;ENVIO;VALIDADO;ACEITE;SISTEMA;;
E003125;P00603;2026-09-10T13:27;VALIDACAO;EXTRAIDO;VALIDADO;U03;;
E003126;P00603;2026-09-10T13:27;ENVIO;VALIDADO;ACEITE;SISTEMA;;
E003129;P00603;2026-09-10T13:29;MARCACAO;ACEITE;MARCADO;AGENTE;;V05140 01/10/2026 10:10
E003136;P00604;2026-09-10T13:31;MARCACAO;ACEITE;MARCADO;AGENTE;;V06798 22/10/2026 07:30
E003127;P00602;2026-09-10T13:33;MARCACAO;ACEITE;MARCADO;AGENTE;;V03685 11/09/2026 09:20
E003756;P00738;2026-09-10T15:00;REMARCACAO;MARCADO;MARCADO;SISTEMA;Médico indisponível;de 14/09/2026 para 24/09/2026
E002899;P00554;2026-09-10T16:13;TRIAGEM;EM_TRIAGEM;ACEITE;U04;;
E002900;P00554;2026-09-10T16:24;MARCACAO;ACEITE;MARCADO;AGENTE;;V03759 14/09/2026 09:40
E003017;P00579;2026-09-10T19:00;TRIAGEM;EM_TRIAGEM;ACEITE;U04;;
E003018;P00579;2026-09-10T19:05;MARCACAO;ACEITE;MARCADO;AGENTE;;V05364 05/10/2026 09:40
E000550;P00104;2026-09-11T07:40;REALIZACAO;MARCADO;REALIZADO;SISTEMA;;
E003059;P00587;2026-09-11T07:40;REALIZACAO;MARCADO;REALIZADO;SISTEMA;;
E003080;P00591;2026-09-11T07:50;REALIZACAO;MARCADO;REALIZADO;SISTEMA;;
E003094;P00594;2026-09-11T07:50;REALIZACAO;MARCADO;REALIZADO;SISTEMA;;
E003117;P00599;2026-09-11T08:00;REALIZACAO;MARCADO;REALIZADO;SISTEMA;;
E002892;P00552;2026-09-11T08:40;REALIZACAO;MARCADO;REALIZADO;SISTEMA;;
E001747;P00331;2026-09-11T08:50;REALIZACAO;MARCADO;REALIZADO;SISTEMA;;
E003012;P00577;2026-09-11T09:00;REALIZACAO;MARCADO;REALIZADO;SISTEMA;;
E001721;P00326;2026-09-11T09:10;REALIZACAO;MARCADO;REALIZADO;SISTEMA;;
E003138;P00606;2026-09-11T09:15;EXTRACAO;;EXTRAIDO;AGENTE;;confiança 0.96
E003141;P00607;2026-09-11T09:15;EXTRACAO;;EXTRAIDO;AGENTE;;confiança 0.87
E003144;P00608;2026-09-11T09:15;EXTRACAO;;EXTRAIDO;AGENTE;;confiança 0.86
E003105;P00597;2026-09-11T09:20;REALIZACAO;MARCADO;REALIZADO;SISTEMA;;
E001832;P00348;2026-09-11T09:30;REALIZACAO;MARCADO;REALIZADO;SISTEMA;;
E003150;P00609;2026-09-11T09:35;EXTRACAO;;EXTRAIDO;AGENTE;;confiança 0.87
E003153;P00610;2026-09-11T09:35;EXTRACAO;;EXTRAIDO;AGENTE;;confiança 0.88
E003156;P00611;2026-09-11T09:35;EXTRACAO;;EXTRAIDO;AGENTE;;confiança 0.87
E002703;P00513;2026-09-11T09:40;REALIZACAO;MARCADO;REALIZADO;SISTEMA;;
E003128;P00602;2026-09-11T09:40;REALIZACAO;MARCADO;REALIZADO;SISTEMA;;
E001842;P00350;2026-09-11T09:50;REALIZACAO;MARCADO;REALIZADO;SISTEMA;;
E003139;P00606;2026-09-11T09:53;VALIDACAO;EXTRAIDO;VALIDADO;U03;;
E003140;P00606;2026-09-11T09:53;ENVIO;VALIDADO;ACEITE;SISTEMA;;
E003142;P00607;2026-09-11T09:53;VALIDACAO;EXTRAIDO;VALIDADO;U03;;
E003143;P00607;2026-09-11T09:53;ENVIO;VALIDADO;ACEITE;SISTEMA;;
E003145;P00608;2026-09-11T09:53;VALIDACAO;EXTRAIDO;VALIDADO;U03;;
E003146;P00608;2026-09-11T09:53;ENVIO;VALIDADO;ACEITE;SISTEMA;;
E003748;P00737;2026-09-11T10:00;EXTRACAO;;EXTRAIDO;AGENTE;;confiança 0.96
E003148;P00607;2026-09-11T10:03;MARCACAO;ACEITE;MARCADO;AGENTE;;V05158 01/10/2026 08:20
E003147;P00606;2026-09-11T10:04;MARCACAO;ACEITE;MARCADO;AGENTE;;V05085 30/09/2026 07:30
E001822;P00346;2026-09-11T10:10;REALIZACAO;MARCADO;REALIZADO;SISTEMA;;
E003149;P00608;2026-09-11T10:11;MARCACAO;ACEITE;MARCADO;AGENTE;;V05780 09/10/2026 09:10
E003151;P00609;2026-09-11T10:14;VALIDACAO;EXTRAIDO;VALIDADO;U03;;
E003152;P00609;2026-09-11T10:14;ENVIO;VALIDADO;ACEITE;SISTEMA;;
E003154;P00610;2026-09-11T10:14;VALIDACAO;EXTRAIDO;VALIDADO;U03;;
E003155;P00610;2026-09-11T10:14;ENVIO;VALIDADO;ACEITE;SISTEMA;;
E003157;P00611;2026-09-11T10:14;VALIDACAO;EXTRAIDO;VALIDADO;U03;;
E003158;P00611;2026-09-11T10:14;ENVIO;VALIDADO;ACEITE;SISTEMA;;
E003163;P00612;2026-09-11T10:15;EXTRACAO;;EXTRAIDO;AGENTE;;confiança 0.92
E003167;P00613;2026-09-11T10:15;EXTRACAO;;EXTRAIDO;AGENTE;;confiança 0.88
E003161;P00610;2026-09-11T10:16;MARCACAO;ACEITE;MARCADO;AGENTE;;V05909 12/10/2026 08:20
E002803;P00534;2026-09-11T10:20;REALIZACAO;MARCADO;REALIZADO;SISTEMA;;
E003159;P00609;2026-09-11T10:27;MARCACAO;ACEITE;MARCADO;AGENTE;;V03804 14/09/2026 07:30
E001863;P00354;2026-09-11T10:30;REALIZACAO;MARCADO;REALIZADO;SISTEMA;;
E003749;P00737;2026-09-11T10:30;VALIDACAO;EXTRAIDO;VALIDADO;U03;;
E003750;P00737;2026-09-11T10:30;ENVIO;VALIDADO;ACEITE;SISTEMA;;
E003162;P00611;2026-09-11T10:33;MARCACAO;ACEITE;MARCADO;AGENTE;;V06423 19/10/2026 09:10
E003174;P00614;2026-09-11T10:35;EXTRACAO;;EXTRAIDO;AGENTE;;confiança 0.86
E003177;P00615;2026-09-11T10:35;EXTRACAO;;EXTRAIDO;AGENTE;;confiança 0.87
E003751;P00737;2026-09-11T10:45;MARCACAO;ACEITE;MARCADO;AGENTE;;V04647 24/09/2026 09:20
E001916;P00364;2026-09-11T10:50;REALIZACAO;MARCADO;REALIZADO;SISTEMA;;
E003183;P00616;2026-09-11T10:55;EXTRACAO;;EXTRAIDO;AGENTE;;confiança 0.92
E003186;P00617;2026-09-11T10:55;EXTRACAO;;EXTRAIDO;AGENTE;;confiança 0.85
E001878;P00357;2026-09-11T11:10;REALIZACAO;MARCADO;REALIZADO;SISTEMA;;
E003192;P00618;2026-09-11T11:15;EXTRACAO;;EXTRAIDO;AGENTE;;confiança 0.84
E003195;P00619;2026-09-11T11:15;EXTRACAO;;EXTRAIDO;AGENTE;;confiança 0.84
E001904;P00362;2026-09-11T11:30;REALIZACAO;MARCADO;REALIZADO;SISTEMA;;
E003201;P00620;2026-09-11T11:35;EXTRACAO;;EXTRAIDO;AGENTE;;confiança 0.86
E003205;P00621;2026-09-11T11:35;EXTRACAO;;EXTRAIDO;AGENTE;;confiança 0.86
E003209;P00622;2026-09-11T11:35;EXTRACAO;;EXTRAIDO;AGENTE;;confiança 0.84
E003175;P00614;2026-09-11T11:36;VALIDACAO;EXTRAIDO;VALIDADO;U03;;
E003176;P00614;2026-09-11T11:36;ENVIO;VALIDADO;ACEITE;SISTEMA;;
E003178;P00615;2026-09-11T11:36;VALIDACAO;EXTRAIDO;VALIDADO;U03;;
E003179;P00615;2026-09-11T11:36;ENVIO;VALIDADO;ACEITE;SISTEMA;;
E003164;P00612;2026-09-11T11:37;CORRECAO;EXTRAIDO;EXTRAIDO;U03;;prazo corrigido
E003165;P00612;2026-09-11T11:37;VALIDACAO;EXTRAIDO;VALIDADO;U03;;
E003166;P00612;2026-09-11T11:37;ENVIO;VALIDADO;ACEITE;SISTEMA;;
E003168;P00613;2026-09-11T11:37;CORRECAO;EXTRAIDO;EXTRAIDO;U03;;prioridade corrigida
E003169;P00613;2026-09-11T11:37;VALIDACAO;EXTRAIDO;VALIDADO;U03;;
E003170;P00613;2026-09-11T11:37;ENVIO;VALIDADO;ACEITE;SISTEMA;;
E003193;P00618;2026-09-11T11:39;VALIDACAO;EXTRAIDO;VALIDADO;U03;;
E003194;P00618;2026-09-11T11:39;ENVIO;VALIDADO;ACEITE;SISTEMA;;
E003196;P00619;2026-09-11T11:39;VALIDACAO;EXTRAIDO;VALIDADO;U03;;
E003197;P00619;2026-09-11T11:39;ENVIO;VALIDADO;ACEITE;SISTEMA;;
E003171;P00612;2026-09-11T11:44;MARCACAO;ACEITE;MARCADO;AGENTE;;V03792 14/09/2026 09:00
E003173;P00613;2026-09-11T11:45;MARCACAO;ACEITE;MARCADO;AGENTE;;V05243 02/10/2026 08:30
E003180;P00614;2026-09-11T11:45;MARCACAO;ACEITE;MARCADO;AGENTE;;V03823 14/09/2026 07:40
E003182;P00615;2026-09-11T11:52;MARCACAO;ACEITE;MARCADO;AGENTE;;V05244 02/10/2026 08:50
E003198;P00618;2026-09-11T11:54;MARCACAO;ACEITE;MARCADO;AGENTE;;V03793 14/09/2026 09:20
E003218;P00623;2026-09-11T11:55;EXTRACAO;;EXTRAIDO;AGENTE;;confiança 0.84
E003221;P00624;2026-09-11T11:55;EXTRACAO;;EXTRAIDO;AGENTE;;confiança 0.83
E003200;P00619;2026-09-11T11:57;MARCACAO;ACEITE;MARCADO;AGENTE;;V05246 02/10/2026 09:30
E003202;P00620;2026-09-11T12:06;CORRECAO;EXTRAIDO;EXTRAIDO;U03;;exame corrigido
E003203;P00620;2026-09-11T12:06;VALIDACAO;EXTRAIDO;VALIDADO;U03;;
E003204;P00620;2026-09-11T12:06;ENVIO;VALIDADO;ACEITE;SISTEMA;;
E003206;P00621;2026-09-11T12:06;CORRECAO;EXTRAIDO;EXTRAIDO;U03;;serviço corrigido
E003207;P00621;2026-09-11T12:06;VALIDACAO;EXTRAIDO;VALIDADO;U03;;
E003208;P00621;2026-09-11T12:06;ENVIO;VALIDADO;ACEITE;SISTEMA;;
E003210;P00622;2026-09-11T12:06;CORRECAO;EXTRAIDO;EXTRAIDO;U03;;exame corrigido
E003211;P00622;2026-09-11T12:06;VALIDACAO;EXTRAIDO;VALIDADO;U03;;
E003212;P00622;2026-09-11T12:06;ENVIO;VALIDADO;ACEITE;SISTEMA;;
E003215;P00621;2026-09-11T12:14;MARCACAO;ACEITE;MARCADO;AGENTE;;V03878 15/09/2026 08:40
E003184;P00616;2026-09-11T12:17;VALIDACAO;EXTRAIDO;VALIDADO;U03;;
E003185;P00616;2026-09-11T12:17;ENVIO;VALIDADO;ACEITE;SISTEMA;;
E003187;P00617;2026-09-11T12:17;VALIDACAO;EXTRAIDO;VALIDADO;U03;;
E003188;P00617;2026-09-11T12:17;ENVIO;VALIDADO;ACEITE;SISTEMA;;
E003217;P00622;2026-09-11T12:17;MARCACAO;ACEITE;MARCADO;AGENTE;;V05249 02/10/2026 10:30
E003191;P00617;2026-09-11T12:19;MARCACAO;ACEITE;MARCADO;AGENTE;;V05245 02/10/2026 09:10
E003213;P00620;2026-09-11T12:25;MARCACAO;ACEITE;MARCADO;AGENTE;;V03824 14/09/2026 07:50
E003189;P00616;2026-09-11T12:33;MARCACAO;ACEITE;MARCADO;AGENTE;;V03805 14/09/2026 07:40
E003219;P00623;2026-09-11T13:04;VALIDACAO;EXTRAIDO;VALIDADO;U03;;
E003220;P00623;2026-09-11T13:04;ENVIO;VALIDADO;ACEITE;SISTEMA;;
E003222;P00624;2026-09-11T13:04;VALIDACAO;EXTRAIDO;VALIDADO;U03;;
E003223;P00624;2026-09-11T13:04;ENVIO;VALIDADO;ACEITE;SISTEMA;;
E003224;P00623;2026-09-11T13:10;MARCACAO;ACEITE;MARCADO;AGENTE;;V03806 14/09/2026 07:50
E003226;P00624;2026-09-11T13:15;MARCACAO;ACEITE;MARCADO;AGENTE;;V05247 02/10/2026 09:50
E003030;P00582;2026-09-11T18:44;TRIAGEM;EM_TRIAGEM;REENCAMINHADO;U04;Pertence a Radioterapia;
E003031;P00582;2026-09-14T04:19;TRIAGEM;EM_TRIAGEM;ACEITE;U06;;
E003032;P00582;2026-09-14T04:28;MARCACAO;ACEITE;MARCADO;AGENTE;;V03974 16/09/2026 09:00
E001421;P00268;2026-09-14T07:40;REALIZACAO;MARCADO;REALIZADO;SISTEMA;;
E003160;P00609;2026-09-14T07:40;REALIZACAO;MARCADO;REALIZADO;SISTEMA;;
E003181;P00614;2026-09-14T07:50;REALIZACAO;MARCADO;REALIZADO;SISTEMA;;
E003190;P00616;2026-09-14T07:50;REALIZACAO;MARCADO;REALIZADO;SISTEMA;;
E003214;P00620;2026-09-14T08:00;REALIZACAO;MARCADO;REALIZADO;SISTEMA;;
E003225;P00623;2026-09-14T08:00;REALIZACAO;MARCADO;REALIZADO;SISTEMA;;
E001950;P00369;2026-09-14T08:20;REALIZACAO;MARCADO;REALIZADO;SISTEMA;;
E000552;P00105;2026-09-14T08:40;REALIZACAO;MARCADO;REALIZADO;SISTEMA;;
E001932;P00367;2026-09-14T08:50;REALIZACAO;MARCADO;REALIZADO;SISTEMA;;
E003227;P00625;2026-09-14T08:55;EXTRACAO;;EXTRAIDO;AGENTE;;confiança 0.86
E003230;P00626;2026-09-14T08:55;EXTRACAO;;EXTRAIDO;AGENTE;;confiança 0.93
E003233;P00627;2026-09-14T08:55;EXTRACAO;;EXTRAIDO;AGENTE;;confiança 0.86
E001271;P00240;2026-09-14T09:00;REALIZACAO;MARCADO;REALIZADO;SISTEMA;;
E001968;P00373;2026-09-14T09:10;REALIZACAO;MARCADO;REALIZADO;SISTEMA;;
E003239;P00628;2026-09-14T09:15;EXTRACAO;;EXTRAIDO;AGENTE;;confiança 0.99
E003242;P00629;2026-09-14T09:15;EXTRACAO;;EXTRAIDO;AGENTE;;confiança 0.91
E003245;P00630;2026-09-14T09:15;EXTRACAO;;EXTRAIDO;AGENTE;;confiança 0.98
E003096;P00595;2026-09-14T09:20;REALIZACAO;MARCADO;REALIZADO;SISTEMA;;
E003172;P00612;2026-09-14T09:20;REALIZACAO;MARCADO;REALIZADO;SISTEMA;;
E002013;P00382;2026-09-14T09:30;REALIZACAO;MARCADO;REALIZADO;SISTEMA;;
E003252;P00631;2026-09-14T09:35;EXTRACAO;;EXTRAIDO;AGENTE;;confiança 0.85
E003255;P00632;2026-09-14T09:35;EXTRACAO;;EXTRAIDO;AGENTE;;confiança 0.89
E003082;P00592;2026-09-14T09:40;REALIZACAO;MARCADO;REALIZADO;SISTEMA;;
E003199;P00618;2026-09-14T09:40;REALIZACAO;MARCADO;REALIZADO;SISTEMA;;
E003228;P00625;2026-09-14T09:43;VALIDACAO;EXTRAIDO;VALIDADO;U03;;
E003229;P00625;2026-09-14T09:43;ENVIO;VALIDADO;ACEITE;SISTEMA;;
E003231;P00626;2026-09-14T09:43;VALIDACAO;EXTRAIDO;VALIDADO;U03;;
E003232;P00626;2026-09-14T09:43;ENVIO;VALIDADO;ACEITE;SISTEMA;;
E003234;P00627;2026-09-14T09:43;VALIDACAO;EXTRAIDO;VALIDADO;U03;;
E003235;P00627;2026-09-14T09:43;ENVIO;VALIDADO;ACEITE;SISTEMA;;
E003238;P00627;2026-09-14T09:46;MARCACAO;ACEITE;MARCADO;AGENTE;;V06957 26/10/2026 08:50
E001998;P00379;2026-09-14T09:50;REALIZACAO;MARCADO;REALIZADO;SISTEMA;;
E003236;P00625;2026-09-14T09:55;MARCACAO;ACEITE;MARCADO;AGENTE;;V06371 16/10/2026 07:30
E003264;P00633;2026-09-14T09:55;EXTRACAO;;EXTRAIDO;AGENTE;;confiança 0.85
E003119;P00600;2026-09-14T10:00;REALIZACAO;MARCADO;REALIZADO;SISTEMA;;
E003237;P00626;2026-09-14T10:00;MARCACAO;ACEITE;MARCADO;AGENTE;;V06443 19/10/2026 08:00
E002033;P00385;2026-09-14T10:10;REALIZACAO;MARCADO;REALIZADO;SISTEMA;;
E002901;P00554;2026-09-14T10:20;REALIZACAO;MARCADO;REALIZADO;SISTEMA;;
E003265;P00633;2026-09-14T10:24;VALIDACAO;EXTRAIDO;VALIDADO;U03;;
E003266;P00633;2026-09-14T10:24;ENVIO;VALIDADO;EM_TRIAGEM;SISTEMA;;
E003275;P00635;2026-09-14T10:35;EXTRACAO;;EXTRAIDO;AGENTE;;confiança 0.98
E003278;P00636;2026-09-14T10:35;EXTRACAO;;EXTRAIDO;AGENTE;;confiança 0.83
E003287;P00637;2026-09-14T10:55;EXTRACAO;;EXTRAIDO;AGENTE;;confiança 0.94
E003292;P00638;2026-09-14T11:05;EXTRACAO;;EXTRAIDO;AGENTE;;confiança 0.94
E003240;P00628;2026-09-14T11:09;VALIDACAO;EXTRAIDO;VALIDADO;U03;;
E003241;P00628;2026-09-14T11:09;ENVIO;VALIDADO;ACEITE;SISTEMA;;
E003243;P00629;2026-09-14T11:09;VALIDACAO;EXTRAIDO;VALIDADO;U03;;
E003244;P00629;2026-09-14T11:09;ENVIO;VALIDADO;ACEITE;SISTEMA;;
E003246;P00630;2026-09-14T11:09;VALIDACAO;EXTRAIDO;VALIDADO;U03;;
E003247;P00630;2026-09-14T11:09;ENVIO;VALIDADO;ACEITE;SISTEMA;;
E003288;P00637;2026-09-14T11:11;VALIDACAO;EXTRAIDO;VALIDADO;U03;;
E003289;P00637;2026-09-14T11:11;ENVIO;VALIDADO;ACEITE;SISTEMA;;
E003248;P00628;2026-09-14T11:13;MARCACAO;ACEITE;MARCADO;AGENTE;;V03912 15/09/2026 07:30
E003250;P00629;2026-09-14T11:15;MARCACAO;ACEITE;MARCADO;AGENTE;;V06870 23/10/2026 08:00
E003297;P00639;2026-09-14T11:25;EXTRACAO;;EXTRAIDO;AGENTE;;confiança 0.9
E003300;P00640;2026-09-14T11:25;EXTRACAO;;EXTRAIDO;AGENTE;;confiança 0.84
E003303;P00641;2026-09-14T11:25;EXTRACAO;;EXTRAIDO;AGENTE;;confiança 0.94
E003290;P00637;2026-09-14T11:26;MARCACAO;ACEITE;MARCADO;AGENTE;;V03957 15/09/2026 09:30
E003251;P00630;2026-09-14T11:27;MARCACAO;ACEITE;MARCADO;AGENTE;;V07383 30/10/2026 08:30
E003253;P00631;2026-09-14T11:29;VALIDACAO;EXTRAIDO;VALIDADO;U03;;
E003254;P00631;2026-09-14T11:29;ENVIO;VALIDADO;ACEITE;SISTEMA;;
E003256;P00632;2026-09-14T11:29;VALIDACAO;EXTRAIDO;VALIDADO;U03;;
E003257;P00632;2026-09-14T11:29;ENVIO;VALIDADO;ACEITE;SISTEMA;;
E003262;P00632;2026-09-14T11:34;MARCACAO;ACEITE;MARCADO;AGENTE;;V05352 05/10/2026 08:50
E003263;P00632;2026-09-14T11:34;REMARCACAO;MARCADO;MARCADO;SISTEMA;Dependência não cumprida (falta a exame);
E000018;P00003;2026-09-14T11:40;REALIZACAO;MARCADO;REALIZADO;U07;;
E003258;P00631;2026-09-14T11:49;MARCACAO;ACEITE;MARCADO;AGENTE;;V03913 15/09/2026 07:40
E003311;P00642;2026-09-14T11:55;EXTRACAO;;EXTRAIDO;AGENTE;;confiança 0.99
E003298;P00639;2026-09-14T12:06;VALIDACAO;EXTRAIDO;VALIDADO;U03;;
E003299;P00639;2026-09-14T12:06;ENVIO;VALIDADO;ACEITE;SISTEMA;;
E003301;P00640;2026-09-14T12:06;VALIDACAO;EXTRAIDO;VALIDADO;U03;;
E003302;P00640;2026-09-14T12:06;ENVIO;VALIDADO;ACEITE;SISTEMA;;
E003304;P00641;2026-09-14T12:06;VALIDACAO;EXTRAIDO;VALIDADO;U03;;
E003305;P00641;2026-09-14T12:06;ENVIO;VALIDADO;ACEITE;SISTEMA;;
E003306;P00639;2026-09-14T12:10;MARCACAO;ACEITE;MARCADO;AGENTE;;V03914 15/09/2026 07:50
E003293;P00638;2026-09-14T12:23;VALIDACAO;EXTRAIDO;VALIDADO;U03;;
E003294;P00638;2026-09-14T12:23;ENVIO;VALIDADO;ACEITE;SISTEMA;;
E003308;P00640;2026-09-14T12:23;MARCACAO;ACEITE;MARCADO;AGENTE;;V03980 16/09/2026 08:20
E003295;P00638;2026-09-14T12:26;MARCACAO;ACEITE;MARCADO;AGENTE;;V03956 15/09/2026 09:00
E003310;P00641;2026-09-14T12:26;MARCACAO;ACEITE;MARCADO;AGENTE;;V05353 05/10/2026 09:10
E003276;P00635;2026-09-14T12:59;VALIDACAO;EXTRAIDO;VALIDADO;U03;;
E003277;P00635;2026-09-14T12:59;ENVIO;VALIDADO;ACEITE;SISTEMA;;
E003279;P00636;2026-09-14T12:59;VALIDACAO;EXTRAIDO;VALIDADO;U03;;
E003280;P00636;2026-09-14T12:59;ENVIO;VALIDADO;ACEITE;SISTEMA;;
E003285;P00636;2026-09-14T13:03;MARCACAO;ACEITE;MARCADO;AGENTE;;V05351 05/10/2026 08:30
E003286;P00636;2026-09-14T13:03;REMARCACAO;MARCADO;MARCADO;SISTEMA;Dependência não cumprida (falta a exame);
E003281;P00635;2026-09-14T13:11;MARCACAO;ACEITE;MARCADO;AGENTE;;V03900 15/09/2026 09:00
E003312;P00642;2026-09-14T14:02;VALIDACAO;EXTRAIDO;VALIDADO;U03;;
E003313;P00642;2026-09-14T14:02;ENVIO;VALIDADO;EM_TRIAGEM;SISTEMA;;
E003314;P00642;2026-09-15T07:33;TRIAGEM;EM_TRIAGEM;ACEITE;U10;;
E003249;P00628;2026-09-15T07:40;REALIZACAO;MARCADO;REALIZADO;SISTEMA;;
E003315;P00642;2026-09-15T07:49;MARCACAO;ACEITE;MARCADO;AGENTE;;V04159 17/09/2026 08:30
E003317;P00643;2026-09-15T07:49;EXTRACAO;;EXTRAIDO;AGENTE;;confiança 1.0
E003318;P00643;2026-09-15T07:49;VALIDACAO;EXTRAIDO;VALIDADO;SISTEMA;;
E003319;P00643;2026-09-15T07:49;ENVIO;VALIDADO;ACEITE;SISTEMA;;
E003320;P00643;2026-09-15T07:49;MARCACAO;ACEITE;MARCADO;AGENTE;;V04033 16/09/2026 07:30
E003307;P00639;2026-09-15T08:00;REALIZACAO;MARCADO;REALIZADO;SISTEMA;;
E001423;P00269;2026-09-15T08:40;REALIZACAO;MARCADO;REALIZADO;SISTEMA;;
E002082;P00394;2026-09-15T08:50;REALIZACAO;MARCADO;REALIZADO;SISTEMA;;
E003322;P00644;2026-09-15T08:55;EXTRACAO;;EXTRAIDO;AGENTE;;confiança 0.99
E003325;P00645;2026-09-15T08:55;EXTRACAO;;EXTRAIDO;AGENTE;;confiança 0.92
E003216;P00621;2026-09-15T09:00;REALIZACAO;MARCADO;REALIZADO;SISTEMA;;
E002112;P00400;2026-09-15T09:10;REALIZACAO;MARCADO;REALIZADO;SISTEMA;;
E003330;P00646;2026-09-15T09:15;EXTRACAO;;EXTRAIDO;AGENTE;;confiança 0.82
E003333;P00647;2026-09-15T09:15;EXTRACAO;;EXTRAIDO;AGENTE;;confiança 0.83
E003336;P00648;2026-09-15T09:15;EXTRACAO;;EXTRAIDO;AGENTE;;confiança 0.89
E002070;P00392;2026-09-15T09:30;REALIZACAO;MARCADO;REALIZADO;SISTEMA;;
E003296;P00638;2026-09-15T09:30;REALIZACAO;MARCADO;REALIZADO;SISTEMA;;
E002907;P00555;2026-09-15T09:40;REALIZACAO;MARCADO;REALIZADO;SISTEMA;;
E003323;P00644;2026-09-15T09:49;VALIDACAO;EXTRAIDO;VALIDADO;U03;;
E003324;P00644;2026-09-15T09:49;ENVIO;VALIDADO;ACEITE;SISTEMA;;
E003326;P00645;2026-09-15T09:49;VALIDACAO;EXTRAIDO;VALIDADO;U03;;
E003327;P00645;2026-09-15T09:49;ENVIO;VALIDADO;ACEITE;SISTEMA;;
E002163;P00410;2026-09-15T09:50;REALIZACAO;MARCADO;REALIZADO;SISTEMA;;
E003329;P00645;2026-09-15T09:51;MARCACAO;ACEITE;MARCADO;AGENTE;;V05670 08/10/2026 08:30
E003344;P00649;2026-09-15T09:55;EXTRACAO;;EXTRAIDO;AGENTE;;confiança 0.95
E003291;P00637;2026-09-15T10:00;REALIZACAO;MARCADO;REALIZADO;SISTEMA;;
E003328;P00644;2026-09-15T10:05;MARCACAO;ACEITE;MARCADO;AGENTE;;V05427 05/10/2026 07:30
E002097;P00397;2026-09-15T10:10;REALIZACAO;MARCADO;REALIZADO;SISTEMA;;
E003349;P00650;2026-09-15T10:15;EXTRACAO;;EXTRAIDO;AGENTE;;confiança 0.94
E002122;P00402;2026-09-15T10:30;REALIZACAO;MARCADO;REALIZADO;SISTEMA;;
E003350;P00650;2026-09-15T10:32;VALIDACAO;EXTRAIDO;VALIDADO;U03;;
E003351;P00650;2026-09-15T10:32;ENVIO;VALIDADO;EM_TRIAGEM;SISTEMA;;
E003331;P00646;2026-09-15T10:37;VALIDACAO;EXTRAIDO;VALIDADO;U03;;
E003332;P00646;2026-09-15T10:37;ENVIO;VALIDADO;ACEITE;SISTEMA;;
E003334;P00647;2026-09-15T10:37;VALIDACAO;EXTRAIDO;VALIDADO;U03;;
E003335;P00647;2026-09-15T10:37;ENVIO;VALIDADO;ACEITE;SISTEMA;;
E003337;P00648;2026-09-15T10:37;VALIDACAO;EXTRAIDO;VALIDADO;U03;;
E003338;P00648;2026-09-15T10:37;ENVIO;VALIDADO;ACEITE;SISTEMA;;
E003259;P00631;2026-09-15T10:40;FALTA;MARCADO;FALTOU;SISTEMA;Doente faltou;
E003339;P00646;2026-09-15T10:41;MARCACAO;ACEITE;MARCADO;AGENTE;;V04015 16/09/2026 07:30
E003341;P00647;2026-09-15T10:49;MARCACAO;ACEITE;MARCADO;AGENTE;;V04087 17/09/2026 08:00
E002138;P00405;2026-09-15T10:50;REALIZACAO;MARCADO;REALIZADO;SISTEMA;;
E003355;P00651;2026-09-15T10:55;EXTRACAO;;EXTRAIDO;AGENTE;;confiança 0.84
E003343;P00648;2026-09-15T10:56;MARCACAO;ACEITE;MARCADO;AGENTE;;V05460 06/10/2026 08:50
E002148;P00407;2026-09-15T11:10;REALIZACAO;MARCADO;REALIZADO;SISTEMA;;
E003361;P00652;2026-09-15T11:15;EXTRACAO;;EXTRAIDO;AGENTE;;confiança 0.98
E003345;P00649;2026-09-15T11:21;VALIDACAO;EXTRAIDO;VALIDADO;U03;;
E003346;P00649;2026-09-15T11:21;ENVIO;VALIDADO;ACEITE;SISTEMA;;
E003347;P00649;2026-09-15T11:26;MARCACAO;ACEITE;MARCADO;AGENTE;;V04059 16/09/2026 09:00
E003367;P00653;2026-09-15T11:35;EXTRACAO;;EXTRAIDO;AGENTE;;confiança 0.99
E003260;P00631;2026-09-15T11:40;REMARCACAO;FALTOU;MARCADO;AGENTE;Falta do doente;nova data 17/09/2026 07:40
E003378;P00655;2026-09-15T11:55;EXTRACAO;;EXTRAIDO;AGENTE;;confiança 0.94
E003381;P00656;2026-09-15T11:55;EXTRACAO;;EXTRAIDO;AGENTE;;confiança 0.97
E003282;P00635;2026-09-15T12:00;FALTA;MARCADO;FALTOU;SISTEMA;Doente faltou;
E003356;P00651;2026-09-15T12:07;VALIDACAO;EXTRAIDO;VALIDADO;U03;;
E003357;P00651;2026-09-15T12:07;ENVIO;VALIDADO;EM_TRIAGEM;SISTEMA;;
E003283;P00635;2026-09-15T13:00;REMARCACAO;FALTOU;MARCADO;AGENTE;Falta do doente;nova data 17/09/2026 09:00
E003362;P00652;2026-09-15T13:21;VALIDACAO;EXTRAIDO;VALIDADO;U03;;
E003363;P00652;2026-09-15T13:21;ENVIO;VALIDADO;EM_TRIAGEM;SISTEMA;;
E003368;P00653;2026-09-15T13:22;VALIDACAO;EXTRAIDO;VALIDADO;U03;;
E003369;P00653;2026-09-15T13:22;ENVIO;VALIDADO;EM_TRIAGEM;SISTEMA;;
E003379;P00655;2026-09-15T13:53;VALIDACAO;EXTRAIDO;VALIDADO;U03;;
E003380;P00655;2026-09-15T13:53;ENVIO;VALIDADO;ACEITE;SISTEMA;;
E003382;P00656;2026-09-15T13:53;VALIDACAO;EXTRAIDO;VALIDADO;U03;;
E003383;P00656;2026-09-15T13:53;ENVIO;VALIDADO;ACEITE;SISTEMA;;
E003385;P00656;2026-09-15T14:01;MARCACAO;ACEITE;MARCADO;AGENTE;;V05461 06/10/2026 09:10
E003384;P00655;2026-09-15T14:03;MARCACAO;ACEITE;MARCADO;AGENTE;;V05193 01/10/2026 07:30
E003267;P00633;2026-09-16T07:11;TRIAGEM;EM_TRIAGEM;ACEITE;U10;;
E003268;P00633;2026-09-16T07:26;MARCACAO;ACEITE;MARCADO;AGENTE;;V04267 18/09/2026 08:30
E003270;P00634;2026-09-16T07:26;EXTRACAO;;EXTRAIDO;AGENTE;;confiança 1.0
E003271;P00634;2026-09-16T07:26;VALIDACAO;EXTRAIDO;VALIDADO;SISTEMA;;
E003272;P00634;2026-09-16T07:26;ENVIO;VALIDADO;ACEITE;SISTEMA;;
E003273;P00634;2026-09-16T07:26;MARCACAO;ACEITE;MARCADO;AGENTE;;V04142 17/09/2026 07:40
E003321;P00643;2026-09-16T07:40;REALIZACAO;MARCADO;REALIZADO;SISTEMA;;
E003340;P00646;2026-09-16T07:40;REALIZACAO;MARCADO;REALIZADO;SISTEMA;;
E003309;P00640;2026-09-16T08:40;REALIZACAO;MARCADO;REALIZADO;SISTEMA;;
E002181;P00413;2026-09-16T08:50;REALIZACAO;MARCADO;REALIZADO;SISTEMA;;
E002217;P00420;2026-09-16T09:10;REALIZACAO;MARCADO;REALIZADO;SISTEMA;;
E003386;P00657;2026-09-16T09:15;EXTRACAO;;EXTRAIDO;AGENTE;;confiança 0.83
E003389;P00658;2026-09-16T09:15;EXTRACAO;;EXTRAIDO;AGENTE;;confiança 0.88
E002238;P00424;2026-09-16T09:30;REALIZACAO;MARCADO;REALIZADO;SISTEMA;;
E003348;P00649;2026-09-16T09:30;REALIZACAO;MARCADO;REALIZADO;SISTEMA;;
E003033;P00582;2026-09-16T09:40;REALIZACAO;MARCADO;REALIZADO;SISTEMA;;
E002248;P00426;2026-09-16T09:50;REALIZACAO;MARCADO;REALIZADO;SISTEMA;;
E003352;P00650;2026-09-16T10:00;TRIAGEM;EM_TRIAGEM;ACEITE;U04;;
E003398;P00659;2026-09-16T10:05;EXTRACAO;;EXTRAIDO;AGENTE;;confiança 0.87
E003401;P00660;2026-09-16T10:05;EXTRACAO;;EXTRAIDO;AGENTE;;confiança 0.83
E003353;P00650;2026-09-16T10:19;MARCACAO;ACEITE;MARCADO;AGENTE;;V04077 17/09/2026 09:00
E003387;P00657;2026-09-16T10:27;VALIDACAO;EXTRAIDO;VALIDADO;U03;;
E003388;P00657;2026-09-16T10:27;ENVIO;VALIDADO;ACEITE;SISTEMA;;
E003390;P00658;2026-09-16T10:27;VALIDACAO;EXTRAIDO;VALIDADO;U03;;
E003391;P00658;2026-09-16T10:27;ENVIO;VALIDADO;ACEITE;SISTEMA;;
E003396;P00658;2026-09-16T10:35;MARCACAO;ACEITE;MARCADO;AGENTE;;V05568 07/10/2026 08:50
E003397;P00658;2026-09-16T10:35;REMARCACAO;MARCADO;MARCADO;SISTEMA;Dependência não cumprida (falta a exame);
E003407;P00661;2026-09-16T10:35;EXTRACAO;;EXTRAIDO;AGENTE;;confiança 0.84
E003410;P00662;2026-09-16T10:35;EXTRACAO;;EXTRAIDO;AGENTE;;confiança 0.88
E003392;P00657;2026-09-16T10:40;MARCACAO;ACEITE;MARCADO;AGENTE;;V04123 17/09/2026 07:30
E003416;P00663;2026-09-16T10:55;EXTRACAO;;EXTRAIDO;AGENTE;;confiança 0.97
E003419;P00664;2026-09-16T10:55;EXTRACAO;;EXTRAIDO;AGENTE;;confiança 0.98
E003422;P00665;2026-09-16T10:55;EXTRACAO;;EXTRAIDO;AGENTE;;confiança 0.82
E003430;P00666;2026-09-16T11:15;EXTRACAO;;EXTRAIDO;AGENTE;;confiança 0.82
E003399;P00659;2026-09-16T11:31;VALIDACAO;EXTRAIDO;VALIDADO;U03;;
E003400;P00659;2026-09-16T11:31;ENVIO;VALIDADO;ACEITE;SISTEMA;;
E003402;P00660;2026-09-16T11:31;VALIDACAO;EXTRAIDO;VALIDADO;U03;;
E003403;P00660;2026-09-16T11:31;ENVIO;VALIDADO;ACEITE;SISTEMA;;
E003406;P00660;2026-09-16T11:41;MARCACAO;ACEITE;MARCADO;AGENTE;;V05570 07/10/2026 09:30
E003404;P00659;2026-09-16T11:43;MARCACAO;ACEITE;MARCADO;AGENTE;;V04143 17/09/2026 07:50
E003408;P00661;2026-09-16T12:39;VALIDACAO;EXTRAIDO;VALIDADO;U03;;
E003409;P00661;2026-09-16T12:39;ENVIO;VALIDADO;ACEITE;SISTEMA;;
E003411;P00662;2026-09-16T12:39;VALIDACAO;EXTRAIDO;VALIDADO;U03;;
E003412;P00662;2026-09-16T12:39;ENVIO;VALIDADO;ACEITE;SISTEMA;;
E003415;P00662;2026-09-16T12:42;MARCACAO;ACEITE;MARCADO;AGENTE;;V05571 07/10/2026 09:50
E003413;P00661;2026-09-16T12:48;MARCACAO;ACEITE;MARCADO;AGENTE;;V04125 17/09/2026 07:50
E003417;P00663;2026-09-16T12:53;VALIDACAO;EXTRAIDO;VALIDADO;U03;;
E003418;P00663;2026-09-16T12:53;ENVIO;VALIDADO;ACEITE;SISTEMA;;
E003420;P00664;2026-09-16T12:53;VALIDACAO;EXTRAIDO;VALIDADO;U03;;
E003421;P00664;2026-09-16T12:53;ENVIO;VALIDADO;ACEITE;SISTEMA;;
E003423;P00665;2026-09-16T12:53;VALIDACAO;EXTRAIDO;VALIDADO;U03;;
E003424;P00665;2026-09-16T12:53;ENVIO;VALIDADO;ACEITE;SISTEMA;;
E003429;P00665;2026-09-16T13:02;MARCACAO;ACEITE;MARCADO;AGENTE;;V05572 07/10/2026 10:10
E003427;P00664;2026-09-16T13:08;MARCACAO;ACEITE;MARCADO;AGENTE;;V04195 18/09/2026 08:00
E003425;P00663;2026-09-16T13:11;MARCACAO;ACEITE;MARCADO;AGENTE;;V04126 17/09/2026 08:00
E003431;P00666;2026-09-16T13:12;VALIDACAO;EXTRAIDO;VALIDADO;U03;;
E003432;P00666;2026-09-16T13:12;ENVIO;VALIDADO;EM_TRIAGEM;SISTEMA;;
E003364;P00652;2026-09-16T14:10;TRIAGEM;EM_TRIAGEM;ACEITE;U04;;
E003365;P00652;2026-09-16T14:22;MARCACAO;ACEITE;MARCADO;AGENTE;;V04185 18/09/2026 09:00
E003358;P00651;2026-09-16T16:00;TRIAGEM;EM_TRIAGEM;ACEITE;U04;;
E003359;P00651;2026-09-16T16:10;MARCACAO;ACEITE;MARCADO;AGENTE;;V04078 17/09/2026 09:40
E003370;P00653;2026-09-17T06:19;TRIAGEM;EM_TRIAGEM;ACEITE;U10;;
E003371;P00653;2026-09-17T06:28;MARCACAO;ACEITE;MARCADO;AGENTE;;V04375 21/09/2026 08:30
E003373;P00654;2026-09-17T06:28;EXTRACAO;;EXTRAIDO;AGENTE;;confiança 1.0
E003374;P00654;2026-09-17T06:28;VALIDACAO;EXTRAIDO;VALIDADO;SISTEMA;;
E003375;P00654;2026-09-17T06:28;ENVIO;VALIDADO;ACEITE;SISTEMA;;
E003376;P00654;2026-09-17T06:28;MARCACAO;ACEITE;MARCADO;AGENTE;;V04231 18/09/2026 07:30
E000723;P00137;2026-09-17T07:40;REALIZACAO;MARCADO;REALIZADO;SISTEMA;;
E003261;P00631;2026-09-17T07:50;REALIZACAO;MARCADO;REALIZADO;SISTEMA;;
E003274;P00634;2026-09-17T07:50;REALIZACAO;MARCADO;REALIZADO;SISTEMA;;
E003405;P00659;2026-09-17T08:00;REALIZACAO;MARCADO;REALIZADO;SISTEMA;;
E003414;P00661;2026-09-17T08:00;REALIZACAO;MARCADO;REALIZADO;SISTEMA;;
E003426;P00663;2026-09-17T08:10;REALIZACAO;MARCADO;REALIZADO;SISTEMA;;
E003342;P00647;2026-09-17T08:20;REALIZACAO;MARCADO;REALIZADO;SISTEMA;;
E002284;P00433;2026-09-17T09:10;REALIZACAO;MARCADO;REALIZADO;SISTEMA;;
E003436;P00667;2026-09-17T09:15;EXTRACAO;;EXTRAIDO;AGENTE;;confiança 0.89
E003439;P00668;2026-09-17T09:15;EXTRACAO;;EXTRAIDO;AGENTE;;confiança 0.97
E003442;P00669;2026-09-17T09:15;EXTRACAO;;EXTRAIDO;AGENTE;;confiança 0.86
E003284;P00635;2026-09-17T09:20;REALIZACAO;MARCADO;REALIZADO;SISTEMA;;
E003450;P00670;2026-09-17T09:35;EXTRACAO;;EXTRAIDO;AGENTE;;confiança 0.92
E003354;P00650;2026-09-17T09:40;REALIZACAO;MARCADO;REALIZADO;SISTEMA;;
E003437;P00667;2026-09-17T09:48;VALIDACAO;EXTRAIDO;VALIDADO;U03;;
E003438;P00667;2026-09-17T09:48;ENVIO;VALIDADO;ACEITE;SISTEMA;;
E003440;P00668;2026-09-17T09:48;VALIDACAO;EXTRAIDO;VALIDADO;U03;;
E003441;P00668;2026-09-17T09:48;ENVIO;VALIDADO;ACEITE;SISTEMA;;
E003443;P00669;2026-09-17T09:48;VALIDACAO;EXTRAIDO;VALIDADO;U03;;
E003444;P00669;2026-09-17T09:48;ENVIO;VALIDADO;ACEITE;SISTEMA;;
E002269;P00430;2026-09-17T09:50;REALIZACAO;MARCADO;REALIZADO;SISTEMA;;
E003456;P00671;2026-09-17T09:55;EXTRACAO;;EXTRAIDO;AGENTE;;confiança 0.95
E003449;P00669;2026-09-17T10:00;MARCACAO;ACEITE;MARCADO;AGENTE;;V05672 08/10/2026 09:10
E003447;P00668;2026-09-17T10:03;MARCACAO;ACEITE;MARCADO;AGENTE;;V04304 21/09/2026 08:20
E003445;P00667;2026-09-17T10:06;MARCACAO;ACEITE;MARCADO;AGENTE;;V04249 18/09/2026 07:30
E002309;P00438;2026-09-17T10:10;REALIZACAO;MARCADO;REALIZADO;SISTEMA;;
E003461;P00672;2026-09-17T10:15;EXTRACAO;;EXTRAIDO;AGENTE;;confiança 0.93
E003360;P00651;2026-09-17T10:20;REALIZACAO;MARCADO;REALIZADO;SISTEMA;;
E003462;P00672;2026-09-17T10:23;VALIDACAO;EXTRAIDO;VALIDADO;U03;;
E003463;P00672;2026-09-17T10:23;ENVIO;VALIDADO;ACEITE;SISTEMA;;
E003464;P00672;2026-09-17T10:25;MARCACAO;ACEITE;MARCADO;AGENTE;;V04276 18/09/2026 09:30
E003466;P00673;2026-09-17T10:25;EXTRACAO;;EXTRAIDO;AGENTE;;confiança 0.9
E003469;P00674;2026-09-17T10:25;EXTRACAO;;EXTRAIDO;AGENTE;;confiança 0.99
E003393;P00657;2026-09-17T10:30;FALTA;MARCADO;FALTOU;SISTEMA;Doente faltou;
E003475;P00675;2026-09-17T10:55;EXTRACAO;;EXTRAIDO;AGENTE;;confiança 0.9
E003478;P00676;2026-09-17T10:55;EXTRACAO;;EXTRAIDO;AGENTE;;confiança 0.95
E003467;P00673;2026-09-17T11:04;VALIDACAO;EXTRAIDO;VALIDADO;U03;;
E003468;P00673;2026-09-17T11:04;ENVIO;VALIDADO;ACEITE;SISTEMA;;
E003470;P00674;2026-09-17T11:04;VALIDACAO;EXTRAIDO;VALIDADO;U03;;
E003471;P00674;2026-09-17T11:04;ENVIO;VALIDADO;ACEITE;SISTEMA;;
E003474;P00674;2026-09-17T11:05;MARCACAO;ACEITE;MARCADO;AGENTE;;V05671 08/10/2026 08:50
E003451;P00670;2026-09-17T11:13;VALIDACAO;EXTRAIDO;VALIDADO;U03;;
E003452;P00670;2026-09-17T11:13;ENVIO;VALIDADO;EM_TRIAGEM;SISTEMA;;
E003472;P00673;2026-09-17T11:14;MARCACAO;ACEITE;MARCADO;AGENTE;;V04250 18/09/2026 07:40
E003484;P00677;2026-09-17T11:15;EXTRACAO;;EXTRAIDO;AGENTE;;confiança 0.93
E003487;P00678;2026-09-17T11:15;EXTRACAO;;EXTRAIDO;AGENTE;;confiança 0.87
E003490;P00679;2026-09-17T11:15;EXTRACAO;;EXTRAIDO;AGENTE;;confiança 0.99
E003457;P00671;2026-09-17T11:17;VALIDACAO;EXTRAIDO;VALIDADO;U03;;
E003458;P00671;2026-09-17T11:17;ENVIO;VALIDADO;ACEITE;SISTEMA;;
E003476;P00675;2026-09-17T11:26;VALIDACAO;EXTRAIDO;VALIDADO;U03;;
E003477;P00675;2026-09-17T11:26;ENVIO;VALIDADO;ACEITE;SISTEMA;;
E003479;P00676;2026-09-17T11:26;VALIDACAO;EXTRAIDO;VALIDADO;U03;;
E003480;P00676;2026-09-17T11:26;ENVIO;VALIDADO;ACEITE;SISTEMA;;
E003481;P00675;2026-09-17T11:28;MARCACAO;ACEITE;MARCADO;AGENTE;;V04233 18/09/2026 07:50
E000190;P00038;2026-09-17T11:30;FALTA;MARCADO;FALTOU;SISTEMA;Doente faltou;
E003394;P00657;2026-09-17T11:30;REMARCACAO;FALTOU;MARCADO;AGENTE;Falta do doente;nova data 21/09/2026 07:30
E003459;P00671;2026-09-17T11:34;MARCACAO;ACEITE;MARCADO;AGENTE;;V04275 18/09/2026 09:00
E003483;P00676;2026-09-17T11:40;MARCACAO;ACEITE;MARCADO;AGENTE;;V05674 08/10/2026 09:50
E003498;P00680;2026-09-17T11:45;EXTRACAO;;EXTRAIDO;AGENTE;;confiança 0.85
E003499;P00680;2026-09-17T11:57;VALIDACAO;EXTRAIDO;VALIDADO;U03;;
E003500;P00680;2026-09-17T11:57;ENVIO;VALIDADO;ACEITE;SISTEMA;;
E003485;P00677;2026-09-17T12:14;VALIDACAO;EXTRAIDO;VALIDADO;U03;;
E003486;P00677;2026-09-17T12:14;ENVIO;VALIDADO;ACEITE;SISTEMA;;
E003488;P00678;2026-09-17T12:14;VALIDACAO;EXTRAIDO;VALIDADO;U03;;
E003489;P00678;2026-09-17T12:14;ENVIO;VALIDADO;ACEITE;SISTEMA;;
E003491;P00679;2026-09-17T12:14;VALIDACAO;EXTRAIDO;VALIDADO;U03;;
E003492;P00679;2026-09-17T12:14;ENVIO;VALIDADO;ACEITE;SISTEMA;;
E003501;P00680;2026-09-17T12:14;MARCACAO;ACEITE;MARCADO;AGENTE;;V04277 18/09/2026 10:00
E003493;P00677;2026-09-17T12:15;MARCACAO;ACEITE;MARCADO;AGENTE;;V04232 18/09/2026 07:40
E000191;P00038;2026-09-17T12:30;REMARCACAO;FALTOU;MARCADO;AGENTE;Falta do doente;nova data 22/09/2026 08:30
E003316;P00642;2026-09-17T12:30;REALIZACAO;MARCADO;REALIZADO;SISTEMA;;
E003497;P00679;2026-09-17T12:30;MARCACAO;ACEITE;MARCADO;AGENTE;;V05673 08/10/2026 09:30
E003495;P00678;2026-09-17T12:31;MARCACAO;ACEITE;MARCADO;AGENTE;;V04306 21/09/2026 09:00
E003068;P00589;2026-09-17T15:00;REMARCACAO;MARCADO;MARCADO;SISTEMA;Equipamento avariado;de 18/09/2026 para 28/09/2026 09:00
E003377;P00654;2026-09-18T07:40;REALIZACAO;MARCADO;REALIZADO;SISTEMA;;
E003446;P00667;2026-09-18T07:40;REALIZACAO;MARCADO;REALIZADO;SISTEMA;;
E003473;P00673;2026-09-18T07:50;REALIZACAO;MARCADO;REALIZADO;SISTEMA;;
E003494;P00677;2026-09-18T07:50;REALIZACAO;MARCADO;REALIZADO;SISTEMA;;
E003482;P00675;2026-09-18T08:00;REALIZACAO;MARCADO;REALIZADO;SISTEMA;;
E003428;P00664;2026-09-18T08:20;REALIZACAO;MARCADO;REALIZADO;SISTEMA;;
E002397;P00454;2026-09-18T08:50;REALIZACAO;MARCADO;REALIZADO;SISTEMA;;
E003503;P00681;2026-09-18T08:55;EXTRACAO;;EXTRAIDO;AGENTE;;confiança 0.88
E003506;P00682;2026-09-18T08:55;EXTRACAO;;EXTRAIDO;AGENTE;;confiança 0.99
E003509;P00683;2026-09-18T08:55;EXTRACAO;;EXTRAIDO;AGENTE;;confiança 0.97
E003504;P00681;2026-09-18T09:09;VALIDACAO;EXTRAIDO;VALIDADO;U03;;
E003505;P00681;2026-09-18T09:09;ENVIO;VALIDADO;ACEITE;SISTEMA;;
E003507;P00682;2026-09-18T09:09;VALIDACAO;EXTRAIDO;VALIDADO;U03;;
E003508;P00682;2026-09-18T09:09;ENVIO;VALIDADO;ACEITE;SISTEMA;;
E003510;P00683;2026-09-18T09:09;VALIDACAO;EXTRAIDO;VALIDADO;U03;;
E003511;P00683;2026-09-18T09:09;ENVIO;VALIDADO;ACEITE;SISTEMA;;
E002343;P00444;2026-09-18T09:10;REALIZACAO;MARCADO;REALIZADO;SISTEMA;;
E003512;P00681;2026-09-18T09:13;MARCACAO;ACEITE;MARCADO;AGENTE;;V04340 21/09/2026 07:40
E003517;P00684;2026-09-18T09:15;EXTRACAO;;EXTRAIDO;AGENTE;;confiança 0.85
E003520;P00685;2026-09-18T09:15;EXTRACAO;;EXTRAIDO;AGENTE;;confiança 0.94
E003523;P00686;2026-09-18T09:15;EXTRACAO;;EXTRAIDO;AGENTE;;confiança 0.95
E003516;P00683;2026-09-18T09:17;MARCACAO;ACEITE;MARCADO;AGENTE;;V05781 09/10/2026 09:30
E003514;P00682;2026-09-18T09:24;MARCACAO;ACEITE;MARCADO;AGENTE;;V04412 22/09/2026 08:20
E002355;P00446;2026-09-18T09:30;REALIZACAO;MARCADO;REALIZADO;SISTEMA;;
E003460;P00671;2026-09-18T09:30;REALIZACAO;MARCADO;REALIZADO;SISTEMA;;
E003366;P00652;2026-09-18T09:40;REALIZACAO;MARCADO;REALIZADO;SISTEMA;;
E003732;P00733;2026-09-18T09:40;EXTRACAO;;EXTRAIDO;AGENTE;;confiança 0.97
E002370;P00449;2026-09-18T09:50;REALIZACAO;MARCADO;REALIZADO;SISTEMA;;
E003531;P00687;2026-09-18T09:55;EXTRACAO;;EXTRAIDO;AGENTE;;confiança 0.9
E003534;P00688;2026-09-18T09:55;EXTRACAO;;EXTRAIDO;AGENTE;;confiança 0.98
E003465;P00672;2026-09-18T10:00;REALIZACAO;MARCADO;REALIZADO;SISTEMA;;
E003744;P00736;2026-09-18T10:00;EXTRACAO;;EXTRAIDO;AGENTE;;confiança 0.96
E002382;P00451;2026-09-18T10:10;REALIZACAO;MARCADO;REALIZADO;SISTEMA;;
E003733;P00733;2026-09-18T10:10;VALIDACAO;EXTRAIDO;VALIDADO;U03;;
E003734;P00733;2026-09-18T10:10;ENVIO;VALIDADO;ACEITE;SISTEMA;;
E003540;P00689;2026-09-18T10:15;EXTRACAO;;EXTRAIDO;AGENTE;;confiança 0.87
E003543;P00690;2026-09-18T10:15;EXTRACAO;;EXTRAIDO;AGENTE;;confiança 0.96
E003735;P00733;2026-09-18T10:20;MARCACAO;ACEITE;MARCADO;AGENTE;;V05265 02/10/2026 08:00
E002407;P00456;2026-09-18T10:30;REALIZACAO;MARCADO;REALIZADO;SISTEMA;;
E003502;P00680;2026-09-18T10:30;REALIZACAO;MARCADO;REALIZADO;SISTEMA;;
E003745;P00736;2026-09-18T10:30;VALIDACAO;EXTRAIDO;VALIDADO;U03;;
E003746;P00736;2026-09-18T10:30;ENVIO;VALIDADO;ACEITE;SISTEMA;;
E003549;P00691;2026-09-18T10:35;EXTRACAO;;EXTRAIDO;AGENTE;;confiança 0.99
E003552;P00692;2026-09-18T10:35;EXTRACAO;;EXTRAIDO;AGENTE;;confiança 0.94
E003555;P00693;2026-09-18T10:35;EXTRACAO;;EXTRAIDO;AGENTE;;confiança 0.86
E003747;P00736;2026-09-18T10:45;MARCACAO;ACEITE;MARCADO;AGENTE;;V04646 24/09/2026 09:00
E002417;P00458;2026-09-18T11:10;REALIZACAO;MARCADO;REALIZADO;SISTEMA;;
E003518;P00684;2026-09-18T11:12;VALIDACAO;EXTRAIDO;VALIDADO;U03;;
E003519;P00684;2026-09-18T11:12;ENVIO;VALIDADO;ACEITE;SISTEMA;;
E003521;P00685;2026-09-18T11:12;VALIDACAO;EXTRAIDO;VALIDADO;U03;;
E003522;P00685;2026-09-18T11:12;ENVIO;VALIDADO;ACEITE;SISTEMA;;
E003524;P00686;2026-09-18T11:12;VALIDACAO;EXTRAIDO;VALIDADO;U03;;
E003525;P00686;2026-09-18T11:12;ENVIO;VALIDADO;ACEITE;SISTEMA;;
E003526;P00684;2026-09-18T11:14;MARCACAO;ACEITE;MARCADO;AGENTE;;V04358 21/09/2026 07:40
E003541;P00689;2026-09-18T11:14;VALIDACAO;EXTRAIDO;VALIDADO;U03;;
E003542;P00689;2026-09-18T11:14;ENVIO;VALIDADO;ACEITE;SISTEMA;;
E003544;P00690;2026-09-18T11:14;VALIDACAO;EXTRAIDO;VALIDADO;U03;;
E003545;P00690;2026-09-18T11:14;ENVIO;VALIDADO;ACEITE;SISTEMA;;
E003546;P00689;2026-09-18T11:23;MARCACAO;ACEITE;MARCADO;AGENTE;;V04328 21/09/2026 09:20
E003528;P00685;2026-09-18T11:26;MARCACAO;ACEITE;MARCADO;AGENTE;;V04413 22/09/2026 08:40
E003548;P00690;2026-09-18T11:26;MARCACAO;ACEITE;MARCADO;AGENTE;;V05784 09/10/2026 10:30
E003530;P00686;2026-09-18T11:29;MARCACAO;ACEITE;MARCADO;AGENTE;;V05783 09/10/2026 10:10
E003563;P00694;2026-09-18T11:35;EXTRACAO;;EXTRAIDO;AGENTE;;confiança 0.91
E003570;P00695;2026-09-18T11:55;EXTRACAO;;EXTRAIDO;AGENTE;;confiança 0.95
E003573;P00696;2026-09-18T11:55;EXTRACAO;;EXTRAIDO;AGENTE;;confiança 0.91
E003576;P00697;2026-09-18T11:55;EXTRACAO;;EXTRAIDO;AGENTE;;confiança 0.9
E003571;P00695;2026-09-18T12:03;VALIDACAO;EXTRAIDO;VALIDADO;U03;;
E003572;P00695;2026-09-18T12:03;ENVIO;VALIDADO;ACEITE;SISTEMA;;
E003574;P00696;2026-09-18T12:03;VALIDACAO;EXTRAIDO;VALIDADO;U03;;
E003575;P00696;2026-09-18T12:03;ENVIO;VALIDADO;ACEITE;SISTEMA;;
E003577;P00697;2026-09-18T12:03;VALIDACAO;EXTRAIDO;VALIDADO;U03;;
E003578;P00697;2026-09-18T12:03;ENVIO;VALIDADO;ACEITE;SISTEMA;;
E003564;P00694;2026-09-18T12:07;CORRECAO;EXTRAIDO;EXTRAIDO;U03;;prazo corrigido
E003565;P00694;2026-09-18T12:07;VALIDACAO;EXTRAIDO;VALIDADO;U03;;
E003566;P00694;2026-09-18T12:07;ENVIO;VALIDADO;EM_TRIAGEM;SISTEMA;;
E003579;P00695;2026-09-18T12:08;MARCACAO;ACEITE;MARCADO;AGENTE;;V04342 21/09/2026 08:00
E003532;P00687;2026-09-18T12:11;VALIDACAO;EXTRAIDO;VALIDADO;U03;;
E003533;P00687;2026-09-18T12:11;ENVIO;VALIDADO;ACEITE;SISTEMA;;
E003535;P00688;2026-09-18T12:11;VALIDACAO;EXTRAIDO;VALIDADO;U03;;
E003536;P00688;2026-09-18T12:11;ENVIO;VALIDADO;ACEITE;SISTEMA;;
E003581;P00696;2026-09-18T12:17;MARCACAO;ACEITE;MARCADO;AGENTE;;V04414 22/09/2026 09:00
E003583;P00697;2026-09-18T12:17;MARCACAO;ACEITE;MARCADO;AGENTE;;V05786 09/10/2026 11:10
E003537;P00687;2026-09-18T12:21;MARCACAO;ACEITE;MARCADO;AGENTE;;V04341 21/09/2026 07:50
E003539;P00688;2026-09-18T12:27;MARCACAO;ACEITE;MARCADO;AGENTE;;V05782 09/10/2026 09:50
E003269;P00633;2026-09-18T12:30;REALIZACAO;MARCADO;REALIZADO;SISTEMA;;
E003550;P00691;2026-09-18T13:00;VALIDACAO;EXTRAIDO;VALIDADO;U03;;
E003551;P00691;2026-09-18T13:00;ENVIO;VALIDADO;ACEITE;SISTEMA;;
E003553;P00692;2026-09-18T13:00;VALIDACAO;EXTRAIDO;VALIDADO;U03;;
E003554;P00692;2026-09-18T13:00;ENVIO;VALIDADO;ACEITE;SISTEMA;;
E003556;P00693;2026-09-18T13:00;VALIDACAO;EXTRAIDO;VALIDADO;U03;;
E003557;P00693;2026-09-18T13:00;ENVIO;VALIDADO;ACEITE;SISTEMA;;
E003562;P00693;2026-09-18T13:08;MARCACAO;ACEITE;MARCADO;AGENTE;;V05785 09/10/2026 10:50
E003558;P00691;2026-09-18T13:13;MARCACAO;ACEITE;MARCADO;AGENTE;;V04359 21/09/2026 07:50
E003560;P00692;2026-09-18T13:15;MARCACAO;ACEITE;MARCADO;AGENTE;;V04416 22/09/2026 09:40
E003433;P00666;2026-09-21T01:59;TRIAGEM;EM_TRIAGEM;REENCAMINHADO;U04;Pertence a Radioterapia;
E001889;P00358;2026-09-21T07:40;REALIZACAO;MARCADO;REALIZADO;SISTEMA;;
E003395;P00657;2026-09-21T07:40;REALIZACAO;MARCADO;REALIZADO;SISTEMA;;
E003513;P00681;2026-09-21T07:50;REALIZACAO;MARCADO;REALIZADO;SISTEMA;;
E003527;P00684;2026-09-21T07:50;REALIZACAO;MARCADO;REALIZADO;SISTEMA;;
E003538;P00687;2026-09-21T08:00;REALIZACAO;MARCADO;REALIZADO;SISTEMA;;
E003559;P00691;2026-09-21T08:00;REALIZACAO;MARCADO;REALIZADO;SISTEMA;;
E003580;P00695;2026-09-21T08:10;REALIZACAO;MARCADO;REALIZADO;SISTEMA;;
E003448;P00668;2026-09-21T08:40;REALIZACAO;MARCADO;REALIZADO;SISTEMA;;
E000554;P00106;2026-09-21T08:50;REALIZACAO;MARCADO;REALIZADO;SISTEMA;;
E003584;P00698;2026-09-21T08:55;EXTRACAO;;EXTRAIDO;AGENTE;;confiança 0.88
E003587;P00699;2026-09-21T08:55;EXTRACAO;;EXTRAIDO;AGENTE;;confiança 0.88
E003590;P00700;2026-09-21T08:55;EXTRACAO;;EXTRAIDO;AGENTE;;confiança 0.91
E003585;P00698;2026-09-21T09:06;VALIDACAO;EXTRAIDO;VALIDADO;U03;;
E003586;P00698;2026-09-21T09:06;ENVIO;VALIDADO;ACEITE;SISTEMA;;
E003588;P00699;2026-09-21T09:06;VALIDACAO;EXTRAIDO;VALIDADO;U03;;
E003589;P00699;2026-09-21T09:06;ENVIO;VALIDADO;ACEITE;SISTEMA;;
E003591;P00700;2026-09-21T09:06;VALIDACAO;EXTRAIDO;VALIDADO;U03;;
E003592;P00700;2026-09-21T09:06;ENVIO;VALIDADO;ACEITE;SISTEMA;;
E000725;P00138;2026-09-21T09:10;REALIZACAO;MARCADO;REALIZADO;SISTEMA;;
E003595;P00699;2026-09-21T09:10;MARCACAO;ACEITE;MARCADO;AGENTE;;V04514 23/09/2026 08:00
E003596;P00700;2026-09-21T09:14;MARCACAO;ACEITE;MARCADO;AGENTE;;V05887 12/10/2026 08:50
E003597;P00701;2026-09-21T09:15;EXTRACAO;;EXTRAIDO;AGENTE;;confiança 0.96
E003496;P00678;2026-09-21T09:20;REALIZACAO;MARCADO;REALIZADO;SISTEMA;;
E003567;P00694;2026-09-21T09:20;TRIAGEM;EM_TRIAGEM;ACEITE;U04;;
E003593;P00698;2026-09-21T09:21;MARCACAO;ACEITE;MARCADO;AGENTE;;V04447 22/09/2026 07:30
E003598;P00701;2026-09-21T09:28;VALIDACAO;EXTRAIDO;VALIDADO;U03;;
E003599;P00701;2026-09-21T09:28;ENVIO;VALIDADO;EM_TRIAGEM;SISTEMA;;
E001273;P00241;2026-09-21T09:30;REALIZACAO;MARCADO;REALIZADO;SISTEMA;;
E003568;P00694;2026-09-21T09:39;MARCACAO;ACEITE;MARCADO;AGENTE;;V04402 22/09/2026 09:40
E003547;P00689;2026-09-21T09:40;REALIZACAO;MARCADO;REALIZADO;SISTEMA;;
E001952;P00370;2026-09-21T09:50;REALIZACAO;MARCADO;REALIZADO;SISTEMA;;
E003600;P00702;2026-09-21T09:55;EXTRACAO;;EXTRAIDO;AGENTE;;confiança 0.89
E003603;P00703;2026-09-21T09:55;EXTRACAO;;EXTRAIDO;AGENTE;;confiança 0.85
E000033;P00009;2026-09-21T10:05;EXTRACAO;;EXTRAIDO;AGENTE;;confiança 0.9
E002326;P00441;2026-09-21T10:20;REALIZACAO;MARCADO;REALIZADO;SISTEMA;;
E002437;P00462;2026-09-21T10:30;REALIZACAO;MARCADO;REALIZADO;SISTEMA;;
E003609;P00704;2026-09-21T10:35;EXTRACAO;;EXTRAIDO;AGENTE;;confiança 0.82
E003612;P00705;2026-09-21T10:35;EXTRACAO;;EXTRAIDO;AGENTE;;confiança 0.91
E003615;P00706;2026-09-21T10:35;EXTRACAO;;EXTRAIDO;AGENTE;;confiança 0.85
E000034;P00009;2026-09-21T10:50;VALIDACAO;EXTRAIDO;VALIDADO;U03;;
E000035;P00009;2026-09-21T10:50;ENVIO;VALIDADO;EM_TRIAGEM;SISTEMA;;
E002459;P00466;2026-09-21T10:50;REALIZACAO;MARCADO;REALIZADO;SISTEMA;;
E003622;P00707;2026-09-21T10:55;EXTRACAO;;EXTRAIDO;AGENTE;;confiança 0.85
E002449;P00464;2026-09-21T11:10;REALIZACAO;MARCADO;REALIZADO;SISTEMA;;
E003628;P00708;2026-09-21T11:15;EXTRACAO;;EXTRAIDO;AGENTE;;confiança 0.86
E003631;P00709;2026-09-21T11:15;EXTRACAO;;EXTRAIDO;AGENTE;;confiança 0.82
E000028;P00007;2026-09-21T11:25;EXTRACAO;;EXTRAIDO;AGENTE;;confiança 0.93
E003610;P00704;2026-09-21T11:41;VALIDACAO;EXTRAIDO;VALIDADO;U03;;
E003611;P00704;2026-09-21T11:41;ENVIO;VALIDADO;ACEITE;SISTEMA;;
E003613;P00705;2026-09-21T11:41;VALIDACAO;EXTRAIDO;VALIDADO;U03;;
E003614;P00705;2026-09-21T11:41;ENVIO;VALIDADO;ACEITE;SISTEMA;;
E003616;P00706;2026-09-21T11:41;VALIDACAO;EXTRAIDO;VALIDADO;U03;;
E003617;P00706;2026-09-21T11:41;ENVIO;VALIDADO;ACEITE;SISTEMA;;
E003623;P00707;2026-09-21T11:48;VALIDACAO;EXTRAIDO;VALIDADO;U03;;
E003624;P00707;2026-09-21T11:48;ENVIO;VALIDADO;ACEITE;SISTEMA;;
E003618;P00704;2026-09-21T11:49;MARCACAO;ACEITE;MARCADO;AGENTE;;V04448 22/09/2026 07:40
E003625;P00707;2026-09-21T11:49;MARCACAO;ACEITE;MARCADO;AGENTE;;V04491 22/09/2026 09:00
E002469;P00468;2026-09-21T11:50;REALIZACAO;MARCADO;REALIZADO;SISTEMA;;
E003621;P00706;2026-09-21T11:52;MARCACAO;ACEITE;MARCADO;AGENTE;;V05890 12/10/2026 09:50
E003637;P00710;2026-09-21T11:55;EXTRACAO;;EXTRAIDO;AGENTE;;confiança 0.83
E003620;P00705;2026-09-21T11:59;MARCACAO;ACEITE;MARCADO;AGENTE;;V04516 23/09/2026 08:40
E003601;P00702;2026-09-21T12:09;VALIDACAO;EXTRAIDO;VALIDADO;U03;;
E003602;P00702;2026-09-21T12:09;ENVIO;VALIDADO;ACEITE;SISTEMA;;
E003604;P00703;2026-09-21T12:09;VALIDACAO;EXTRAIDO;VALIDADO;U03;;
E003605;P00703;2026-09-21T12:09;ENVIO;VALIDADO;ACEITE;SISTEMA;;
E002510;P00476;2026-09-21T12:10;REALIZACAO;MARCADO;REALIZADO;SISTEMA;;
E003606;P00702;2026-09-21T12:12;MARCACAO;ACEITE;MARCADO;AGENTE;;V04465 22/09/2026 07:30
E003608;P00703;2026-09-21T12:14;MARCACAO;ACEITE;MARCADO;AGENTE;;V05886 12/10/2026 08:30
E003642;P00711;2026-09-21T12:15;EXTRACAO;;EXTRAIDO;AGENTE;;confiança 0.93
E003645;P00712;2026-09-21T12:15;EXTRACAO;;EXTRAIDO;AGENTE;;confiança 0.85
E003648;P00713;2026-09-21T12:15;EXTRACAO;;EXTRAIDO;AGENTE;;confiança 0.93
E002493;P00473;2026-09-21T12:30;REALIZACAO;MARCADO;REALIZADO;SISTEMA;;
E003372;P00653;2026-09-21T12:30;REALIZACAO;MARCADO;REALIZADO;SISTEMA;;
E003643;P00711;2026-09-21T12:33;VALIDACAO;EXTRAIDO;VALIDADO;U03;;
E003644;P00711;2026-09-21T12:33;ENVIO;VALIDADO;ACEITE;SISTEMA;;
E003646;P00712;2026-09-21T12:33;VALIDACAO;EXTRAIDO;VALIDADO;U03;;
E003647;P00712;2026-09-21T12:33;ENVIO;VALIDADO;ACEITE;SISTEMA;;
E003649;P00713;2026-09-21T12:33;VALIDACAO;EXTRAIDO;VALIDADO;U03;;
E003650;P00713;2026-09-21T12:33;ENVIO;VALIDADO;ACEITE;SISTEMA;;
E003653;P00712;2026-09-21T12:34;MARCACAO;ACEITE;MARCADO;AGENTE;;V04515 23/09/2026 08:20
E003655;P00714;2026-09-21T12:35;EXTRACAO;;EXTRAIDO;AGENTE;;confiança 0.86
E003658;P00715;2026-09-21T12:35;EXTRACAO;;EXTRAIDO;AGENTE;;confiança 0.85
E003654;P00713;2026-09-21T12:39;MARCACAO;ACEITE;MARCADO;AGENTE;;V05889 12/10/2026 09:30
E003453;P00670;2026-09-21T12:47;TRIAGEM;EM_TRIAGEM;ACEITE;U04;;
E003651;P00711;2026-09-21T12:48;MARCACAO;ACEITE;MARCADO;AGENTE;;V04449 22/09/2026 07:50
E003638;P00710;2026-09-21T12:59;VALIDACAO;EXTRAIDO;VALIDADO;U03;;
E003639;P00710;2026-09-21T12:59;ENVIO;VALIDADO;ACEITE;SISTEMA;;
E003454;P00670;2026-09-21T13:00;MARCACAO;ACEITE;MARCADO;AGENTE;;V04401 22/09/2026 09:00
E003640;P00710;2026-09-21T13:17;MARCACAO;ACEITE;MARCADO;AGENTE;;V04493 22/09/2026 10:00
E003656;P00714;2026-09-21T13:19;VALIDACAO;EXTRAIDO;VALIDADO;U03;;
E003657;P00714;2026-09-21T13:19;ENVIO;VALIDADO;ACEITE;SISTEMA;;
E003659;P00715;2026-09-21T13:19;VALIDACAO;EXTRAIDO;VALIDADO;U03;;
E003660;P00715;2026-09-21T13:19;ENVIO;VALIDADO;ACEITE;SISTEMA;;
E003661;P00714;2026-09-21T13:20;MARCACAO;ACEITE;MARCADO;AGENTE;;V04450 22/09/2026 08:00
E003629;P00708;2026-09-21T13:22;VALIDACAO;EXTRAIDO;VALIDADO;U03;;
E003630;P00708;2026-09-21T13:22;ENVIO;VALIDADO;ACEITE;SISTEMA;;
E003632;P00709;2026-09-21T13:22;VALIDACAO;EXTRAIDO;VALIDADO;U03;;
E003633;P00709;2026-09-21T13:22;ENVIO;VALIDADO;ACEITE;SISTEMA;;
E003636;P00709;2026-09-21T13:25;MARCACAO;ACEITE;MARCADO;AGENTE;;V05888 12/10/2026 09:10
E003634;P00708;2026-09-21T13:32;MARCACAO;ACEITE;MARCADO;AGENTE;;V04466 22/09/2026 07:40
E003663;P00715;2026-09-21T13:33;MARCACAO;ACEITE;MARCADO;AGENTE;;V05891 12/10/2026 10:10
E003434;P00666;2026-09-21T19:12;TRIAGEM;EM_TRIAGEM;ACEITE;U06;;
E003435;P00666;2026-09-21T19:24;MARCACAO;ACEITE;MARCADO;AGENTE;;V04509 23/09/2026 09:00
E003594;P00698;2026-09-22T07:40;REALIZACAO;MARCADO;REALIZADO;SISTEMA;;
E003607;P00702;2026-09-22T07:40;REALIZACAO;MARCADO;REALIZADO;SISTEMA;;
E003619;P00704;2026-09-22T07:50;REALIZACAO;MARCADO;REALIZADO;SISTEMA;;
E003635;P00708;2026-09-22T07:50;REALIZACAO;MARCADO;REALIZADO;SISTEMA;;
E003652;P00711;2026-09-22T08:00;REALIZACAO;MARCADO;REALIZADO;SISTEMA;;
E003662;P00714;2026-09-22T08:10;REALIZACAO;MARCADO;REALIZADO;SISTEMA;;
E001891;P00359;2026-09-22T08:20;REALIZACAO;MARCADO;REALIZADO;SISTEMA;;
E003515;P00682;2026-09-22T08:40;REALIZACAO;MARCADO;REALIZADO;SISTEMA;;
E000192;P00038;2026-09-22T08:50;REALIZACAO;MARCADO;REALIZADO;SISTEMA;;
E003664;P00716;2026-09-22T08:55;EXTRACAO;;EXTRAIDO;AGENTE;;confiança 0.85
E003667;P00717;2026-09-22T08:55;EXTRACAO;;EXTRAIDO;AGENTE;;confiança 0.95
E003670;P00718;2026-09-22T08:55;EXTRACAO;;EXTRAIDO;AGENTE;;confiança 0.87
E003529;P00685;2026-09-22T09:00;REALIZACAO;MARCADO;REALIZADO;SISTEMA;;
E002540;P00481;2026-09-22T09:10;REALIZACAO;MARCADO;REALIZADO;SISTEMA;;
E003676;P00719;2026-09-22T09:15;EXTRACAO;;EXTRAIDO;AGENTE;;confiança 0.87
E003679;P00720;2026-09-22T09:15;EXTRACAO;;EXTRAIDO;AGENTE;;confiança 0.86
E003582;P00696;2026-09-22T09:20;REALIZACAO;MARCADO;REALIZADO;SISTEMA;;
E002575;P00488;2026-09-22T09:30;REALIZACAO;MARCADO;REALIZADO;SISTEMA;;
E003665;P00716;2026-09-22T09:35;VALIDACAO;EXTRAIDO;VALIDADO;U03;;
E003666;P00716;2026-09-22T09:35;ENVIO;VALIDADO;ACEITE;SISTEMA;;
E003668;P00717;2026-09-22T09:35;VALIDACAO;EXTRAIDO;VALIDADO;U03;;
E003669;P00717;2026-09-22T09:35;ENVIO;VALIDADO;ACEITE;SISTEMA;;
E003671;P00718;2026-09-22T09:35;VALIDACAO;EXTRAIDO;VALIDADO;U03;;
E003672;P00718;2026-09-22T09:35;ENVIO;VALIDADO;ACEITE;SISTEMA;;
E003684;P00721;2026-09-22T09:35;EXTRACAO;;EXTRAIDO;AGENTE;;confiança 0.92
E003455;P00670;2026-09-22T09:40;REALIZACAO;MARCADO;REALIZADO;SISTEMA;;
E003677;P00719;2026-09-22T09:41;VALIDACAO;EXTRAIDO;VALIDADO;U03;;
E003678;P00719;2026-09-22T09:41;ENVIO;VALIDADO;ACEITE;SISTEMA;;
E003680;P00720;2026-09-22T09:41;VALIDACAO;EXTRAIDO;VALIDADO;U03;;
E003681;P00720;2026-09-22T09:41;ENVIO;VALIDADO;ACEITE;SISTEMA;;
E003674;P00717;2026-09-22T09:44;MARCACAO;ACEITE;MARCADO;AGENTE;;V04623 24/09/2026 08:20
E003675;P00718;2026-09-22T09:49;MARCACAO;ACEITE;MARCADO;AGENTE;;V05995 13/10/2026 08:50
E002560;P00485;2026-09-22T09:50;REALIZACAO;MARCADO;REALIZADO;SISTEMA;;
E003673;P00716;2026-09-22T09:53;MARCACAO;ACEITE;MARCADO;AGENTE;;V04550 23/09/2026 07:30
E003682;P00719;2026-09-22T09:53;MARCACAO;ACEITE;MARCADO;AGENTE;;V04569 23/09/2026 07:40
E003687;P00722;2026-09-22T09:55;EXTRACAO;;EXTRAIDO;AGENTE;;confiança 0.84
E003690;P00723;2026-09-22T09:55;EXTRACAO;;EXTRAIDO;AGENTE;;confiança 0.92
E003693;P00724;2026-09-22T09:55;EXTRACAO;;EXTRAIDO;AGENTE;;confiança 0.92
E003561;P00692;2026-09-22T10:00;REALIZACAO;MARCADO;REALIZADO;SISTEMA;;
E003683;P00720;2026-09-22T10:00;MARCACAO;ACEITE;MARCADO;AGENTE;;V05997 13/10/2026 09:30
E002587;P00490;2026-09-22T10:10;REALIZACAO;MARCADO;REALIZADO;SISTEMA;;
E003685;P00721;2026-09-22T10:17;VALIDACAO;EXTRAIDO;VALIDADO;U03;;
E003686;P00721;2026-09-22T10:17;ENVIO;VALIDADO;EM_TRIAGEM;SISTEMA;;
E003569;P00694;2026-09-22T10:20;REALIZACAO;MARCADO;REALIZADO;SISTEMA;;
E003641;P00710;2026-09-22T10:30;REALIZACAO;MARCADO;REALIZADO;SISTEMA;;
E000020;P00005;2026-09-22T10:45;EXTRACAO;;EXTRAIDO;AGENTE;;confiança 0.86
E000019;P00002;2026-09-22T11:00;FALTA;MARCADO;FALTOU;U08;Doente faltou;
E002604;P00493;2026-09-22T11:10;REALIZACAO;MARCADO;REALIZADO;SISTEMA;;
E003699;P00725;2026-09-22T11:15;EXTRACAO;;EXTRAIDO;AGENTE;;confiança 0.94
E003702;P00726;2026-09-22T11:15;EXTRACAO;;EXTRAIDO;AGENTE;;confiança 0.85
E003707;P00727;2026-09-22T11:35;EXTRACAO;;EXTRAIDO;AGENTE;;confiança 0.94
E003710;P00728;2026-09-22T11:35;EXTRACAO;;EXTRAIDO;AGENTE;;confiança 0.88
E003713;P00729;2026-09-22T11:35;EXTRACAO;;EXTRAIDO;AGENTE;;confiança 0.95
E000021;P00005;2026-09-22T11:40;VALIDACAO;EXTRAIDO;VALIDADO;U03;;
E000022;P00005;2026-09-22T11:40;ENVIO;VALIDADO;EM_TRIAGEM;SISTEMA;;
E003688;P00722;2026-09-22T11:44;VALIDACAO;EXTRAIDO;VALIDADO;U03;;
E003689;P00722;2026-09-22T11:44;ENVIO;VALIDADO;ACEITE;SISTEMA;;
E003691;P00723;2026-09-22T11:44;VALIDACAO;EXTRAIDO;VALIDADO;U03;;
E003692;P00723;2026-09-22T11:44;ENVIO;VALIDADO;ACEITE;SISTEMA;;
E003694;P00724;2026-09-22T11:44;VALIDACAO;EXTRAIDO;VALIDADO;U03;;
E003695;P00724;2026-09-22T11:44;ENVIO;VALIDADO;ACEITE;SISTEMA;;
E000029;P00008;2026-09-22T11:45;EXTRACAO;;EXTRAIDO;AGENTE;;confiança 0.92
E003696;P00722;2026-09-22T11:54;MARCACAO;ACEITE;MARCADO;AGENTE;;V04568 23/09/2026 07:30
E003698;P00724;2026-09-22T11:56;MARCACAO;ACEITE;MARCADO;AGENTE;;V05998 13/10/2026 09:50
E003697;P00723;2026-09-22T11:58;MARCACAO;ACEITE;MARCADO;AGENTE;;V04622 24/09/2026 08:00
E003626;P00707;2026-09-22T12:00;FALTA;MARCADO;FALTOU;SISTEMA;Doente faltou;
E000030;P00008;2026-09-22T12:15;VALIDACAO;EXTRAIDO;VALIDADO;U03;;
E000031;P00008;2026-09-22T12:15;ENVIO;VALIDADO;ACEITE;SISTEMA;;
E000032;P00008;2026-09-22T12:20;MARCACAO;ACEITE;MARCADO;AGENTE;;V05271 02/10/2026 10:00
E003708;P00727;2026-09-22T12:25;VALIDACAO;EXTRAIDO;VALIDADO;U03;;
E003709;P00727;2026-09-22T12:25;ENVIO;VALIDADO;ACEITE;SISTEMA;;
E003711;P00728;2026-09-22T12:25;VALIDACAO;EXTRAIDO;VALIDADO;U03;;
E003712;P00728;2026-09-22T12:25;ENVIO;VALIDADO;ACEITE;SISTEMA;;
E003714;P00729;2026-09-22T12:25;VALIDACAO;EXTRAIDO;VALIDADO;U03;;
E003715;P00729;2026-09-22T12:25;ENVIO;VALIDADO;ACEITE;SISTEMA;;
E003718;P00729;2026-09-22T12:26;MARCACAO;ACEITE;MARCADO;AGENTE;;V05994 13/10/2026 08:30
E003717;P00728;2026-09-22T12:35;MARCACAO;ACEITE;MARCADO;AGENTE;;V04624 24/09/2026 08:40
E003716;P00727;2026-09-22T12:37;MARCACAO;ACEITE;MARCADO;AGENTE;;V04552 23/09/2026 07:50
E003627;P00707;2026-09-22T13:00;REMARCACAO;FALTOU;MARCADO;AGENTE;Falta do doente;nova data 24/09/2026 10:30
E003700;P00725;2026-09-22T13:10;VALIDACAO;EXTRAIDO;VALIDADO;U03;;
E003701;P00725;2026-09-22T13:10;ENVIO;VALIDADO;ACEITE;SISTEMA;;
E003703;P00726;2026-09-22T13:10;VALIDACAO;EXTRAIDO;VALIDADO;U03;;
E003704;P00726;2026-09-22T13:10;ENVIO;VALIDADO;ACEITE;SISTEMA;;
E003706;P00726;2026-09-22T13:12;MARCACAO;ACEITE;MARCADO;AGENTE;;V05999 13/10/2026 10:10
E003705;P00725;2026-09-22T13:28;MARCACAO;ACEITE;MARCADO;AGENTE;;V04551 23/09/2026 07:40
