pedido_id;doente_id;consulta_origem_ato_id;especialidade_origem;medico_requisitante_id;criado_em;tipo_pedido;fluxo;especialidade_destino;ato_codigo;exames;analises;especificacao;prioridade;prazo_limite;nao_antes;medico_preferido_id;continuidade_obrigatoria;recorrencia;texto_origem;confianca;aprovado_direto;validado_por;validado_em;triado_por;triado_em;decisao_triagem;marcado_em;ato_id;estado;n_remarcacoes
P00001;100102;;2102;U01;2026-07-24T08:00;analises;DIRETO;6100;9;;A001|A002|A003;;N;2026-09-07;;;0;;Colheita c/ jejum (hemog, bioq c/ creat).;0.82;1;U03;2026-07-24T08:30;;;;2026-07-24T08:40;AT000010;REALIZADO;0
P00002;100102;AT000009;2102;U01;2026-09-04T09:25;analises;DIRETO;6100;9;;A001|A002|A004|A005;;P;2026-09-26;;;0;;TC TAP c/ contraste + colheita c/ jejum (hemog, bioq, CEA, CA 19.9). Rev c/ exames 1/12 comigo.;0.86;1;U03;2026-09-04T10:05;;;;2026-09-04T10:20;AT000012;FALTOU;0
P00003;100102;AT000009;2102;U01;2026-09-04T09:25;exame;DIRETO;7000_2;1;7000002|7000004|7000009;;com contraste;P;2026-10-04;;;0;;TC TAP c/ contraste + colheita c/ jejum (hemog, bioq, CEA, CA 19.9). Rev c/ exames 1/12 comigo.;0.91;1;U03;2026-09-04T10:05;;;;2026-09-04T10:20;AT000011;REALIZADO;0
P00004;100102;AT000009;2102;U01;2026-09-04T09:25;consulta;DIRETO;2102;22;;;;P;2026-10-09;2026-09-25;U01;1;;TC TAP c/ contraste + colheita c/ jejum (hemog, bioq, CEA, CA 19.9). Rev c/ exames 1/12 comigo.;0.93;1;U03;2026-09-04T10:05;;;;2026-09-04T10:20;AT000013;MARCADO;0
P00005;100103;AT000014;2102;U02;2026-09-22T10:45;pedido_consulta;TRIAGEM;1300;1;;;;P;2026-11-21;;;0;;Adenoca recto médio cT3N1. Ped. cons. Onco p/ avaliação de RT neoadjuvante. Prio.;0.86;1;U03;2026-09-22T11:40;;;;;;EM_TRIAGEM;0
P00006;100104;;2102;U01;2026-08-29T08:20;analises;DIRETO;6100;9;;A001|A002|A003;;P;2026-09-13;;;0;;Colheita c/ jejum (hemog, bioq c/ creat).;0.91;1;U03;2026-08-29T08:50;;;;2026-08-29T09:05;AT000016;REALIZADO;0
P00007;100104;AT000015;2102;U01;2026-09-21T11:25;exame;DIRETO;7000_2;1;7000002|7000004|7000009;;"com contraste; reestadiamento";MP;2026-10-05;;;0;;Suspeita de recidiva. TC TAP c/ contraste urgente p/ reestadiamento, até 2 sem.;0.93;1;;;;;;;;EXTRAIDO;0
P00008;100106;AT000017;2102;U02;2026-09-22T11:45;exame;DIRETO;7000_2;1;7000004|7000009;;;N;2026-12-31;;;0;;TC AP de controlo até ao final do ano.;0.99;1;U03;2026-09-22T12:15;;;;2026-09-22T12:20;AT000018;MARCADO;0
P00009;100108;AT000019;2102;U01;2026-09-21T10:05;pedido_hd;TRIAGEM;9610;1;9610001;;QT adjuvante FOLFOX, ciclo 1;P;2026-10-21;;;0;;Decidido em reunião de grupo: QT adjuvante FOLFOX. Ped. HD Onco.;0.9;1;U03;2026-09-21T10:50;;;;;;EM_TRIAGEM;0
P00010;612214;AT000020;2102;U01;2026-07-27T08:55;analises;DIRETO;6100;4;;A001|A004;;P;2026-08-11;;;0;;Análises (hemograma, CEA) e cons. de revisão num mês.;0.89;0;U03;2026-07-27T10:08;;;;2026-07-27T10:09;AT000030;REALIZADO;0
P00011;612214;AT000020;2102;U01;2026-07-27T08:55;consulta;DIRETO;2102;22;;;;P;2026-08-31;2026-08-17;U01;1;;Análises (hemograma, CEA) e cons. de revisão num mês.;0.99;0;U03;2026-07-27T10:08;;;;2026-07-27T10:21;AT000031;REALIZADO;0
P00012;337115;AT000021;2102;U01;2026-07-27T09:15;pedido_consulta;TRIAGEM;1300;1;;;;MP;2026-08-26;;;0;;Ped. cons. Onco Médica p/ discussão de QT adjuvante.;0.89;1;U03;2026-07-27T09:28;U04;2026-07-30T16:43;ACEITE;2026-07-30T17:02;AT000032;REALIZADO;0
P00013;870230;AT000023;2102;U01;2026-07-27T09:55;analises;DIRETO;6100;4;;A001|A004;;N;2026-09-10;;;0;;Análises (hemograma, CEA) e cons. de revisão num mês.;0.94;0;U03;2026-07-27T11:36;;;;2026-07-27T11:54;AT000033;REALIZADO;0
P00014;870230;AT000023;2102;U01;2026-07-27T09:55;consulta;DIRETO;2102;23;;;;N;2026-08-31;2026-08-17;U01;1;;Análises (hemograma, CEA) e cons. de revisão num mês.;0.92;1;U03;2026-07-27T11:36;;;;2026-07-27T11:52;AT000034;REALIZADO;0
P00015;477617;AT000026;2102;U01;2026-07-27T10:45;exame;DIRETO;7000_3;1;7100010;;;MP;2026-08-11;;;0;;Eco abd e rev c/ resultado.;0.91;1;U03;2026-07-27T12:23;;;;2026-07-27T12:25;AT000035;REALIZADO;0
P00016;477617;AT000026;2102;U01;2026-07-27T10:45;consulta;DIRETO;2102;22;;;;MP;2026-08-31;2026-08-17;U01;1;;Eco abd e rev c/ resultado.;0.86;0;U03;2026-07-27T12:23;;;;2026-07-27T12:37;AT000036;REALIZADO;0
P00017;271122;AT000027;2102;U01;2026-07-27T11:15;analises;DIRETO;6100;9;;A001|A002|A003|A004|A005;;P;2026-08-11;;;0;;Ped. TAC TAP c/ ctr e análises c/ marcadores. Reavaliação c/ resultados dentro de 1 mês.;0.9;0;U03;2026-07-27T13:33;;;;2026-07-27T13:38;AT000037;REALIZADO;0
P00018;271122;AT000027;2102;U01;2026-07-27T11:15;exame;DIRETO;7000_2;1;7000002|7000004|7000009;;com contraste;P;2026-08-26;;;0;;Ped. TAC TAP c/ ctr e análises c/ marcadores. Reavaliação c/ resultados dentro de 1 mês.;0.87;0;U03;2026-07-27T13:33;;;;2026-07-27T13:44;AT000038;REALIZADO;0
P00019;271122;AT000027;2102;U01;2026-07-27T11:15;consulta;DIRETO;2102;22;;;;P;2026-08-31;2026-08-17;U01;1;;Ped. TAC TAP c/ ctr e análises c/ marcadores. Reavaliação c/ resultados dentro de 1 mês.;0.9;0;U03;2026-07-27T13:33;;;;2026-07-27T13:42;AT000039;REALIZADO;0
P00020;432403;AT000028;2102;U01;2026-07-27T11:35;pedido_consulta;TRIAGEM;1300;1;;;;P;2026-09-25;;;0;;Referenciar a Oncologia Médica.;0.96;1;U03;2026-07-27T12:41;U04;2026-07-28T04:09;ACEITE;2026-07-28T04:19;AT000040;REALIZADO;0
P00021;556284;AT000029;2102;U01;2026-07-27T11:55;analises;DIRETO;6100;9;;A001|A002|A003|A004|A005;;P;2026-08-11;;;0;;Ped. TAC TAP c/ ctr e análises c/ marcadores. Reavaliação c/ resultados dentro de 1 mês.;0.89;1;U03;2026-07-27T13:15;;;;2026-07-27T13:20;AT000041;REALIZADO;0
P00022;556284;AT000029;2102;U01;2026-07-27T11:55;exame;DIRETO;7000_2;1;7000002|7000004|7000009;;com contraste;P;2026-08-26;;;0;;Ped. TAC TAP c/ ctr e análises c/ marcadores. Reavaliação c/ resultados dentro de 1 mês.;0.92;1;U03;2026-07-27T13:15;;;;2026-07-27T13:27;AT000042;REALIZADO;0
P00023;556284;AT000029;2102;U01;2026-07-27T11:55;consulta;DIRETO;2102;22;;;;P;2026-08-31;2026-08-17;U01;1;;Ped. TAC TAP c/ ctr e análises c/ marcadores. Reavaliação c/ resultados dentro de 1 mês.;0.86;1;U03;2026-07-27T13:15;;;;2026-07-27T13:30;AT000043;REALIZADO;0
P00024;506591;AT000044;2102;U02;2026-07-28T08:55;analises;DIRETO;6100;9;;A001|A002|A003|A004|A005;;N;2026-09-11;;;0;;TC TAP c/ contraste + colheita c/ jejum (hemog, bioq, CEA, CA 19.9). Rev c/ exames 1/12 comigo.;0.9;1;U03;2026-07-28T09:03;;;;2026-07-28T09:10;AT000054;REALIZADO;0
P00025;506591;AT000044;2102;U02;2026-07-28T08:55;exame;DIRETO;7000_2;1;7000002|7000004|7000009;;com contraste;N;2026-10-26;;;0;;TC TAP c/ contraste + colheita c/ jejum (hemog, bioq, CEA, CA 19.9). Rev c/ exames 1/12 comigo.;0.96;1;U03;2026-07-28T09:03;;;;2026-07-28T09:22;AT000055;REALIZADO;0
P00026;506591;AT000044;2102;U02;2026-07-28T08:55;consulta;DIRETO;2102;22;;;;N;2026-09-01;2026-08-18;U02;1;;TC TAP c/ contraste + colheita c/ jejum (hemog, bioq, CEA, CA 19.9). Rev c/ exames 1/12 comigo.;0.86;1;U03;2026-07-28T09:03;;;;2026-07-28T09:14;AT000056;REALIZADO;0
P00027;620051;AT000045;2102;U02;2026-07-28T09:05;analises;DIRETO;6100;9;;A001|A002|A003|A004|A005;;N;2026-09-11;;;0;;TC TAP c/ contraste + colheita c/ jejum (hemog, bioq, CEA, CA 19.9). Rev c/ exames 1/12 comigo.;0.87;1;U03;2026-07-28T10:17;;;;2026-07-28T10:31;AT000057;REALIZADO;0
P00028;620051;AT000045;2102;U02;2026-07-28T09:05;exame;DIRETO;7000_2;1;7000002|7000004|7000009;;com contraste;N;2026-10-26;;;0;;TC TAP c/ contraste + colheita c/ jejum (hemog, bioq, CEA, CA 19.9). Rev c/ exames 1/12 comigo.;0.86;1;U03;2026-07-28T10:17;;;;2026-07-28T10:31;AT000058;REALIZADO;0
P00029;620051;AT000045;2102;U02;2026-07-28T09:05;consulta;DIRETO;2102;22;;;;N;2026-09-01;2026-08-18;U02;1;;TC TAP c/ contraste + colheita c/ jejum (hemog, bioq, CEA, CA 19.9). Rev c/ exames 1/12 comigo.;0.97;1;U03;2026-07-28T10:17;;;;2026-07-28T10:35;AT000059;REALIZADO;0
P00030;622972;AT000046;2102;U02;2026-07-28T09:25;pedido_consulta;TRIAGEM;1300;1;;;;N;2026-11-25;;;0;;Ped. cons. Onco Médica p/ discussão de QT adjuvante.;0.9;1;U03;2026-07-28T10:57;U04;2026-07-31T17:52;ACEITE;2026-07-31T18:11;AT000061;REALIZADO;1
P00031;789406;AT000047;2102;U02;2026-07-28T09:55;analises;DIRETO;6100;9;;A001|A002|A003|A004|A005;;P;2026-08-12;;;0;;Ped. TAC TAP c/ ctr e análises c/ marcadores. Reavaliação c/ resultados dentro de 1 mês.;0.98;0;U03;2026-07-28T11:56;;;;2026-07-28T11:57;AT000062;REALIZADO;0
P00032;789406;AT000047;2102;U02;2026-07-28T09:55;exame;DIRETO;7000_2;1;7000002|7000004|7000009;;com contraste;P;2026-08-27;;;0;;Ped. TAC TAP c/ ctr e análises c/ marcadores. Reavaliação c/ resultados dentro de 1 mês.;0.83;0;U03;2026-07-28T11:56;;;;2026-07-28T12:06;AT000063;REALIZADO;0
P00033;789406;AT000047;2102;U02;2026-07-28T09:55;consulta;DIRETO;2102;23;;;;P;2026-09-01;2026-08-18;U02;1;;Ped. TAC TAP c/ ctr e análises c/ marcadores. Reavaliação c/ resultados dentro de 1 mês.;0.83;1;U03;2026-07-28T11:56;;;;2026-07-28T12:03;AT000064;REALIZADO;0
P00034;418670;AT000048;2102;U02;2026-07-28T10:05;analises;DIRETO;6100;9;;A001|A002|A003|A004|A005;;MP;2026-08-04;;;0;;TC TAP + ana (hgm, bioq c/ creat, CEA, CA19.9). CE rev em 4 sem c/ exames.;0.96;1;U03;2026-07-28T11:07;;;;2026-07-28T11:12;AT000065;REALIZADO;0
P00035;418670;AT000048;2102;U02;2026-07-28T10:05;exame;DIRETO;7000_2;1;7000002|7000004|7000009;;com contraste;MP;2026-08-12;;;0;;TC TAP + ana (hgm, bioq c/ creat, CEA, CA19.9). CE rev em 4 sem c/ exames.;0.94;1;U03;2026-07-28T11:07;;;;2026-07-28T11:26;AT000066;REALIZADO;0
P00036;418670;AT000048;2102;U02;2026-07-28T10:05;consulta;DIRETO;2102;22;;;;MP;2026-09-01;2026-08-18;U02;1;;TC TAP + ana (hgm, bioq c/ creat, CEA, CA19.9). CE rev em 4 sem c/ exames.;0.9;1;U03;2026-07-28T11:07;;;;2026-07-28T11:16;AT000067;REALIZADO;0
P00037;288586;AT000049;2102;U02;2026-07-28T10:35;analises;DIRETO;6100;9;;A001|A002|A003|A004|A005;;N;2026-09-11;;;0;;TC TAP c/ contraste + colheita c/ jejum (hemog, bioq, CEA, CA 19.9). Rev c/ exames 1/12 comigo.;0.88;0;U03;2026-07-28T12:20;;;;2026-07-28T12:24;AT000068;REALIZADO;0
P00038;288586;AT000049;2102;U02;2026-07-28T10:35;exame;DIRETO;7000_2;1;7000002|7000004|7000009;;com contraste;N;2026-10-26;;;0;;TC TAP c/ contraste + colheita c/ jejum (hemog, bioq, CEA, CA 19.9). Rev c/ exames 1/12 comigo.;0.86;0;U03;2026-07-28T12:20;;;;2026-07-28T12:37;AT000069;REALIZADO;0
P00039;288586;AT000049;2102;U02;2026-07-28T10:35;consulta;DIRETO;2102;22;;;;N;2026-09-01;2026-08-18;U02;1;;TC TAP c/ contraste + colheita c/ jejum (hemog, bioq, CEA, CA 19.9). Rev c/ exames 1/12 comigo.;0.85;0;U03;2026-07-28T12:20;;;;2026-07-28T12:36;AT000070;REALIZADO;0
P00040;884796;AT000050;2102;U02;2026-07-28T10:55;analises;DIRETO;6100;9;;A001|A002|A003|A004|A005;;P;2026-08-12;;;0;;TC TAP c/ contraste + colheita c/ jejum (hemog, bioq, CEA, CA 19.9). Rev c/ exames 1/12 comigo.;0.85;1;U03;2026-07-28T13:18;;;;2026-07-28T13:37;AT000072;REALIZADO;1
P00041;884796;AT000050;2102;U02;2026-07-28T10:55;exame;DIRETO;7000_2;1;7000002|7000004|7000009;;com contraste;P;2026-08-27;;;0;;TC TAP c/ contraste + colheita c/ jejum (hemog, bioq, CEA, CA 19.9). Rev c/ exames 1/12 comigo.;0.9;1;U03;2026-07-28T13:18;;;;2026-07-28T13:28;AT000073;REALIZADO;0
P00042;884796;AT000050;2102;U02;2026-07-28T10:55;consulta;DIRETO;2102;23;;;;P;2026-09-01;2026-08-18;U02;1;;TC TAP c/ contraste + colheita c/ jejum (hemog, bioq, CEA, CA 19.9). Rev c/ exames 1/12 comigo.;0.95;1;U03;2026-07-28T13:18;;;;2026-07-28T13:30;AT000074;REALIZADO;1
P00043;346551;AT000051;2102;U02;2026-07-28T11:15;analises;DIRETO;6100;9;;A001|A002|A003|A004|A005;;MP;2026-08-04;;;0;;TC TAP + ana (hgm, bioq c/ creat, CEA, CA19.9). CE rev em 4 sem c/ exames.;0.91;1;U03;2026-07-28T11:44;;;;2026-07-28T12:01;AT000075;REALIZADO;0
P00044;346551;AT000051;2102;U02;2026-07-28T11:15;exame;DIRETO;7000_2;1;7000002|7000004|7000009;;com contraste;MP;2026-08-12;;;0;;TC TAP + ana (hgm, bioq c/ creat, CEA, CA19.9). CE rev em 4 sem c/ exames.;0.95;1;U03;2026-07-28T11:44;;;;2026-07-28T11:56;AT000076;REALIZADO;0
P00045;346551;AT000051;2102;U02;2026-07-28T11:15;consulta;DIRETO;2102;22;;;;MP;2026-09-01;2026-08-18;U02;1;;TC TAP + ana (hgm, bioq c/ creat, CEA, CA19.9). CE rev em 4 sem c/ exames.;0.92;1;U03;2026-07-28T11:44;;;;2026-07-28T11:47;AT000077;REALIZADO;0
P00046;581975;AT000052;2102;U02;2026-07-28T11:35;tratamento;DIRETO;9602;3;65270;;;N;2026-09-11;;;0;4 semanas;Manut. CVC 4/4 sem no enf.;0.97;1;U03;2026-07-28T12:04;;;;2026-07-28T12:22;AT000078;REALIZADO;0
P00047;615595;AT000053;2102;U02;2026-07-28T11:45;analises;DIRETO;6100;9;;A001|A002|A003|A004|A005;;N;2026-09-11;;;0;;Ped. TAC TAP c/ ctr e análises c/ marcadores. Reavaliação c/ resultados dentro de 1 mês.;0.98;1;U03;2026-07-28T12:55;;;;2026-07-28T13:13;AT000079;REALIZADO;0
P00048;615595;AT000053;2102;U02;2026-07-28T11:45;exame;DIRETO;7000_2;1;7000002|7000004|7000009;;com contraste;N;2026-10-26;;;0;;Ped. TAC TAP c/ ctr e análises c/ marcadores. Reavaliação c/ resultados dentro de 1 mês.;0.87;1;U03;2026-07-28T12:55;;;;2026-07-28T13:14;AT000080;REALIZADO;0
P00049;615595;AT000053;2102;U02;2026-07-28T11:45;consulta;DIRETO;2102;22;;;;N;2026-09-01;2026-08-18;U02;1;;Ped. TAC TAP c/ ctr e análises c/ marcadores. Reavaliação c/ resultados dentro de 1 mês.;0.91;1;U03;2026-07-28T12:55;;;;2026-07-28T13:04;AT000081;REALIZADO;0
P00050;481734;AT000082;2102;U01;2026-07-29T08:55;analises;DIRETO;6100;9;;A001|A002|A003|A004|A005;;N;2026-09-12;;;0;;TC TAP + ana (hgm, bioq c/ creat, CEA, CA19.9). CE rev em 4 sem c/ exames.;0.85;1;U03;2026-07-29T11:10;;;;2026-07-29T11:21;AT000092;REALIZADO;0
P00051;481734;AT000082;2102;U01;2026-07-29T08:55;exame;DIRETO;7000_2;1;7000002|7000004|7000009;;com contraste;N;2026-10-27;;;0;;TC TAP + ana (hgm, bioq c/ creat, CEA, CA19.9). CE rev em 4 sem c/ exames.;0.96;1;U03;2026-07-29T11:10;;;;2026-07-29T11:26;AT000093;REALIZADO;0
P00052;481734;AT000082;2102;U01;2026-07-29T08:55;consulta;DIRETO;2102;22;;;;N;2026-09-02;2026-08-19;U01;1;;TC TAP + ana (hgm, bioq c/ creat, CEA, CA19.9). CE rev em 4 sem c/ exames.;0.95;1;U03;2026-07-29T11:10;;;;2026-07-29T11:13;AT000094;REALIZADO;0
P00053;629409;AT000083;2102;U01;2026-07-29T09:15;tratamento;DIRETO;9602;3;65270;;;N;2026-09-12;;;0;4 semanas;Manut. CVC 4/4 sem no enf.;0.96;1;U03;2026-07-29T10:49;;;;2026-07-29T11:05;AT000095;REALIZADO;0
P00054;449836;AT000084;2102;U01;2026-07-29T09:35;exame;DIRETO;7000_3;1;7100010;;;N;2026-10-27;;;0;;"Ecografia abdominal; reavaliação após exame.";0.89;1;U03;2026-07-29T10:22;;;;2026-07-29T10:31;AT000096;REALIZADO;0
P00055;449836;AT000084;2102;U01;2026-07-29T09:35;consulta;DIRETO;2102;23;;;;N;2026-09-02;2026-08-19;U01;1;;"Ecografia abdominal; reavaliação após exame.";0.98;0;U03;2026-07-29T10:22;;;;2026-07-29T10:40;AT000097;REALIZADO;0
P00056;836752;AT000085;2102;U01;2026-07-29T09:55;tratamento;DIRETO;9602;3;65270;;;N;2026-09-12;;;0;4 semanas;Heparinização do CVC mensal (enfermagem).;0.95;1;U03;2026-07-29T11:40;;;;2026-07-29T11:53;AT000098;REALIZADO;0
P00057;725506;AT000086;2102;U01;2026-07-29T10:15;pedido_consulta;TRIAGEM;1300;1;;;;N;2026-11-26;;;0;;Referenciar a Oncologia Médica.;0.82;1;U03;2026-07-29T12:09;U04;2026-08-03T09:55;ACEITE;2026-08-03T10:09;AT000099;REALIZADO;0
P00058;762685;AT000087;2102;U01;2026-07-29T10:35;analises;DIRETO;6100;4;;A001|A004;;P;2026-08-13;;;0;;Colheita s/ jejum (hemog, CEA). Rev 1/12.;0.87;1;U03;2026-07-29T12:39;;;;2026-07-29T12:54;AT000100;REALIZADO;0
P00059;762685;AT000087;2102;U01;2026-07-29T10:35;consulta;DIRETO;2102;23;;;;P;2026-09-02;2026-08-19;U01;1;;Colheita s/ jejum (hemog, CEA). Rev 1/12.;0.83;1;U03;2026-07-29T12:39;;;;2026-07-29T12:41;AT000101;REALIZADO;0
P00060;432007;AT000088;2102;U01;2026-07-29T10:55;analises;DIRETO;6100;4;;A001|A004;;P;2026-08-13;;;0;;Colheita s/ jejum (hemog, CEA). Rev 1/12.;0.88;1;U03;2026-07-29T11:42;;;;2026-07-29T11:52;AT000102;REALIZADO;0
P00061;432007;AT000088;2102;U01;2026-07-29T10:55;consulta;DIRETO;2102;23;;;;P;2026-09-02;2026-08-19;U01;1;;Colheita s/ jejum (hemog, CEA). Rev 1/12.;0.96;1;U03;2026-07-29T11:42;;;;2026-07-29T11:49;AT000103;REALIZADO;0
P00062;743432;AT000089;2102;U01;2026-07-29T11:15;analises;DIRETO;6100;4;;A001|A004;;MP;2026-08-05;;;0;;Colheita s/ jejum (hemog, CEA). Rev 1/12.;0.9;1;U03;2026-07-29T11:46;;;;2026-07-29T12:03;AT000104;REALIZADO;0
P00063;743432;AT000089;2102;U01;2026-07-29T11:15;consulta;DIRETO;2102;22;;;;MP;2026-09-02;2026-08-19;U01;1;;Colheita s/ jejum (hemog, CEA). Rev 1/12.;0.86;0;U03;2026-07-29T11:46;;;;2026-07-29T12:00;AT000105;REALIZADO;0
P00064;620051;AT000090;2102;U01;2026-07-29T11:35;analises;DIRETO;6100;4;;A001|A004;;N;2026-09-12;;;0;;Colheita s/ jejum (hemog, CEA). Rev 1/12.;0.97;1;U03;2026-07-29T13:16;;;;2026-07-29T13:18;AT000106;REALIZADO;0
P00065;620051;AT000090;2102;U01;2026-07-29T11:35;consulta;DIRETO;2102;23;;;;N;2026-09-02;2026-08-19;U01;1;;Colheita s/ jejum (hemog, CEA). Rev 1/12.;0.9;1;U03;2026-07-29T13:16;;;;2026-07-29T13:26;AT000107;REALIZADO;0
P00066;675045;AT000091;2102;U01;2026-07-29T11:45;pedido_consulta;TRIAGEM;1300;1;;;;N;2026-11-26;;;0;;Referenciar a Oncologia Médica.;0.84;1;U03;2026-07-29T13:13;U04;2026-07-31T05:16;ACEITE;2026-07-31T05:29;AT000108;REALIZADO;0
P00067;336288;AT000109;2102;U02;2026-07-30T08:55;tratamento;DIRETO;9602;3;65270;;;N;2026-09-13;;;0;4 semanas;Manut. CVC 4/4 sem no enf.;0.87;1;U03;2026-07-30T10:32;;;;2026-07-30T10:47;AT000119;REALIZADO;0
P00068;432007;AT000110;2102;U02;2026-07-30T09:15;analises;DIRETO;6100;4;;A001|A004;;P;2026-08-14;;;0;;Análises (hemograma, CEA) e cons. de revisão num mês.;0.84;1;U03;2026-07-30T11:20;;;;2026-07-30T11:31;AT000120;REALIZADO;0
P00069;432007;AT000110;2102;U02;2026-07-30T09:15;consulta;DIRETO;2102;22;;;;P;2026-09-03;2026-08-20;U02;1;;Análises (hemograma, CEA) e cons. de revisão num mês.;0.93;0;U03;2026-07-30T11:20;;;;2026-07-30T11:34;AT000121;REALIZADO;0
P00070;479337;AT000111;2102;U02;2026-07-30T09:25;analises;DIRETO;6100;4;;A001|A004;;N;2026-09-13;;;0;;Colheita s/ jejum (hemog, CEA). Rev 1/12.;0.86;1;U03;2026-07-30T10:43;;;;2026-07-30T10:53;AT000122;REALIZADO;0
P00071;479337;AT000111;2102;U02;2026-07-30T09:25;consulta;DIRETO;2102;22;;;;N;2026-09-03;2026-08-20;U02;1;;Colheita s/ jejum (hemog, CEA). Rev 1/12.;0.95;1;U03;2026-07-30T10:43;;;;2026-07-30T10:46;AT000123;REALIZADO;0
P00072;467081;AT000113;2102;U02;2026-07-30T10:15;pedido_hd;TRIAGEM;9610;1;9610001;;QT adjuvante;N;2026-09-28;;;0;;Ped. HD p/ QT adjuvante (FOLFOX). Análises pré-QT.;0.93;1;U03;2026-07-30T11:38;U10;2026-08-03T05:10;ACEITE;2026-08-03T05:21;AT000124;REALIZADO;0
P00073;467081;AT000113;2102;U02;2026-08-03T05:21;analises;DIRETO;6100;4;;A001|A002;pré-QT (regra R2);N;2026-09-17;;;0;;[criado pela regra R2];1.0;1;SISTEMA;2026-08-03T05:21;;;;2026-08-03T05:21;AT000125;REALIZADO;0
P00074;465973;AT000114;2102;U02;2026-07-30T10:35;pedido_consulta;TRIAGEM;2300;1;;;;MP;2026-08-29;;;0;;Referenciar a Oncologia Médica.;0.84;0;U03;2026-07-30T12:25;U06;2026-08-04T02:01;REENCAMINHADO;2026-08-04T02:14;AT000126;REALIZADO;0
P00075;860295;AT000115;2102;U02;2026-07-30T10:55;pedido_hd;TRIAGEM;9610;1;9610001;;QT adjuvante;N;2026-09-28;;;0;;Ped. HD p/ QT adjuvante (FOLFOX). Análises pré-QT.;0.86;1;U03;2026-07-30T11:33;U10;2026-07-31T23:08;ACEITE;2026-07-31T23:21;AT000127;REALIZADO;0
P00076;383911;AT000116;2102;U02;2026-07-30T11:15;pedido_consulta;TRIAGEM;1300;1;;;;N;2026-11-27;;;0;;Ped. cons. Onco Médica p/ discussão de QT adjuvante.;0.95;1;U03;2026-07-30T12:30;U04;2026-08-03T02:04;ACEITE;2026-08-03T02:08;AT000128;REALIZADO;0
P00077;622042;AT000117;2102;U02;2026-07-30T11:35;tratamento;DIRETO;9602;3;65270;;;MP;2026-08-06;;;0;4 semanas;Manut. CVC 4/4 sem no enf.;0.84;1;U03;2026-07-30T13:52;;;;2026-07-30T14:07;AT000129;REALIZADO;0
P00078;501865;AT000118;2102;U02;2026-07-30T11:55;analises;DIRETO;6100;9;;A001|A002|A003|A004|A005;;MP;2026-08-06;;;0;;TC TAP + ana (hgm, bioq c/ creat, CEA, CA19.9). CE rev em 4 sem c/ exames.;0.96;1;U03;2026-07-30T14:22;;;;2026-07-30T14:33;AT000130;REALIZADO;0
P00079;501865;AT000118;2102;U02;2026-07-30T11:55;exame;DIRETO;7000_2;1;7000002|7000004|7000009;;com contraste;MP;2026-08-14;;;0;;TC TAP + ana (hgm, bioq c/ creat, CEA, CA19.9). CE rev em 4 sem c/ exames.;0.83;1;U03;2026-07-30T14:22;;;;2026-07-30T14:29;AT000131;REALIZADO;0
P00080;501865;AT000118;2102;U02;2026-07-30T11:55;consulta;DIRETO;2102;23;;;;MP;2026-09-03;2026-08-20;U02;1;;TC TAP + ana (hgm, bioq c/ creat, CEA, CA19.9). CE rev em 4 sem c/ exames.;0.96;1;U03;2026-07-30T14:22;;;;2026-07-30T14:30;AT000133;REALIZADO;1
P00081;607409;AT000134;2102;U01;2026-07-31T08:55;pedido_consulta;TRIAGEM;1300;1;;;;MP;2026-08-30;;;0;;Referenciar a Oncologia Médica.;0.95;1;U03;2026-07-31T09:04;U04;2026-08-03T14:55;ACEITE;2026-08-03T15:05;AT000144;REALIZADO;0
P00082;717568;AT000135;2102;U01;2026-07-31T09:15;tratamento;DIRETO;9602;3;65270;;;N;2026-09-14;;;0;4 semanas;Heparinização do CVC mensal (enfermagem).;0.85;1;U03;2026-07-31T09:36;;;;2026-07-31T09:54;AT000145;REALIZADO;0
P00083;377786;AT000136;2102;U01;2026-07-31T09:25;analises;DIRETO;6100;9;;A001|A002|A003|A004|A005;;N;2026-09-14;;;0;;TC TAP c/ contraste + colheita c/ jejum (hemog, bioq, CEA, CA 19.9). Rev c/ exames 1/12 comigo.;0.83;0;U03;2026-07-31T10:48;;;;2026-07-31T11:04;AT000146;REALIZADO;0
P00084;377786;AT000136;2102;U01;2026-07-31T09:25;exame;DIRETO;7000_2;1;7000002|7000004|7000009;;com contraste;N;2026-10-29;;;0;;TC TAP c/ contraste + colheita c/ jejum (hemog, bioq, CEA, CA 19.9). Rev c/ exames 1/12 comigo.;0.89;0;U03;2026-07-31T10:48;;;;2026-07-31T10:53;AT000147;REALIZADO;0
P00085;377786;AT000136;2102;U01;2026-07-31T09:25;consulta;DIRETO;2102;22;;;;N;2026-09-04;2026-08-21;U01;1;;TC TAP c/ contraste + colheita c/ jejum (hemog, bioq, CEA, CA 19.9). Rev c/ exames 1/12 comigo.;0.95;0;U03;2026-07-31T10:48;;;;2026-07-31T11:00;AT000149;REALIZADO;1
P00086;810965;AT000137;2102;U01;2026-07-31T09:55;exame;DIRETO;7000_3;1;7100010;;;N;2026-10-29;;;0;;Eco abd e rev c/ resultado.;0.96;1;U03;2026-07-31T11:38;;;;2026-07-31T11:45;AT000150;REALIZADO;0
P00087;810965;AT000137;2102;U01;2026-07-31T09:55;consulta;DIRETO;2102;22;;;;N;2026-09-04;2026-08-21;U01;1;;Eco abd e rev c/ resultado.;0.96;1;U03;2026-07-31T11:38;;;;2026-07-31T11:41;AT000152;REALIZADO;1
P00088;240508;AT000138;2102;U01;2026-07-31T10:15;analises;DIRETO;6100;9;;A001|A002|A003|A004|A005;;P;2026-08-15;;;0;;Ped. TAC TAP c/ ctr e análises c/ marcadores. Reavaliação c/ resultados dentro de 1 mês.;0.95;1;U03;2026-07-31T12:18;;;;2026-07-31T12:22;AT000153;REALIZADO;0
P00089;240508;AT000138;2102;U01;2026-07-31T10:15;exame;DIRETO;7000_2;1;7000002|7000004|7000009;;com contraste;P;2026-08-30;;;0;;Ped. TAC TAP c/ ctr e análises c/ marcadores. Reavaliação c/ resultados dentro de 1 mês.;0.97;1;U03;2026-07-31T12:18;;;;2026-07-31T12:37;AT000154;REALIZADO;0
P00090;240508;AT000138;2102;U01;2026-07-31T10:15;consulta;DIRETO;2102;22;;;;P;2026-09-04;2026-08-21;U01;1;;Ped. TAC TAP c/ ctr e análises c/ marcadores. Reavaliação c/ resultados dentro de 1 mês.;0.82;1;U03;2026-07-31T12:18;;;;2026-07-31T12:21;AT000155;REALIZADO;0
P00091;346014;AT000139;2102;U01;2026-07-31T10:25;tratamento;DIRETO;9602;3;65270;;;P;2026-08-15;;;0;4 semanas;Heparinização do CVC mensal (enfermagem).;0.94;1;U03;2026-07-31T11:31;;;;2026-07-31T11:47;AT000156;REALIZADO;0
P00092;350853;AT000140;2102;U01;2026-07-31T10:45;analises;DIRETO;6100;9;;A001|A002|A003|A004|A005;;N;2026-09-14;;;0;;TC TAP + ana (hgm, bioq c/ creat, CEA, CA19.9). CE rev em 4 sem c/ exames.;0.95;1;U03;2026-07-31T12:30;;;;2026-07-31T12:34;AT000157;REALIZADO;0
P00093;350853;AT000140;2102;U01;2026-07-31T10:45;exame;DIRETO;7000_2;1;7000002|7000004|7000009;;com contraste;N;2026-10-29;;;0;;TC TAP + ana (hgm, bioq c/ creat, CEA, CA19.9). CE rev em 4 sem c/ exames.;0.96;1;U03;2026-07-31T12:30;;;;2026-07-31T12:38;AT000158;REALIZADO;0
P00094;350853;AT000140;2102;U01;2026-07-31T10:45;consulta;DIRETO;2102;22;;;;N;2026-09-04;2026-08-21;U01;1;;TC TAP + ana (hgm, bioq c/ creat, CEA, CA19.9). CE rev em 4 sem c/ exames.;0.93;1;U03;2026-07-31T12:30;;;;2026-07-31T12:48;AT000159;REALIZADO;0
P00095;453545;AT000141;2102;U01;2026-07-31T11:05;analises;DIRETO;6100;9;;A001|A002|A003|A004|A005;;P;2026-08-15;;;0;;TC TAP + ana (hgm, bioq c/ creat, CEA, CA19.9). CE rev em 4 sem c/ exames.;0.84;1;U03;2026-07-31T11:36;;;;2026-07-31T11:53;AT000160;REALIZADO;0
P00096;453545;AT000141;2102;U01;2026-07-31T11:05;exame;DIRETO;7000_2;1;7000002|7000004|7000009;;com contraste;P;2026-08-30;;;0;;TC TAP + ana (hgm, bioq c/ creat, CEA, CA19.9). CE rev em 4 sem c/ exames.;0.84;1;U03;2026-07-31T11:36;;;;2026-07-31T11:37;AT000161;REALIZADO;0
P00097;453545;AT000141;2102;U01;2026-07-31T11:05;consulta;DIRETO;2102;22;;;;P;2026-09-04;2026-08-21;U01;1;;TC TAP + ana (hgm, bioq c/ creat, CEA, CA19.9). CE rev em 4 sem c/ exames.;0.91;1;U03;2026-07-31T11:36;;;;2026-07-31T11:56;AT000162;REALIZADO;0
P00098;310014;AT000142;2102;U01;2026-07-31T11:35;pedido_consulta;TRIAGEM;1300;1;;;;N;2026-11-28;;;0;;Referenciar a Oncologia Médica.;0.93;1;U03;2026-07-31T13:37;U04;2026-08-03T21:03;ACEITE;2026-08-03T21:07;AT000163;REALIZADO;0
P00099;205785;AT000143;2102;U01;2026-07-31T11:55;pedido_consulta;TRIAGEM;1300;1;;;;N;2026-11-28;;;0;;Referenciar a Oncologia Médica.;0.94;1;U03;2026-07-31T12:22;U04;2026-08-03T03:21;ACEITE;2026-08-03T03:33;AT000164;REALIZADO;0
P00100;523183;AT000165;2102;U01;2026-08-03T08:55;analises;DIRETO;6100;9;;A001|A002|A003|A004|A005;;MP;2026-08-10;;;0;;TC TAP c/ contraste + colheita c/ jejum (hemog, bioq, CEA, CA 19.9). Rev c/ exames 1/12 comigo.;0.88;0;U03;2026-08-03T10:29;;;;2026-08-03T10:43;AT000175;REALIZADO;0
P00101;523183;AT000165;2102;U01;2026-08-03T08:55;exame;DIRETO;7000_2;1;7000002|7000004|7000009;;com contraste;MP;2026-08-18;;;0;;TC TAP c/ contraste + colheita c/ jejum (hemog, bioq, CEA, CA 19.9). Rev c/ exames 1/12 comigo.;0.85;1;U03;2026-08-03T10:29;;;;2026-08-03T10:40;AT000176;REALIZADO;0
P00102;523183;AT000165;2102;U01;2026-08-03T08:55;consulta;DIRETO;2102;23;;;;MP;2026-09-07;2026-08-24;U01;1;;TC TAP c/ contraste + colheita c/ jejum (hemog, bioq, CEA, CA 19.9). Rev c/ exames 1/12 comigo.;0.93;0;U03;2026-08-03T10:29;;;;2026-08-03T10:40;AT000177;REALIZADO;0
P00103;337750;AT000166;2102;U01;2026-08-03T09:15;analises;DIRETO;6100;9;;A001|A002|A003|A004|A005;;MP;2026-08-10;;;0;;TC TAP + ana (hgm, bioq c/ creat, CEA, CA19.9). CE rev em 4 sem c/ exames.;0.83;1;U03;2026-08-03T10:14;;;;2026-08-03T10:31;AT000178;REALIZADO;0
P00104;337750;AT000166;2102;U01;2026-08-03T09:15;exame;DIRETO;7000_2;1;7000002|7000004|7000009;;com contraste;MP;2026-08-18;;;0;;TC TAP + ana (hgm, bioq c/ creat, CEA, CA19.9). CE rev em 4 sem c/ exames.;0.93;1;U03;2026-08-03T10:14;;;;2026-08-03T10:15;AT000179;REALIZADO;0
P00105;337750;AT000166;2102;U01;2026-08-03T09:15;consulta;DIRETO;2102;22;;;;MP;2026-09-07;2026-08-24;U01;1;;TC TAP + ana (hgm, bioq c/ creat, CEA, CA19.9). CE rev em 4 sem c/ exames.;0.86;1;U03;2026-08-03T10:14;;;;2026-08-03T10:34;AT000180;REALIZADO;0
P00106;805136;AT000167;2102;U01;2026-08-03T09:35;pedido_consulta;TRIAGEM;1300;1;;;;N;2026-12-01;;;0;;Referenciar a Oncologia Médica.;0.86;0;U03;2026-08-03T10:43;U04;2026-08-07T05:15;ACEITE;2026-08-07T05:18;AT000181;REALIZADO;0
P00107;355766;AT000168;2102;U01;2026-08-03T09:55;analises;DIRETO;6100;4;;A001|A004;;MP;2026-08-10;;;0;;Colheita s/ jejum (hemog, CEA). Rev 1/12.;0.88;1;U03;2026-08-03T10:03;;;;2026-08-03T10:20;AT000182;REALIZADO;0
P00108;355766;AT000168;2102;U01;2026-08-03T09:55;consulta;DIRETO;2102;22;;;;MP;2026-09-07;2026-08-24;U01;1;;Colheita s/ jejum (hemog, CEA). Rev 1/12.;0.84;1;U03;2026-08-03T10:03;;;;2026-08-03T10:07;AT000183;REALIZADO;0
P00109;407701;AT000169;2102;U01;2026-08-03T10:05;pedido_consulta;TRIAGEM;1300;1;;;;P;2026-10-02;;;0;;Referenciar a Oncologia Médica.;0.88;1;U03;2026-08-03T10:34;U04;2026-08-03T17:45;ACEITE;2026-08-03T17:57;AT000184;REALIZADO;0
P00110;858796;AT000170;2102;U01;2026-08-03T10:35;analises;DIRETO;6100;9;;A001|A002|A003|A004|A005;;P;2026-08-18;;;0;;TC TAP + ana (hgm, bioq c/ creat, CEA, CA19.9). CE rev em 4 sem c/ exames.;0.93;0;U03;2026-08-03T11:20;;;;2026-08-03T11:28;AT000185;REALIZADO;0
P00111;858796;AT000170;2102;U01;2026-08-03T10:35;exame;DIRETO;7000_2;1;7000002|7000004|7000009;;com contraste;P;2026-09-02;;;0;;TC TAP + ana (hgm, bioq c/ creat, CEA, CA19.9). CE rev em 4 sem c/ exames.;0.85;0;U03;2026-08-03T11:20;;;;2026-08-03T11:32;AT000186;REALIZADO;0
P00112;858796;AT000170;2102;U01;2026-08-03T10:35;consulta;DIRETO;2102;23;;;;P;2026-09-07;2026-08-24;U01;1;;TC TAP + ana (hgm, bioq c/ creat, CEA, CA19.9). CE rev em 4 sem c/ exames.;0.96;0;U03;2026-08-03T11:20;;;;2026-08-03T11:29;AT000187;REALIZADO;0
P00113;896414;AT000171;2102;U01;2026-08-03T10:55;pedido_consulta;TRIAGEM;1300;1;;;;N;2026-12-01;;;0;;Referenciar a Oncologia Médica.;0.95;1;U03;2026-08-03T11:42;U04;2026-08-03T18:48;ACEITE;2026-08-03T19:00;AT000188;REALIZADO;0
P00114;719623;AT000172;2102;U01;2026-08-03T11:15;analises;DIRETO;6100;9;;A001|A002|A003|A004|A005;;MP;2026-08-10;;;0;;Ped. TAC TAP c/ ctr e análises c/ marcadores. Reavaliação c/ resultados dentro de 1 mês.;0.86;1;U03;2026-08-03T12:56;;;;2026-08-03T13:12;AT000189;REALIZADO;0
P00115;719623;AT000172;2102;U01;2026-08-03T11:15;exame;DIRETO;7000_2;1;7000002|7000004|7000009;;com contraste;MP;2026-08-18;;;0;;Ped. TAC TAP c/ ctr e análises c/ marcadores. Reavaliação c/ resultados dentro de 1 mês.;0.82;1;U03;2026-08-03T12:56;;;;2026-08-03T13:04;AT000190;REALIZADO;0
P00116;719623;AT000172;2102;U01;2026-08-03T11:15;consulta;DIRETO;2102;23;;;;MP;2026-09-07;2026-08-24;U01;1;;Ped. TAC TAP c/ ctr e análises c/ marcadores. Reavaliação c/ resultados dentro de 1 mês.;0.89;1;U03;2026-08-03T12:56;;;;2026-08-03T13:11;AT000191;REALIZADO;0
P00117;835357;AT000174;2102;U01;2026-08-03T11:55;analises;DIRETO;6100;9;;A001|A002|A003|A004|A005;;P;2026-08-18;;;0;;TC TAP + ana (hgm, bioq c/ creat, CEA, CA19.9). CE rev em 4 sem c/ exames.;0.97;1;U03;2026-08-03T14:24;;;;2026-08-03T14:28;AT000192;REALIZADO;0
P00118;835357;AT000174;2102;U01;2026-08-03T11:55;exame;DIRETO;7000_2;1;7000002|7000004|7000009;;com contraste;P;2026-09-02;;;0;;TC TAP + ana (hgm, bioq c/ creat, CEA, CA19.9). CE rev em 4 sem c/ exames.;0.97;0;U03;2026-08-03T14:24;;;;2026-08-03T14:29;AT000193;REALIZADO;0
P00119;835357;AT000174;2102;U01;2026-08-03T11:55;consulta;DIRETO;2102;22;;;;P;2026-09-07;2026-08-24;U01;1;;TC TAP + ana (hgm, bioq c/ creat, CEA, CA19.9). CE rev em 4 sem c/ exames.;0.91;0;U03;2026-08-03T14:24;;;;2026-08-03T14:36;AT000194;REALIZADO;0
P00120;793842;AT000195;2102;U02;2026-08-04T08:45;analises;DIRETO;6100;4;;A001|A004;;N;2026-09-18;;;0;;Colheita s/ jejum (hemog, CEA). Rev 1/12.;0.87;1;U03;2026-08-04T09:25;;;;2026-08-04T09:26;AT000206;REALIZADO;1
P00121;793842;AT000195;2102;U02;2026-08-04T08:45;consulta;DIRETO;2102;22;;;;N;2026-09-08;2026-08-25;U02;1;;Colheita s/ jejum (hemog, CEA). Rev 1/12.;0.87;1;U03;2026-08-04T09:25;;;;2026-08-04T09:41;AT000207;REALIZADO;1
P00122;884529;AT000196;2102;U02;2026-08-04T09:15;tratamento;DIRETO;9602;3;65270;;;P;2026-08-19;;;0;4 semanas;Heparinização do CVC mensal (enfermagem).;0.87;1;U03;2026-08-04T10:39;;;;2026-08-04T10:41;AT000208;REALIZADO;0
P00123;204103;AT000197;2102;U02;2026-08-04T09:35;pedido_consulta;TRIAGEM;1300;1;;;;MP;2026-09-03;;;0;;Ped. cons. Onco Médica p/ discussão de QT adjuvante.;0.96;1;U03;2026-08-04T10:21;U04;2026-08-04T13:22;ACEITE;2026-08-04T13:40;AT000209;REALIZADO;0
P00124;859914;AT000198;2102;U02;2026-08-04T09:55;analises;DIRETO;6100;9;;A001|A002|A003|A004|A005;;MP;2026-08-11;;;0;;TC TAP c/ contraste + colheita c/ jejum (hemog, bioq, CEA, CA 19.9). Rev c/ exames 1/12 comigo.;0.99;0;U03;2026-08-04T10:38;;;;2026-08-04T10:57;AT000210;REALIZADO;0
P00125;859914;AT000198;2102;U02;2026-08-04T09:55;exame;DIRETO;7000_2;1;7000002|7000004|7000009;;com contraste;MP;2026-08-19;;;0;;TC TAP c/ contraste + colheita c/ jejum (hemog, bioq, CEA, CA 19.9). Rev c/ exames 1/12 comigo.;0.97;0;U03;2026-08-04T10:38;;;;2026-08-04T10:52;AT000211;REALIZADO;0
P00126;859914;AT000198;2102;U02;2026-08-04T09:55;consulta;DIRETO;2102;22;;;;MP;2026-09-08;2026-08-25;U02;1;;TC TAP c/ contraste + colheita c/ jejum (hemog, bioq, CEA, CA 19.9). Rev c/ exames 1/12 comigo.;0.89;0;U03;2026-08-04T10:38;;;;2026-08-04T10:48;AT000212;REALIZADO;0
P00127;315879;AT000199;2102;U02;2026-08-04T10:15;analises;DIRETO;6100;9;;A001|A002|A003|A004|A005;;MP;2026-08-11;;;0;;Ped. TAC TAP c/ ctr e análises c/ marcadores. Reavaliação c/ resultados dentro de 1 mês.;0.96;1;U03;2026-08-04T11:56;;;;2026-08-04T12:13;AT000213;REALIZADO;0
P00128;315879;AT000199;2102;U02;2026-08-04T10:15;exame;DIRETO;7000_2;1;7000002|7000004|7000009;;com contraste;MP;2026-08-19;;;0;;Ped. TAC TAP c/ ctr e análises c/ marcadores. Reavaliação c/ resultados dentro de 1 mês.;0.93;1;U03;2026-08-04T11:56;;;;2026-08-04T12:03;AT000214;REALIZADO;0
P00129;315879;AT000199;2102;U02;2026-08-04T10:15;consulta;DIRETO;2102;23;;;;MP;2026-09-08;2026-08-25;U02;1;;Ped. TAC TAP c/ ctr e análises c/ marcadores. Reavaliação c/ resultados dentro de 1 mês.;0.91;1;U03;2026-08-04T11:56;;;;2026-08-04T12:05;AT000215;REALIZADO;0
P00130;565841;AT000200;2102;U02;2026-08-04T10:35;exame;DIRETO;7000_3;1;7100010;;;P;2026-09-03;;;0;;"Ecografia abdominal; reavaliação após exame.";0.86;0;U03;2026-08-04T10:54;;;;2026-08-04T11:02;AT000216;REALIZADO;0
P00131;565841;AT000200;2102;U02;2026-08-04T10:35;consulta;DIRETO;2102;23;;;;P;2026-09-08;2026-08-25;U02;1;;"Ecografia abdominal; reavaliação após exame.";0.9;0;U03;2026-08-04T10:54;;;;2026-08-04T11:07;AT000217;REALIZADO;0
P00132;203475;AT000201;2102;U02;2026-08-04T10:45;analises;DIRETO;6100;9;;A001|A002|A003|A004|A005;;N;2026-09-18;;;0;;Ped. TAC TAP c/ ctr e análises c/ marcadores. Reavaliação c/ resultados dentro de 1 mês.;0.84;1;U03;2026-08-04T12:56;;;;2026-08-04T13:01;AT000218;REALIZADO;0
P00133;203475;AT000201;2102;U02;2026-08-04T10:45;exame;DIRETO;7000_2;1;7000002|7000004|7000009;;com contraste;N;2026-11-02;;;0;;Ped. TAC TAP c/ ctr e análises c/ marcadores. Reavaliação c/ resultados dentro de 1 mês.;0.86;1;U03;2026-08-04T12:56;;;;2026-08-04T13:11;AT000219;REALIZADO;0
P00134;203475;AT000201;2102;U02;2026-08-04T10:45;consulta;DIRETO;2102;22;;;;N;2026-09-08;2026-08-25;U02;1;;Ped. TAC TAP c/ ctr e análises c/ marcadores. Reavaliação c/ resultados dentro de 1 mês.;0.86;1;U03;2026-08-04T12:56;;;;2026-08-04T13:10;AT000220;REALIZADO;0
P00135;884796;AT000202;2102;U02;2026-08-04T11:15;pedido_consulta;TRIAGEM;1300;1;;;;N;2026-12-02;;;0;;Referenciar a Oncologia Médica.;0.84;1;U03;2026-08-04T13:00;U04;2026-08-06T07:53;ACEITE;2026-08-06T08:00;AT000221;REALIZADO;0
P00136;501924;AT000204;2102;U02;2026-08-04T11:45;analises;DIRETO;6100;9;;A001|A002|A003|A004|A005;;MP;2026-08-11;;;0;;TC TAP c/ contraste + colheita c/ jejum (hemog, bioq, CEA, CA 19.9). Rev c/ exames 1/12 comigo.;0.97;1;U03;2026-08-04T12:01;;;;2026-08-04T12:02;AT000222;REALIZADO;0
P00137;501924;AT000204;2102;U02;2026-08-04T11:45;exame;DIRETO;7000_2;1;7000002|7000004|7000009;;com contraste;MP;2026-08-19;;;0;;TC TAP c/ contraste + colheita c/ jejum (hemog, bioq, CEA, CA 19.9). Rev c/ exames 1/12 comigo.;0.92;1;U03;2026-08-04T12:01;;;;2026-08-04T12:07;AT000223;REALIZADO;0
P00138;501924;AT000204;2102;U02;2026-08-04T11:45;consulta;DIRETO;2102;22;;;;MP;2026-09-08;2026-08-25;U02;1;;TC TAP c/ contraste + colheita c/ jejum (hemog, bioq, CEA, CA 19.9). Rev c/ exames 1/12 comigo.;0.89;1;U03;2026-08-04T12:01;;;;2026-08-04T12:05;AT000224;REALIZADO;0
P00139;314343;AT000225;2102;U01;2026-08-05T08:55;analises;DIRETO;6100;9;;A001|A002|A003|A004|A005;;N;2026-09-19;;;0;;TC TAP c/ contraste + colheita c/ jejum (hemog, bioq, CEA, CA 19.9). Rev c/ exames 1/12 comigo.;0.96;1;U03;2026-08-05T09:13;;;;2026-08-05T09:29;AT000235;REALIZADO;0
P00140;314343;AT000225;2102;U01;2026-08-05T08:55;exame;DIRETO;7000_2;1;7000002|7000004|7000009;;com contraste;N;2026-11-03;;;0;;TC TAP c/ contraste + colheita c/ jejum (hemog, bioq, CEA, CA 19.9). Rev c/ exames 1/12 comigo.;0.89;1;U03;2026-08-05T09:13;;;;2026-08-05T09:28;AT000236;REALIZADO;0
P00141;314343;AT000225;2102;U01;2026-08-05T08:55;consulta;DIRETO;2102;23;;;;N;2026-09-09;2026-08-26;U01;1;;TC TAP c/ contraste + colheita c/ jejum (hemog, bioq, CEA, CA 19.9). Rev c/ exames 1/12 comigo.;0.87;1;U03;2026-08-05T09:13;;;;2026-08-05T09:32;AT000238;REALIZADO;1
P00142;266761;AT000226;2102;U01;2026-08-05T09:15;tratamento;DIRETO;9602;3;65270;;;N;2026-09-19;;;0;4 semanas;Heparinização do CVC mensal (enfermagem).;0.91;0;U03;2026-08-05T11:28;;;;2026-08-05T11:45;AT000239;REALIZADO;0
P00143;476088;AT000227;2102;U01;2026-08-05T09:35;pedido_consulta;TRIAGEM;1300;1;;;;N;2026-12-03;;;0;;Referenciar a Oncologia Médica.;0.99;1;U03;2026-08-05T10:32;U04;2026-08-06T07:27;ACEITE;2026-08-06T07:37;AT000240;REALIZADO;0
P00144;747029;AT000228;2102;U01;2026-08-05T09:45;analises;DIRETO;6100;4;;A001|A004;;N;2026-09-19;;;0;;Colheita s/ jejum (hemog, CEA). Rev 1/12.;0.88;1;U03;2026-08-05T11:05;;;;2026-08-05T11:13;AT000241;REALIZADO;0
P00145;747029;AT000228;2102;U01;2026-08-05T09:45;consulta;DIRETO;2102;22;;;;N;2026-09-09;2026-08-26;U01;1;;Colheita s/ jejum (hemog, CEA). Rev 1/12.;0.86;1;U03;2026-08-05T11:05;;;;2026-08-05T11:22;AT000242;REALIZADO;0
P00146;366328;AT000229;2102;U01;2026-08-05T10:15;analises;DIRETO;6100;4;;A001|A004;;P;2026-08-20;;;0;;Análises (hemograma, CEA) e cons. de revisão num mês.;0.89;1;U03;2026-08-05T10:37;;;;2026-08-05T10:52;AT000243;REALIZADO;0
P00147;366328;AT000229;2102;U01;2026-08-05T10:15;consulta;DIRETO;2102;22;;;;P;2026-09-09;2026-08-26;U01;1;;Análises (hemograma, CEA) e cons. de revisão num mês.;0.83;1;U03;2026-08-05T10:37;;;;2026-08-05T10:49;AT000244;REALIZADO;0
P00148;310918;AT000230;2102;U01;2026-08-05T10:35;pedido_consulta;TRIAGEM;1300;1;;;;P;2026-10-04;;;0;;Ped. cons. Onco Médica p/ discussão de QT adjuvante.;0.93;1;U03;2026-08-05T12:36;U04;2026-08-07T05:38;ACEITE;2026-08-07T05:41;AT000245;REALIZADO;0
P00149;517487;AT000231;2102;U01;2026-08-05T10:55;analises;DIRETO;6100;9;;A001|A002|A003|A004|A005;;MP;2026-08-12;;;0;;Ped. TAC TAP c/ ctr e análises c/ marcadores. Reavaliação c/ resultados dentro de 1 mês.;0.91;0;U03;2026-08-05T12:27;;;;2026-08-05T12:30;AT000246;REALIZADO;0
P00150;517487;AT000231;2102;U01;2026-08-05T10:55;exame;DIRETO;7000_2;1;7000002|7000004|7000009;;com contraste;MP;2026-08-20;;;0;;Ped. TAC TAP c/ ctr e análises c/ marcadores. Reavaliação c/ resultados dentro de 1 mês.;0.94;1;U03;2026-08-05T12:27;;;;2026-08-05T12:35;AT000247;REALIZADO;0
P00151;517487;AT000231;2102;U01;2026-08-05T10:55;consulta;DIRETO;2102;22;;;;MP;2026-09-09;2026-08-26;U01;1;;Ped. TAC TAP c/ ctr e análises c/ marcadores. Reavaliação c/ resultados dentro de 1 mês.;0.83;1;U03;2026-08-05T12:27;;;;2026-08-05T12:31;AT000248;REALIZADO;0
P00152;454226;AT000233;2102;U01;2026-08-05T11:35;analises;DIRETO;6100;9;;A001|A002|A003|A004|A005;;N;2026-09-19;;;0;;Ped. TAC TAP c/ ctr e análises c/ marcadores. Reavaliação c/ resultados dentro de 1 mês.;0.86;0;U03;2026-08-05T13:18;;;;2026-08-05T13:35;AT000249;REALIZADO;0
P00153;454226;AT000233;2102;U01;2026-08-05T11:35;exame;DIRETO;7000_2;1;7000002|7000004|7000009;;com contraste;N;2026-11-03;;;0;;Ped. TAC TAP c/ ctr e análises c/ marcadores. Reavaliação c/ resultados dentro de 1 mês.;0.95;0;U03;2026-08-05T13:18;;;;2026-08-05T13:23;AT000250;REALIZADO;0
P00154;454226;AT000233;2102;U01;2026-08-05T11:35;consulta;DIRETO;2102;22;;;;N;2026-09-09;2026-08-26;U01;1;;Ped. TAC TAP c/ ctr e análises c/ marcadores. Reavaliação c/ resultados dentro de 1 mês.;0.94;0;U03;2026-08-05T13:18;;;;2026-08-05T13:29;AT000251;REALIZADO;0
P00155;831014;AT000234;2102;U01;2026-08-05T11:45;analises;DIRETO;6100;9;;A001|A002|A003|A004|A005;;MP;2026-08-12;;;0;;TC TAP c/ contraste + colheita c/ jejum (hemog, bioq, CEA, CA 19.9). Rev c/ exames 1/12 comigo.;0.95;1;U03;2026-08-05T13:18;;;;2026-08-05T13:29;AT000252;REALIZADO;0
P00156;831014;AT000234;2102;U01;2026-08-05T11:45;exame;DIRETO;7000_2;1;7000002|7000004|7000009;;com contraste;MP;2026-08-20;;;0;;TC TAP c/ contraste + colheita c/ jejum (hemog, bioq, CEA, CA 19.9). Rev c/ exames 1/12 comigo.;0.86;1;U03;2026-08-05T13:18;;;;2026-08-05T13:30;AT000253;REALIZADO;0
P00157;831014;AT000234;2102;U01;2026-08-05T11:45;consulta;DIRETO;2102;22;;;;MP;2026-09-09;2026-08-26;U01;1;;TC TAP c/ contraste + colheita c/ jejum (hemog, bioq, CEA, CA 19.9). Rev c/ exames 1/12 comigo.;0.83;1;U03;2026-08-05T13:18;;;;2026-08-05T13:32;AT000254;REALIZADO;0
P00158;258061;AT000255;2102;U02;2026-08-06T08:55;pedido_hd;TRIAGEM;9610;1;9610001;;QT adjuvante;N;2026-10-05;;;0;;Iniciar CAPOX em HD. Ana na véspera.;0.88;0;U03;2026-08-06T09:54;U10;2026-08-10T09:33;ACEITE;2026-08-10T09:36;AT000265;REALIZADO;0
P00159;258061;AT000255;2102;U02;2026-08-10T09:36;analises;DIRETO;6100;4;;A001|A002;pré-QT (regra R2);N;2026-09-24;;;0;;[criado pela regra R2];1.0;1;SISTEMA;2026-08-10T09:36;;;;2026-08-10T09:36;AT000266;REALIZADO;0
P00160;816094;AT000256;2102;U02;2026-08-06T09:15;analises;DIRETO;6100;4;;A001|A004;;N;2026-09-20;;;0;;Análises (hemograma, CEA) e cons. de revisão num mês.;0.97;1;U03;2026-08-06T11:20;;;;2026-08-06T11:39;AT000267;REALIZADO;0
P00161;816094;AT000256;2102;U02;2026-08-06T09:15;consulta;DIRETO;2102;23;;;;N;2026-09-10;2026-08-27;U02;1;;Análises (hemograma, CEA) e cons. de revisão num mês.;0.94;1;U03;2026-08-06T11:20;;;;2026-08-06T11:23;AT000268;REALIZADO;0
P00162;863855;AT000257;2102;U02;2026-08-06T09:35;tratamento;DIRETO;9602;3;65270;;;N;2026-09-20;;;0;4 semanas;Heparinização do CVC mensal (enfermagem).;0.98;1;U03;2026-08-06T11:12;;;;2026-08-06T11:31;AT000269;REALIZADO;0
P00163;799689;AT000258;2102;U02;2026-08-06T09:55;analises;DIRETO;6100;4;;A001|A004;;MP;2026-08-13;;;0;;Análises (hemograma, CEA) e cons. de revisão num mês.;0.84;1;U03;2026-08-06T12:11;;;;2026-08-06T12:23;AT000270;REALIZADO;0
P00164;799689;AT000258;2102;U02;2026-08-06T09:55;consulta;DIRETO;2102;22;;;;MP;2026-09-10;2026-08-27;U02;1;;Análises (hemograma, CEA) e cons. de revisão num mês.;0.95;1;U03;2026-08-06T12:11;;;;2026-08-06T12:14;AT000271;REALIZADO;0
P00165;347221;AT000259;2102;U02;2026-08-06T10:15;analises;DIRETO;6100;4;;A001|A004;;P;2026-08-21;;;0;;Análises (hemograma, CEA) e cons. de revisão num mês.;0.91;1;U03;2026-08-06T11:07;;;;2026-08-06T11:20;AT000272;REALIZADO;0
P00166;347221;AT000259;2102;U02;2026-08-06T10:15;consulta;DIRETO;2102;22;;;;P;2026-09-10;2026-08-27;U02;1;;Análises (hemograma, CEA) e cons. de revisão num mês.;0.91;1;U03;2026-08-06T11:07;;;;2026-08-06T11:25;AT000273;REALIZADO;0
P00167;701140;AT000261;2102;U02;2026-08-06T10:55;analises;DIRETO;6100;9;;A001|A002|A003|A004|A005;;MP;2026-08-13;;;0;;TC TAP + ana (hgm, bioq c/ creat, CEA, CA19.9). CE rev em 4 sem c/ exames.;0.97;1;U03;2026-08-06T13:08;;;;2026-08-06T13:13;AT000274;REALIZADO;0
P00168;701140;AT000261;2102;U02;2026-08-06T10:55;exame;DIRETO;7000_2;1;7000002|7000004|7000009;;com contraste;MP;2026-08-21;;;0;;TC TAP + ana (hgm, bioq c/ creat, CEA, CA19.9). CE rev em 4 sem c/ exames.;0.98;1;U03;2026-08-06T13:08;;;;2026-08-06T13:17;AT000275;REALIZADO;0
P00169;701140;AT000261;2102;U02;2026-08-06T10:55;consulta;DIRETO;2102;23;;;;MP;2026-09-10;2026-08-27;U02;1;;TC TAP + ana (hgm, bioq c/ creat, CEA, CA19.9). CE rev em 4 sem c/ exames.;0.91;1;U03;2026-08-06T13:08;;;;2026-08-06T13:10;AT000277;REALIZADO;1
P00170;376938;AT000262;2102;U02;2026-08-06T11:15;pedido_consulta;TRIAGEM;1300;1;;;;P;2026-10-05;;;0;;Ped. cons. Onco Médica p/ discussão de QT adjuvante.;0.86;1;U03;2026-08-06T13:32;U04;2026-08-07T16:24;ACEITE;2026-08-07T16:39;AT000278;REALIZADO;0
P00171;204103;AT000263;2102;U02;2026-08-06T11:35;analises;DIRETO;6100;9;;A001|A002|A003|A004|A005;;N;2026-09-20;;;0;;Ped. TAC TAP c/ ctr e análises c/ marcadores. Reavaliação c/ resultados dentro de 1 mês.;0.98;0;U03;2026-08-06T11:53;;;;2026-08-06T12:11;AT000279;REALIZADO;0
P00172;204103;AT000263;2102;U02;2026-08-06T11:35;exame;DIRETO;7000_2;1;7000002|7000004|7000009;;com contraste;N;2026-11-04;;;0;;Ped. TAC TAP c/ ctr e análises c/ marcadores. Reavaliação c/ resultados dentro de 1 mês.;0.97;1;U03;2026-08-06T11:53;;;;2026-08-06T11:59;AT000280;REALIZADO;0
P00173;204103;AT000263;2102;U02;2026-08-06T11:35;consulta;DIRETO;2102;22;;;;N;2026-09-10;2026-08-27;U02;1;;Ped. TAC TAP c/ ctr e análises c/ marcadores. Reavaliação c/ resultados dentro de 1 mês.;0.92;0;U03;2026-08-06T11:53;;;;2026-08-06T12:00;AT000281;REALIZADO;0
P00174;371176;AT000282;2102;U01;2026-08-07T08:55;analises;DIRETO;6100;4;;A001|A004;;N;2026-09-21;;;0;;Análises (hemograma, CEA) e cons. de revisão num mês.;0.97;1;U03;2026-08-07T09:38;;;;2026-08-07T09:54;AT000292;REALIZADO;0
P00175;371176;AT000282;2102;U01;2026-08-07T08:55;consulta;DIRETO;2102;22;;;;N;2026-09-11;2026-08-28;U01;1;;Análises (hemograma, CEA) e cons. de revisão num mês.;0.92;1;U03;2026-08-07T09:38;;;;2026-08-07T09:52;AT000293;MARCADO;0
P00176;747029;AT000283;2102;U01;2026-08-07T09:05;analises;DIRETO;6100;9;;A001|A002|A003|A004|A005;;N;2026-09-21;;;0;;TC TAP + ana (hgm, bioq c/ creat, CEA, CA19.9). CE rev em 4 sem c/ exames.;0.84;1;U03;2026-08-07T09:11;;;;2026-08-07T09:19;AT000294;REALIZADO;0
P00177;747029;AT000283;2102;U01;2026-08-07T09:05;exame;DIRETO;7000_2;1;7000002|7000004|7000009;;com contraste;N;2026-11-05;;;0;;TC TAP + ana (hgm, bioq c/ creat, CEA, CA19.9). CE rev em 4 sem c/ exames.;0.88;1;U03;2026-08-07T09:11;;;;2026-08-07T09:17;AT000295;REALIZADO;0
P00178;747029;AT000283;2102;U01;2026-08-07T09:05;consulta;DIRETO;2102;22;;;;N;2026-09-11;2026-08-28;U01;1;;TC TAP + ana (hgm, bioq c/ creat, CEA, CA19.9). CE rev em 4 sem c/ exames.;0.96;1;U03;2026-08-07T09:11;;;;2026-08-07T09:31;AT000296;REALIZADO;0
P00179;354054;AT000284;2102;U01;2026-08-07T09:25;analises;DIRETO;6100;4;;A001|A004;;P;2026-08-22;;;0;;Análises (hemograma, CEA) e cons. de revisão num mês.;0.93;0;U03;2026-08-07T10:59;;;;2026-08-07T11:00;AT000297;REALIZADO;0
P00180;354054;AT000284;2102;U01;2026-08-07T09:25;consulta;DIRETO;2102;22;;;;P;2026-09-11;2026-08-28;U01;1;;Análises (hemograma, CEA) e cons. de revisão num mês.;0.86;1;U03;2026-08-07T10:59;;;;2026-08-07T11:17;AT000298;REALIZADO;1
P00181;581452;AT000285;2102;U01;2026-08-07T09:45;analises;DIRETO;6100;9;;A001|A002|A003|A004|A005;;N;2026-09-21;;;0;;TC TAP c/ contraste + colheita c/ jejum (hemog, bioq, CEA, CA 19.9). Rev c/ exames 1/12 comigo.;0.83;1;U03;2026-08-07T10:39;;;;2026-08-07T10:48;AT000299;REALIZADO;0
P00182;581452;AT000285;2102;U01;2026-08-07T09:45;exame;DIRETO;7000_2;1;7000002|7000004|7000009;;com contraste;N;2026-11-05;;;0;;TC TAP c/ contraste + colheita c/ jejum (hemog, bioq, CEA, CA 19.9). Rev c/ exames 1/12 comigo.;0.96;1;U03;2026-08-07T10:39;;;;2026-08-07T10:44;AT000300;REALIZADO;0
P00183;581452;AT000285;2102;U01;2026-08-07T09:45;consulta;DIRETO;2102;22;;;;N;2026-09-11;2026-08-28;U01;1;;TC TAP c/ contraste + colheita c/ jejum (hemog, bioq, CEA, CA 19.9). Rev c/ exames 1/12 comigo.;0.84;1;U03;2026-08-07T10:39;;;;2026-08-07T10:53;AT000302;REALIZADO;1
P00184;314343;AT000286;2102;U01;2026-08-07T10:05;analises;DIRETO;6100;4;;A001|A004;;N;2026-09-21;;;0;;Colheita s/ jejum (hemog, CEA). Rev 1/12.;0.99;1;U03;2026-08-07T10:55;;;;2026-08-07T11:06;AT000303;REALIZADO;0
P00185;314343;AT000286;2102;U01;2026-08-07T10:05;consulta;DIRETO;2102;22;;;;N;2026-09-11;2026-08-28;U01;1;;Colheita s/ jejum (hemog, CEA). Rev 1/12.;0.83;1;U03;2026-08-07T10:55;;;;2026-08-07T11:01;AT000304;REALIZADO;0
P00186;524503;AT000287;2102;U01;2026-08-07T10:35;exame;DIRETO;7000_3;1;7100010;;;P;2026-09-06;;;0;;"Ecografia abdominal; reavaliação após exame.";0.89;1;U03;2026-08-07T12:31;;;;2026-08-07T12:37;AT000305;REALIZADO;0
P00187;524503;AT000287;2102;U01;2026-08-07T10:35;consulta;DIRETO;2102;23;;;;P;2026-09-11;2026-08-28;U01;1;;"Ecografia abdominal; reavaliação após exame.";0.86;1;U03;2026-08-07T12:31;;;;2026-08-07T12:33;AT000306;REALIZADO;0
P00188;212291;AT000288;2102;U01;2026-08-07T10:55;tratamento;DIRETO;9602;3;65270;;;N;2026-09-21;;;0;4 semanas;Heparinização do CVC mensal (enfermagem).;0.89;1;U03;2026-08-07T11:03;;;;2026-08-07T11:16;AT000307;REALIZADO;0
P00189;412626;AT000289;2102;U01;2026-08-07T11:05;analises;DIRETO;6100;9;;A001|A002|A003|A004|A005;;N;2026-09-21;;;0;;TC TAP c/ contraste + colheita c/ jejum (hemog, bioq, CEA, CA 19.9). Rev c/ exames 1/12 comigo.;0.94;1;U03;2026-08-07T13:17;;;;2026-08-07T13:34;AT000308;REALIZADO;0
P00190;412626;AT000289;2102;U01;2026-08-07T11:05;exame;DIRETO;7000_2;1;7000002|7000004|7000009;;com contraste;N;2026-11-05;;;0;;TC TAP c/ contraste + colheita c/ jejum (hemog, bioq, CEA, CA 19.9). Rev c/ exames 1/12 comigo.;0.85;1;U03;2026-08-07T13:17;;;;2026-08-07T13:24;AT000309;REALIZADO;0
P00191;412626;AT000289;2102;U01;2026-08-07T11:05;consulta;DIRETO;2102;22;;;;N;2026-09-11;2026-08-28;U01;1;;TC TAP c/ contraste + colheita c/ jejum (hemog, bioq, CEA, CA 19.9). Rev c/ exames 1/12 comigo.;0.93;1;U03;2026-08-07T13:17;;;;2026-08-07T13:36;AT000310;REALIZADO;0
P00192;205785;AT000290;2102;U01;2026-08-07T11:35;analises;DIRETO;6100;4;;A001|A004;;P;2026-08-22;;;0;;Colheita s/ jejum (hemog, CEA). Rev 1/12.;0.99;1;U03;2026-08-07T12:34;;;;2026-08-07T12:43;AT000311;REALIZADO;0
P00193;205785;AT000290;2102;U01;2026-08-07T11:35;consulta;DIRETO;2102;22;;;;P;2026-09-11;2026-08-28;U01;1;;Colheita s/ jejum (hemog, CEA). Rev 1/12.;0.94;1;U03;2026-08-07T12:34;;;;2026-08-07T12:43;AT000312;REALIZADO;0
P00194;315967;AT000291;2102;U01;2026-08-07T11:45;analises;DIRETO;6100;4;;A001|A004;;N;2026-09-21;;;0;;Colheita s/ jejum (hemog, CEA). Rev 1/12.;0.92;1;U03;2026-08-07T13:39;;;;2026-08-07T13:40;AT000313;REALIZADO;0
P00195;315967;AT000291;2102;U01;2026-08-07T11:45;consulta;DIRETO;2102;22;;;;N;2026-09-11;2026-08-28;U01;1;;Colheita s/ jejum (hemog, CEA). Rev 1/12.;0.97;1;U03;2026-08-07T13:39;;;;2026-08-07T13:43;AT000314;REALIZADO;0
P00196;740416;AT000315;2102;U01;2026-08-10T08:55;analises;DIRETO;6100;9;;A001|A002|A003|A004|A005;;N;2026-09-24;;;0;;TC TAP c/ contraste + colheita c/ jejum (hemog, bioq, CEA, CA 19.9). Rev c/ exames 1/12 comigo.;0.92;1;U03;2026-08-10T10:15;;;;2026-08-10T10:32;AT000325;REALIZADO;0
P00197;740416;AT000315;2102;U01;2026-08-10T08:55;exame;DIRETO;7000_2;1;7000002|7000004|7000009;;com contraste;N;2026-11-08;;;0;;TC TAP c/ contraste + colheita c/ jejum (hemog, bioq, CEA, CA 19.9). Rev c/ exames 1/12 comigo.;0.95;1;U03;2026-08-10T10:15;;;;2026-08-10T10:17;AT000326;REALIZADO;0
P00198;740416;AT000315;2102;U01;2026-08-10T08:55;consulta;DIRETO;2102;22;;;;N;2026-09-14;2026-08-31;U01;1;;TC TAP c/ contraste + colheita c/ jejum (hemog, bioq, CEA, CA 19.9). Rev c/ exames 1/12 comigo.;0.88;1;U03;2026-08-10T10:15;;;;2026-08-10T10:25;AT000327;REALIZADO;0
P00199;898909;AT000316;2102;U01;2026-08-10T09:05;analises;DIRETO;6100;9;;A001|A002|A003|A004|A005;;MP;2026-08-17;;;0;;TC TAP + ana (hgm, bioq c/ creat, CEA, CA19.9). CE rev em 4 sem c/ exames.;0.85;0;U03;2026-08-10T09:40;;;;2026-08-10T09:42;AT000328;REALIZADO;0
P00200;898909;AT000316;2102;U01;2026-08-10T09:05;exame;DIRETO;7000_2;1;7000002|7000004|7000009;;com contraste;MP;2026-08-25;;;0;;TC TAP + ana (hgm, bioq c/ creat, CEA, CA19.9). CE rev em 4 sem c/ exames.;0.85;1;U03;2026-08-10T09:40;;;;2026-08-10T09:43;AT000329;REALIZADO;0
P00201;898909;AT000316;2102;U01;2026-08-10T09:05;consulta;DIRETO;2102;22;;;;MP;2026-09-14;2026-08-31;U01;1;;TC TAP + ana (hgm, bioq c/ creat, CEA, CA19.9). CE rev em 4 sem c/ exames.;0.86;1;U03;2026-08-10T09:40;;;;2026-08-10T09:44;AT000330;REALIZADO;0
P00202;296672;AT000317;2102;U01;2026-08-10T09:35;analises;DIRETO;6100;4;;A001|A004;;MP;2026-08-17;;;0;;Análises (hemograma, CEA) e cons. de revisão num mês.;0.96;1;U03;2026-08-10T11:38;;;;2026-08-10T11:42;AT000331;REALIZADO;0
P00203;296672;AT000317;2102;U01;2026-08-10T09:35;consulta;DIRETO;2102;22;;;;MP;2026-09-14;2026-08-31;U01;1;;Análises (hemograma, CEA) e cons. de revisão num mês.;0.98;1;U03;2026-08-10T11:38;;;;2026-08-10T11:54;AT000332;REALIZADO;0
P00204;685659;AT000319;2102;U01;2026-08-10T10:15;analises;DIRETO;6100;9;;A001|A002|A003|A004|A005;;N;2026-09-24;;;0;;TC TAP c/ contraste + colheita c/ jejum (hemog, bioq, CEA, CA 19.9). Rev c/ exames 1/12 comigo.;0.88;0;U03;2026-08-10T11:44;;;;2026-08-10T11:55;AT000333;REALIZADO;0
P00205;685659;AT000319;2102;U01;2026-08-10T10:15;exame;DIRETO;7000_2;1;7000002|7000004|7000009;;com contraste;N;2026-11-08;;;0;;TC TAP c/ contraste + colheita c/ jejum (hemog, bioq, CEA, CA 19.9). Rev c/ exames 1/12 comigo.;0.98;1;U03;2026-08-10T11:44;;;;2026-08-10T11:59;AT000334;REALIZADO;0
P00206;685659;AT000319;2102;U01;2026-08-10T10:15;consulta;DIRETO;2102;22;;;;N;2026-09-14;2026-08-31;U01;1;;TC TAP c/ contraste + colheita c/ jejum (hemog, bioq, CEA, CA 19.9). Rev c/ exames 1/12 comigo.;0.84;0;U03;2026-08-10T11:44;;;;2026-08-10T11:56;AT000335;REALIZADO;0
P00207;249515;AT000320;2102;U01;2026-08-10T10:35;analises;DIRETO;6100;9;;A001|A002|A003|A004|A005;;N;2026-09-24;;;0;;Ped. TAC TAP c/ ctr e análises c/ marcadores. Reavaliação c/ resultados dentro de 1 mês.;0.85;1;U03;2026-08-10T11:24;;;;2026-08-10T11:43;AT000337;REALIZADO;1
P00208;249515;AT000320;2102;U01;2026-08-10T10:35;exame;DIRETO;7000_2;1;7000002|7000004|7000009;;com contraste;N;2026-11-08;;;0;;Ped. TAC TAP c/ ctr e análises c/ marcadores. Reavaliação c/ resultados dentro de 1 mês.;0.85;1;U03;2026-08-10T11:24;;;;2026-08-10T11:32;AT000338;REALIZADO;0
P00209;249515;AT000320;2102;U01;2026-08-10T10:35;consulta;DIRETO;2102;22;;;;N;2026-09-14;2026-08-31;U01;1;;Ped. TAC TAP c/ ctr e análises c/ marcadores. Reavaliação c/ resultados dentro de 1 mês.;0.87;1;U03;2026-08-10T11:24;;;;2026-08-10T11:43;AT000340;REALIZADO;2
P00210;524503;AT000321;2102;U01;2026-08-10T10:45;exame;DIRETO;7000_3;1;7100010;;;P;2026-09-09;;;0;;"Ecografia abdominal; reavaliação após exame.";0.88;1;U03;2026-08-10T10:52;;;;2026-08-10T11:11;AT000341;REALIZADO;0
P00211;524503;AT000321;2102;U01;2026-08-10T10:45;consulta;DIRETO;2102;22;;;;P;2026-09-14;2026-08-31;U01;1;;"Ecografia abdominal; reavaliação após exame.";0.94;1;U03;2026-08-10T10:52;;;;2026-08-10T10:56;AT000342;REALIZADO;0
P00212;397356;AT000323;2102;U01;2026-08-10T11:35;analises;DIRETO;6100;4;;A001|A004;;N;2026-09-24;;;0;;Colheita s/ jejum (hemog, CEA). Rev 1/12.;0.92;1;U03;2026-08-10T11:46;;;;2026-08-10T11:55;AT000343;REALIZADO;0
P00213;397356;AT000323;2102;U01;2026-08-10T11:35;consulta;DIRETO;2102;22;;;;N;2026-09-14;2026-08-31;U01;1;;Colheita s/ jejum (hemog, CEA). Rev 1/12.;0.94;1;U03;2026-08-10T11:46;;;;2026-08-10T11:47;AT000344;REALIZADO;0
P00214;204103;AT000345;2102;U02;2026-08-11T08:45;analises;DIRETO;6100;9;;A001|A002|A003|A004|A005;;N;2026-09-25;;;0;;TC TAP c/ contraste + colheita c/ jejum (hemog, bioq, CEA, CA 19.9). Rev c/ exames 1/12 comigo.;0.95;1;U03;2026-08-11T10:21;;;;2026-08-11T10:23;AT000355;REALIZADO;0
P00215;204103;AT000345;2102;U02;2026-08-11T08:45;exame;DIRETO;7000_2;1;7000002|7000004|7000009;;com contraste;N;2026-11-09;;;0;;TC TAP c/ contraste + colheita c/ jejum (hemog, bioq, CEA, CA 19.9). Rev c/ exames 1/12 comigo.;0.96;1;U03;2026-08-11T10:21;;;;2026-08-11T10:38;AT000357;REALIZADO;1
P00216;204103;AT000345;2102;U02;2026-08-11T08:45;consulta;DIRETO;2102;22;;;;N;2026-09-15;2026-09-01;U02;1;;TC TAP c/ contraste + colheita c/ jejum (hemog, bioq, CEA, CA 19.9). Rev c/ exames 1/12 comigo.;0.92;1;U03;2026-08-11T10:21;;;;2026-08-11T10:24;AT000358;REALIZADO;1
P00217;848309;AT000346;2102;U02;2026-08-11T09:15;pedido_consulta;TRIAGEM;1300;1;;;;MP;2026-09-10;;;0;;Ped. cons. Onco Médica p/ discussão de QT adjuvante.;0.94;0;U03;2026-08-11T11:14;U04;2026-08-13T10:30;ACEITE;2026-08-13T10:49;AT000359;REALIZADO;0
P00218;350853;AT000347;2102;U02;2026-08-11T09:35;tratamento;DIRETO;9602;3;65270;;;N;2026-09-25;;;0;4 semanas;Heparinização do CVC mensal (enfermagem).;0.91;1;U03;2026-08-11T09:54;;;;2026-08-11T10:01;AT000360;REALIZADO;0
P00219;408865;AT000348;2102;U02;2026-08-11T09:55;pedido_consulta;TRIAGEM;1300;1;;;;P;2026-10-10;;;0;;Ped. cons. Onco Médica p/ discussão de QT adjuvante.;0.97;1;U03;2026-08-11T10:23;U04;2026-08-11T13:52;ACEITE;2026-08-11T14:10;AT000361;REALIZADO;0
P00220;324259;AT000349;2102;U02;2026-08-11T10:15;analises;DIRETO;6100;4;;A001|A004;;P;2026-08-26;;;0;;Colheita s/ jejum (hemog, CEA). Rev 1/12.;0.89;1;U03;2026-08-11T11:16;;;;2026-08-11T11:19;AT000362;REALIZADO;0
P00221;324259;AT000349;2102;U02;2026-08-11T10:15;consulta;DIRETO;2102;23;;;;P;2026-09-15;2026-09-01;U02;1;;Colheita s/ jejum (hemog, CEA). Rev 1/12.;0.94;1;U03;2026-08-11T11:16;;;;2026-08-11T11:29;AT000363;REALIZADO;0
P00222;752510;AT000350;2102;U02;2026-08-11T10:35;analises;DIRETO;6100;9;;A001|A002|A003|A004|A005;;N;2026-09-25;;;0;;Ped. TAC TAP c/ ctr e análises c/ marcadores. Reavaliação c/ resultados dentro de 1 mês.;0.83;1;U03;2026-08-11T12:34;;;;2026-08-11T12:48;AT000364;REALIZADO;0
P00223;752510;AT000350;2102;U02;2026-08-11T10:35;exame;DIRETO;7000_2;1;7000002|7000004|7000009;;com contraste;N;2026-11-09;;;0;;Ped. TAC TAP c/ ctr e análises c/ marcadores. Reavaliação c/ resultados dentro de 1 mês.;0.92;1;U03;2026-08-11T12:34;;;;2026-08-11T12:36;AT000365;REALIZADO;0
P00224;752510;AT000350;2102;U02;2026-08-11T10:35;consulta;DIRETO;2102;22;;;;N;2026-09-15;2026-09-01;U02;1;;Ped. TAC TAP c/ ctr e análises c/ marcadores. Reavaliação c/ resultados dentro de 1 mês.;0.97;1;U03;2026-08-11T12:34;;;;2026-08-11T12:42;AT000366;REALIZADO;0
P00225;366479;AT000351;2102;U02;2026-08-11T10:55;pedido_consulta;TRIAGEM;1300;1;;;;P;2026-10-10;;;0;;Referenciar a Oncologia Médica.;0.94;1;U03;2026-08-11T12:33;U04;2026-08-13T05:21;ACEITE;2026-08-13T05:39;AT000367;REALIZADO;0
P00226;556284;AT000353;2102;U02;2026-08-11T11:35;analises;DIRETO;6100;9;;A001|A002|A003|A004|A005;;N;2026-09-25;;;0;;Ped. TAC TAP c/ ctr e análises c/ marcadores. Reavaliação c/ resultados dentro de 1 mês.;0.84;1;U03;2026-08-11T12:09;;;;2026-08-11T12:19;AT000368;REALIZADO;0
P00227;556284;AT000353;2102;U02;2026-08-11T11:35;exame;DIRETO;7000_2;1;7000002|7000004|7000009;;com contraste;N;2026-11-09;;;0;;Ped. TAC TAP c/ ctr e análises c/ marcadores. Reavaliação c/ resultados dentro de 1 mês.;0.86;1;U03;2026-08-11T12:09;;;;2026-08-11T12:28;AT000369;REALIZADO;0
P00228;556284;AT000353;2102;U02;2026-08-11T11:35;consulta;DIRETO;2102;22;;;;N;2026-09-15;2026-09-01;U02;1;;Ped. TAC TAP c/ ctr e análises c/ marcadores. Reavaliação c/ resultados dentro de 1 mês.;0.85;1;U03;2026-08-11T12:09;;;;2026-08-11T12:27;AT000370;REALIZADO;0
P00229;469500;AT000354;2102;U02;2026-08-11T11:45;analises;DIRETO;6100;4;;A001|A004;;P;2026-08-26;;;0;;Colheita s/ jejum (hemog, CEA). Rev 1/12.;0.93;1;U03;2026-08-11T14:00;;;;2026-08-11T14:14;AT000371;REALIZADO;0
P00230;469500;AT000354;2102;U02;2026-08-11T11:45;consulta;DIRETO;2102;22;;;;P;2026-09-15;2026-09-01;U02;1;;Colheita s/ jejum (hemog, CEA). Rev 1/12.;0.93;1;U03;2026-08-11T14:00;;;;2026-08-11T14:15;AT000372;REALIZADO;0
P00231;418461;AT000373;2102;U01;2026-08-12T08:45;analises;DIRETO;6100;9;;A001|A002|A003|A004|A005;;MP;2026-08-19;;;0;;Ped. TAC TAP c/ ctr e análises c/ marcadores. Reavaliação c/ resultados dentro de 1 mês.;0.98;1;U03;2026-08-12T08:58;;;;2026-08-12T09:06;AT000383;REALIZADO;0
P00232;418461;AT000373;2102;U01;2026-08-12T08:45;exame;DIRETO;7000_2;1;7000002|7000004|7000009;;com contraste;MP;2026-08-27;;;0;;Ped. TAC TAP c/ ctr e análises c/ marcadores. Reavaliação c/ resultados dentro de 1 mês.;0.91;1;U03;2026-08-12T08:58;;;;2026-08-12T09:04;AT000384;REALIZADO;0
P00233;418461;AT000373;2102;U01;2026-08-12T08:45;consulta;DIRETO;2102;22;;;;MP;2026-09-16;2026-09-02;U01;1;;Ped. TAC TAP c/ ctr e análises c/ marcadores. Reavaliação c/ resultados dentro de 1 mês.;0.93;1;U03;2026-08-12T08:58;;;;2026-08-12T09:03;AT000385;REALIZADO;0
P00234;243738;AT000374;2102;U01;2026-08-12T09:15;tratamento;DIRETO;9602;3;65270;;;P;2026-08-27;;;0;4 semanas;Manut. CVC 4/4 sem no enf.;0.99;1;U03;2026-08-12T10:40;;;;2026-08-12T10:49;AT000386;REALIZADO;0
P00235;470049;AT000375;2102;U01;2026-08-12T09:35;analises;DIRETO;6100;9;;A001|A002|A003|A004|A005;;MP;2026-08-19;;;0;;Ped. TAC TAP c/ ctr e análises c/ marcadores. Reavaliação c/ resultados dentro de 1 mês.;0.89;1;U03;2026-08-12T09:53;;;;2026-08-12T10:02;AT000387;REALIZADO;0
P00236;470049;AT000375;2102;U01;2026-08-12T09:35;exame;DIRETO;7000_2;1;7000002|7000004|7000009;;com contraste;MP;2026-08-27;;;0;;Ped. TAC TAP c/ ctr e análises c/ marcadores. Reavaliação c/ resultados dentro de 1 mês.;0.85;1;U03;2026-08-12T09:53;;;;2026-08-12T09:54;AT000388;REALIZADO;0
P00237;470049;AT000375;2102;U01;2026-08-12T09:35;consulta;DIRETO;2102;22;;;;MP;2026-09-16;2026-09-02;U01;1;;Ped. TAC TAP c/ ctr e análises c/ marcadores. Reavaliação c/ resultados dentro de 1 mês.;0.95;1;U03;2026-08-12T09:53;;;;2026-08-12T09:57;AT000389;REALIZADO;0
P00238;428846;AT000376;2102;U01;2026-08-12T09:55;pedido_consulta;TRIAGEM;1300;1;;;;N;2026-12-10;;;0;;Ped. cons. Onco Médica p/ discussão de QT adjuvante.;0.87;1;U03;2026-08-12T10:05;U04;2026-08-13T16:24;ACEITE;2026-08-13T16:43;AT000390;REALIZADO;0
P00239;561615;AT000379;2102;U01;2026-08-12T10:55;tratamento;DIRETO;9602;3;65270;;;MP;2026-08-19;;;0;4 semanas;Manut. CVC 4/4 sem no enf.;0.89;1;U03;2026-08-12T12:00;;;;2026-08-12T12:01;AT000391;REALIZADO;0
P00240;315967;AT000380;2102;U01;2026-08-12T11:15;exame;DIRETO;7000_3;1;7100010;;;P;2026-09-11;;;0;;"Ecografia abdominal; reavaliação após exame.";0.92;0;U03;2026-08-12T12:22;;;;2026-08-12T12:38;AT000393;REALIZADO;1
P00241;315967;AT000380;2102;U01;2026-08-12T11:15;consulta;DIRETO;2102;23;;;;P;2026-09-16;2026-09-02;U01;1;;"Ecografia abdominal; reavaliação após exame.";0.91;0;U03;2026-08-12T12:22;;;;2026-08-12T12:42;AT000394;REALIZADO;1
P00242;326392;AT000381;2102;U01;2026-08-12T11:25;analises;DIRETO;6100;4;;A001|A004;;N;2026-09-26;;;0;;Análises (hemograma, CEA) e cons. de revisão num mês.;0.98;1;U03;2026-08-12T12:36;;;;2026-08-12T12:37;AT000395;REALIZADO;0
P00243;326392;AT000381;2102;U01;2026-08-12T11:25;consulta;DIRETO;2102;22;;;;N;2026-09-16;2026-09-02;U01;1;;Análises (hemograma, CEA) e cons. de revisão num mês.;0.97;1;U03;2026-08-12T12:36;;;;2026-08-12T12:50;AT000396;REALIZADO;0
P00244;541645;AT000382;2102;U01;2026-08-12T11:55;pedido_consulta;TRIAGEM;1300;1;;;;N;2026-12-10;;;0;;Ped. cons. Onco Médica p/ discussão de QT adjuvante.;0.91;0;U03;2026-08-12T12:43;U04;2026-08-14T07:20;ACEITE;2026-08-14T07:31;AT000397;REALIZADO;0
P00245;638142;AT000398;2102;U02;2026-08-13T08:55;tratamento;DIRETO;9602;3;65270;;;P;2026-08-28;;;0;4 semanas;Heparinização do CVC mensal (enfermagem).;0.86;1;U03;2026-08-13T09:07;;;;2026-08-13T09:09;AT000408;REALIZADO;0
P00246;835357;AT000399;2102;U02;2026-08-13T09:15;analises;DIRETO;6100;9;;A001|A002|A003|A004|A005;;P;2026-08-28;;;0;;Ped. TAC TAP c/ ctr e análises c/ marcadores. Reavaliação c/ resultados dentro de 1 mês.;0.96;1;U03;2026-08-13T10:07;;;;2026-08-13T10:18;AT000409;REALIZADO;0
P00247;835357;AT000399;2102;U02;2026-08-13T09:15;exame;DIRETO;7000_2;1;7000002|7000004|7000009;;com contraste;P;2026-09-12;;;0;;Ped. TAC TAP c/ ctr e análises c/ marcadores. Reavaliação c/ resultados dentro de 1 mês.;0.91;1;U03;2026-08-13T10:07;;;;2026-08-13T10:11;AT000410;REALIZADO;0
P00248;835357;AT000399;2102;U02;2026-08-13T09:15;consulta;DIRETO;2102;22;;;;P;2026-09-17;2026-09-03;U02;1;;Ped. TAC TAP c/ ctr e análises c/ marcadores. Reavaliação c/ resultados dentro de 1 mês.;0.94;1;U03;2026-08-13T10:07;;;;2026-08-13T10:27;AT000411;REALIZADO;0
P00249;236099;AT000400;2102;U02;2026-08-13T09:35;tratamento;DIRETO;9602;3;65270;;;N;2026-09-27;;;0;4 semanas;Manut. CVC 4/4 sem no enf.;0.95;1;U03;2026-08-13T11:01;;;;2026-08-13T11:07;AT000412;REALIZADO;0
P00250;202742;AT000401;2102;U02;2026-08-13T09:55;analises;DIRETO;6100;9;;A001|A002|A003|A004|A005;;N;2026-09-27;;;0;;TC TAP + ana (hgm, bioq c/ creat, CEA, CA19.9). CE rev em 4 sem c/ exames.;0.85;1;U03;2026-08-13T12:11;;;;2026-08-13T12:12;AT000413;REALIZADO;0
P00251;202742;AT000401;2102;U02;2026-08-13T09:55;exame;DIRETO;7000_2;1;7000002|7000004|7000009;;com contraste;N;2026-11-11;;;0;;TC TAP + ana (hgm, bioq c/ creat, CEA, CA19.9). CE rev em 4 sem c/ exames.;0.96;1;U03;2026-08-13T12:11;;;;2026-08-13T12:19;AT000414;REALIZADO;0
P00252;202742;AT000401;2102;U02;2026-08-13T09:55;consulta;DIRETO;2102;22;;;;N;2026-09-17;2026-09-03;U02;1;;TC TAP + ana (hgm, bioq c/ creat, CEA, CA19.9). CE rev em 4 sem c/ exames.;0.83;1;U03;2026-08-13T12:11;;;;2026-08-13T12:12;AT000415;REALIZADO;0
P00253;348625;AT000402;2102;U02;2026-08-13T10:05;tratamento;DIRETO;9602;3;65270;;;MP;2026-08-20;;;0;4 semanas;Manut. CVC 4/4 sem no enf.;0.94;1;U03;2026-08-13T10:22;;;;2026-08-13T10:25;AT000416;REALIZADO;0
P00254;561615;AT000403;2102;U02;2026-08-13T10:35;analises;DIRETO;6100;4;;A001|A004;;N;2026-09-27;;;0;;Colheita s/ jejum (hemog, CEA). Rev 1/12.;0.94;1;U03;2026-08-13T10:41;;;;2026-08-13T10:57;AT000417;MARCADO;0
P00255;561615;AT000403;2102;U02;2026-08-13T10:35;consulta;DIRETO;2102;23;;;;N;2026-09-17;2026-09-03;U02;1;;Colheita s/ jejum (hemog, CEA). Rev 1/12.;0.86;1;U03;2026-08-13T10:41;;;;2026-08-13T10:59;AT000418;MARCADO;0
P00256;811097;AT000404;2102;U02;2026-08-13T10:55;pedido_hd;TRIAGEM;9610;1;9610001;;QT adjuvante;N;2026-10-12;;;0;;Iniciar CAPOX em HD. Ana na véspera.;0.87;1;U03;2026-08-13T11:56;U10;2026-08-17T12:37;ACEITE;2026-08-17T12:44;AT000419;REALIZADO;0
P00257;811097;AT000404;2102;U02;2026-08-17T12:44;analises;DIRETO;6100;4;;A001|A002;pré-QT (regra R2);N;2026-10-01;;;0;;[criado pela regra R2];1.0;1;SISTEMA;2026-08-17T12:44;;;;2026-08-17T12:44;AT000420;REALIZADO;0
P00258;565841;AT000405;2102;U02;2026-08-13T11:05;analises;DIRETO;6100;4;;A001|A004;;N;2026-09-27;;;0;;Análises (hemograma, CEA) e cons. de revisão num mês.;0.86;1;U03;2026-08-13T12:41;;;;2026-08-13T12:54;AT000421;REALIZADO;0
P00259;565841;AT000405;2102;U02;2026-08-13T11:05;consulta;DIRETO;2102;22;;;;N;2026-09-17;2026-09-03;U02;1;;Análises (hemograma, CEA) e cons. de revisão num mês.;0.88;1;U03;2026-08-13T12:41;;;;2026-08-13T12:58;AT000422;REALIZADO;0
P00260;439667;AT000406;2102;U02;2026-08-13T11:35;pedido_consulta;TRIAGEM;1300;1;;;;P;2026-10-12;;;0;;Referenciar a Oncologia Médica.;0.87;1;U03;2026-08-13T12:04;U04;2026-08-17T05:50;ACEITE;2026-08-17T06:01;AT000424;REALIZADO;1
P00261;865807;AT000407;2102;U02;2026-08-13T11:45;tratamento;DIRETO;9602;3;65270;;;N;2026-09-27;;;0;4 semanas;Manut. CVC 4/4 sem no enf.;0.87;1;U03;2026-08-13T12:22;;;;2026-08-13T12:36;AT000425;REALIZADO;0
P00262;633580;AT000426;2102;U01;2026-08-14T08:45;analises;DIRETO;6100;9;;A001|A002|A003|A004|A005;;N;2026-09-28;;;0;;Ped. TAC TAP c/ ctr e análises c/ marcadores. Reavaliação c/ resultados dentro de 1 mês.;0.86;1;U03;2026-08-14T11:07;;;;2026-08-14T11:26;AT000436;REALIZADO;0
P00263;633580;AT000426;2102;U01;2026-08-14T08:45;exame;DIRETO;7000_2;1;7000002|7000004|7000009;;com contraste;N;2026-11-12;;;0;;Ped. TAC TAP c/ ctr e análises c/ marcadores. Reavaliação c/ resultados dentro de 1 mês.;0.95;1;U03;2026-08-14T11:07;;;;2026-08-14T11:13;AT000437;REALIZADO;0
P00264;633580;AT000426;2102;U01;2026-08-14T08:45;consulta;DIRETO;2102;22;;;;N;2026-09-18;2026-09-04;U01;1;;Ped. TAC TAP c/ ctr e análises c/ marcadores. Reavaliação c/ resultados dentro de 1 mês.;0.87;1;U03;2026-08-14T11:07;;;;2026-08-14T11:11;AT000438;REALIZADO;0
P00265;441175;AT000427;2102;U01;2026-08-14T09:15;tratamento;DIRETO;9602;3;65270;;;P;2026-08-29;;;0;4 semanas;Heparinização do CVC mensal (enfermagem).;0.96;1;U03;2026-08-14T10:25;;;;2026-08-14T10:26;AT000439;REALIZADO;0
P00266;886282;AT000428;2102;U01;2026-08-14T09:35;analises;DIRETO;6100;4;;A001|A004;;N;2026-09-28;;;0;;Colheita s/ jejum (hemog, CEA). Rev 1/12.;0.97;1;U03;2026-08-14T10:09;;;;2026-08-14T10:25;AT000440;REALIZADO;0
P00267;886282;AT000428;2102;U01;2026-08-14T09:35;consulta;DIRETO;2102;23;;;;N;2026-09-18;2026-09-04;U01;1;;Colheita s/ jejum (hemog, CEA). Rev 1/12.;0.84;1;U03;2026-08-14T10:09;;;;2026-08-14T10:22;AT000441;REALIZADO;0
P00268;441944;AT000429;2102;U01;2026-08-14T09:55;analises;DIRETO;6100;4;;A001|A004;;P;2026-08-29;;;0;;Análises (hemograma, CEA) e cons. de revisão num mês.;0.94;1;U03;2026-08-14T12:11;;;;2026-08-14T12:20;AT000442;REALIZADO;0
P00269;441944;AT000429;2102;U01;2026-08-14T09:55;consulta;DIRETO;2102;22;;;;P;2026-09-18;2026-09-04;U01;1;;Análises (hemograma, CEA) e cons. de revisão num mês.;0.92;1;U03;2026-08-14T12:11;;;;2026-08-14T12:13;AT000443;REALIZADO;0
P00270;644339;AT000431;2102;U01;2026-08-14T10:35;analises;DIRETO;6100;9;;A001|A002|A003|A004|A005;;N;2026-09-28;;;0;;TC TAP + ana (hgm, bioq c/ creat, CEA, CA19.9). CE rev em 4 sem c/ exames.;0.88;1;U03;2026-08-14T11:00;;;;2026-08-14T11:10;AT000444;REALIZADO;0
P00271;644339;AT000431;2102;U01;2026-08-14T10:35;exame;DIRETO;7000_2;1;7000002|7000004|7000009;;com contraste;N;2026-11-12;;;0;;TC TAP + ana (hgm, bioq c/ creat, CEA, CA19.9). CE rev em 4 sem c/ exames.;0.99;0;U03;2026-08-14T11:00;;;;2026-08-14T11:13;AT000445;REALIZADO;0
P00272;644339;AT000431;2102;U01;2026-08-14T10:35;consulta;DIRETO;2102;23;;;;N;2026-09-18;2026-09-04;U01;1;;TC TAP + ana (hgm, bioq c/ creat, CEA, CA19.9). CE rev em 4 sem c/ exames.;0.93;1;U03;2026-08-14T11:00;;;;2026-08-14T11:11;AT000446;REALIZADO;0
P00273;325559;AT000432;2102;U01;2026-08-14T10:55;analises;DIRETO;6100;9;;A001|A002|A003|A004|A005;;MP;2026-08-21;;;0;;Ped. TAC TAP c/ ctr e análises c/ marcadores. Reavaliação c/ resultados dentro de 1 mês.;0.87;1;U03;2026-08-14T11:11;;;;2026-08-14T11:14;AT000447;REALIZADO;0
P00274;325559;AT000432;2102;U01;2026-08-14T10:55;exame;DIRETO;7000_2;1;7000002|7000004|7000009;;com contraste;MP;2026-08-29;;;0;;Ped. TAC TAP c/ ctr e análises c/ marcadores. Reavaliação c/ resultados dentro de 1 mês.;0.91;1;U03;2026-08-14T11:11;;;;2026-08-14T11:17;AT000448;REALIZADO;0
P00275;325559;AT000432;2102;U01;2026-08-14T10:55;consulta;DIRETO;2102;23;;;;MP;2026-09-18;2026-09-04;U01;1;;Ped. TAC TAP c/ ctr e análises c/ marcadores. Reavaliação c/ resultados dentro de 1 mês.;0.96;1;U03;2026-08-14T11:11;;;;2026-08-14T11:15;AT000449;REALIZADO;0
P00276;793842;AT000433;2102;U01;2026-08-14T11:15;exame;DIRETO;7000_3;1;7100010;;;P;2026-09-13;;;0;;"Ecografia abdominal; reavaliação após exame.";0.98;1;U03;2026-08-14T12:18;;;;2026-08-14T12:31;AT000450;REALIZADO;0
P00277;793842;AT000433;2102;U01;2026-08-14T11:15;consulta;DIRETO;2102;23;;;;P;2026-09-18;2026-09-04;U01;1;;"Ecografia abdominal; reavaliação após exame.";0.87;1;U03;2026-08-14T12:18;;;;2026-08-14T12:33;AT000451;REALIZADO;0
P00278;296723;AT000434;2102;U01;2026-08-14T11:25;analises;DIRETO;6100;9;;A001|A002|A003|A004|A005;;P;2026-08-29;;;0;;TC TAP c/ contraste + colheita c/ jejum (hemog, bioq, CEA, CA 19.9). Rev c/ exames 1/12 comigo.;0.92;1;U03;2026-08-14T13:02;;;;2026-08-14T13:06;AT000452;REALIZADO;0
P00279;296723;AT000434;2102;U01;2026-08-14T11:25;exame;DIRETO;7000_2;1;7000002|7000004|7000009;;com contraste;P;2026-09-13;;;0;;TC TAP c/ contraste + colheita c/ jejum (hemog, bioq, CEA, CA 19.9). Rev c/ exames 1/12 comigo.;0.85;1;U03;2026-08-14T13:02;;;;2026-08-14T13:12;AT000453;REALIZADO;0
P00280;296723;AT000434;2102;U01;2026-08-14T11:25;consulta;DIRETO;2102;22;;;;P;2026-09-18;2026-09-04;U01;1;;TC TAP c/ contraste + colheita c/ jejum (hemog, bioq, CEA, CA 19.9). Rev c/ exames 1/12 comigo.;0.85;1;U03;2026-08-14T13:02;;;;2026-08-14T13:06;AT000454;MARCADO;0
P00281;870230;AT000034;2102;U01;2026-08-17T08:55;analises;DIRETO;6100;9;;A001|A002|A003|A004|A005;;N;2026-10-01;;;0;;Ped. TAC TAP c/ ctr e análises c/ marcadores. Reavaliação c/ resultados dentro de 1 mês.;0.86;1;U03;2026-08-17T10:46;;;;2026-08-17T11:04;AT000460;MARCADO;0
P00282;870230;AT000034;2102;U01;2026-08-17T08:55;exame;DIRETO;7000_2;1;7000002|7000004|7000009;;com contraste;N;2026-11-15;;;0;;Ped. TAC TAP c/ ctr e análises c/ marcadores. Reavaliação c/ resultados dentro de 1 mês.;0.86;1;U03;2026-08-17T10:46;;;;2026-08-17T10:50;AT000461;MARCADO;0
P00283;870230;AT000034;2102;U01;2026-08-17T08:55;consulta;DIRETO;2102;23;;;;N;2026-09-21;2026-09-07;U01;1;;Ped. TAC TAP c/ ctr e análises c/ marcadores. Reavaliação c/ resultados dentro de 1 mês.;0.96;1;U03;2026-08-17T10:46;;;;2026-08-17T11:05;AT000462;MARCADO;0
P00284;612214;AT000031;2102;U01;2026-08-17T09:15;tratamento;DIRETO;9602;3;65270;;;N;2026-10-01;;;0;4 semanas;Manut. CVC 4/4 sem no enf.;0.87;1;U03;2026-08-17T11:11;;;;2026-08-17T11:20;AT000463;REALIZADO;0
P00285;477617;AT000036;2102;U01;2026-08-17T09:35;analises;DIRETO;6100;9;;A001|A002|A003|A004|A005;;N;2026-10-01;;;0;;TC TAP c/ contraste + colheita c/ jejum (hemog, bioq, CEA, CA 19.9). Rev c/ exames 1/12 comigo.;0.87;1;U03;2026-08-17T11:14;;;;2026-08-17T11:31;AT000464;REALIZADO;0
P00286;477617;AT000036;2102;U01;2026-08-17T09:35;exame;DIRETO;7000_2;1;7000002|7000004|7000009;;com contraste;N;2026-11-15;;;0;;TC TAP c/ contraste + colheita c/ jejum (hemog, bioq, CEA, CA 19.9). Rev c/ exames 1/12 comigo.;0.96;1;U03;2026-08-17T11:14;;;;2026-08-17T11:29;AT000465;REALIZADO;0
P00287;477617;AT000036;2102;U01;2026-08-17T09:35;consulta;DIRETO;2102;22;;;;N;2026-09-21;2026-09-07;U01;1;;TC TAP c/ contraste + colheita c/ jejum (hemog, bioq, CEA, CA 19.9). Rev c/ exames 1/12 comigo.;0.87;1;U03;2026-08-17T11:14;;;;2026-08-17T11:32;AT000466;REALIZADO;0
P00288;556284;AT000043;2102;U01;2026-08-17T10:15;analises;DIRETO;6100;9;;A001|A002|A003|A004|A005;;N;2026-10-01;;;0;;TC TAP + ana (hgm, bioq c/ creat, CEA, CA19.9). CE rev em 4 sem c/ exames.;0.92;1;U03;2026-08-17T11:26;;;;2026-08-17T11:30;AT000467;REALIZADO;0
P00289;556284;AT000043;2102;U01;2026-08-17T10:15;exame;DIRETO;7000_2;1;7000002|7000004|7000009;;com contraste;N;2026-11-15;;;0;;TC TAP + ana (hgm, bioq c/ creat, CEA, CA19.9). CE rev em 4 sem c/ exames.;0.85;1;U03;2026-08-17T11:26;;;;2026-08-17T11:33;AT000468;REALIZADO;0
P00290;556284;AT000043;2102;U01;2026-08-17T10:15;consulta;DIRETO;2102;22;;;;N;2026-09-21;2026-09-07;U01;1;;TC TAP + ana (hgm, bioq c/ creat, CEA, CA19.9). CE rev em 4 sem c/ exames.;0.9;1;U03;2026-08-17T11:26;;;;2026-08-17T11:44;AT000469;REALIZADO;0
P00291;625682;AT000455;2102;U01;2026-08-17T10:35;analises;DIRETO;6100;4;;A001|A004;;N;2026-10-01;;;0;;Análises (hemograma, CEA) e cons. de revisão num mês.;0.98;1;U03;2026-08-17T11:28;;;;2026-08-17T11:43;AT000470;REALIZADO;0
P00292;625682;AT000455;2102;U01;2026-08-17T10:35;consulta;DIRETO;2102;22;;;;N;2026-09-21;2026-09-07;U01;1;;Análises (hemograma, CEA) e cons. de revisão num mês.;0.98;1;U03;2026-08-17T11:28;;;;2026-08-17T11:34;AT000471;REALIZADO;0
P00293;896425;AT000456;2102;U01;2026-08-17T10:55;analises;DIRETO;6100;9;;A001|A002|A003|A004|A005;;N;2026-10-01;;;0;;TC TAP + ana (hgm, bioq c/ creat, CEA, CA19.9). CE rev em 4 sem c/ exames.;0.88;1;U03;2026-08-17T12:19;;;;2026-08-17T12:25;AT000472;REALIZADO;0
P00294;896425;AT000456;2102;U01;2026-08-17T10:55;exame;DIRETO;7000_2;1;7000002|7000004|7000009;;com contraste;N;2026-11-15;;;0;;TC TAP + ana (hgm, bioq c/ creat, CEA, CA19.9). CE rev em 4 sem c/ exames.;0.96;1;U03;2026-08-17T12:19;;;;2026-08-17T12:23;AT000473;REALIZADO;0
P00295;896425;AT000456;2102;U01;2026-08-17T10:55;consulta;DIRETO;2102;23;;;;N;2026-09-21;2026-09-07;U01;1;;TC TAP + ana (hgm, bioq c/ creat, CEA, CA19.9). CE rev em 4 sem c/ exames.;0.96;1;U03;2026-08-17T12:19;;;;2026-08-17T12:30;AT000474;REALIZADO;0
P00296;611423;AT000457;2102;U01;2026-08-17T11:15;analises;DIRETO;6100;9;;A001|A002|A003|A004|A005;;P;2026-09-01;;;0;;TC TAP c/ contraste + colheita c/ jejum (hemog, bioq, CEA, CA 19.9). Rev c/ exames 1/12 comigo.;0.88;0;U03;2026-08-17T13:11;;;;2026-08-17T13:28;AT000475;REALIZADO;0
P00297;611423;AT000457;2102;U01;2026-08-17T11:15;exame;DIRETO;7000_2;1;7000002|7000004|7000009;;com contraste;P;2026-09-16;;;0;;TC TAP c/ contraste + colheita c/ jejum (hemog, bioq, CEA, CA 19.9). Rev c/ exames 1/12 comigo.;0.95;0;U03;2026-08-17T13:11;;;;2026-08-17T13:30;AT000476;REALIZADO;0
P00298;611423;AT000457;2102;U01;2026-08-17T11:15;consulta;DIRETO;2102;22;;;;P;2026-09-21;2026-09-07;U01;1;;TC TAP c/ contraste + colheita c/ jejum (hemog, bioq, CEA, CA 19.9). Rev c/ exames 1/12 comigo.;0.89;0;U03;2026-08-17T13:11;;;;2026-08-17T13:12;AT000477;REALIZADO;0
P00299;846944;AT000458;2102;U01;2026-08-17T11:35;tratamento;DIRETO;9602;3;65270;;;N;2026-10-01;;;0;4 semanas;Manut. CVC 4/4 sem no enf.;0.97;1;U03;2026-08-17T13:22;;;;2026-08-17T13:28;AT000478;REALIZADO;0
P00300;620051;AT000059;2102;U02;2026-08-18T08:55;analises;DIRETO;6100;9;;A001|A002|A003|A004|A005;;N;2026-10-02;;;0;;TC TAP + ana (hgm, bioq c/ creat, CEA, CA19.9). CE rev em 4 sem c/ exames.;0.87;0;U03;2026-08-18T10:06;;;;2026-08-18T10:11;AT000484;REALIZADO;0
P00301;620051;AT000059;2102;U02;2026-08-18T08:55;exame;DIRETO;7000_2;1;7000002|7000004|7000009;;com contraste;N;2026-11-16;;;0;;TC TAP + ana (hgm, bioq c/ creat, CEA, CA19.9). CE rev em 4 sem c/ exames.;0.9;0;U03;2026-08-18T10:06;;;;2026-08-18T10:17;AT000485;REALIZADO;0
P00302;620051;AT000059;2102;U02;2026-08-18T08:55;consulta;DIRETO;2102;22;;;;N;2026-09-22;2026-09-08;U02;1;;TC TAP + ana (hgm, bioq c/ creat, CEA, CA19.9). CE rev em 4 sem c/ exames.;0.98;1;U03;2026-08-18T10:06;;;;2026-08-18T10:12;AT000486;REALIZADO;0
P00303;418670;AT000067;2102;U02;2026-08-18T09:15;analises;DIRETO;6100;4;;A001|A004;;MP;2026-08-25;;;0;;Análises (hemograma, CEA) e cons. de revisão num mês.;0.91;1;U03;2026-08-18T11:23;;;;2026-08-18T11:25;AT000487;REALIZADO;0
P00304;418670;AT000067;2102;U02;2026-08-18T09:15;consulta;DIRETO;2102;22;;;;MP;2026-09-22;2026-09-08;U02;1;;Análises (hemograma, CEA) e cons. de revisão num mês.;0.83;1;U03;2026-08-18T11:23;;;;2026-08-18T11:36;AT000488;REALIZADO;0
P00305;884796;AT000074;2102;U02;2026-08-18T09:35;analises;DIRETO;6100;9;;A001|A002|A003|A004|A005;;MP;2026-08-25;;;0;;TC TAP c/ contraste + colheita c/ jejum (hemog, bioq, CEA, CA 19.9). Rev c/ exames 1/12 comigo.;0.86;1;U03;2026-08-18T11:30;;;;2026-08-18T11:46;AT000489;REALIZADO;0
P00306;884796;AT000074;2102;U02;2026-08-18T09:35;exame;DIRETO;7000_2;1;7000002|7000004|7000009;;com contraste;MP;2026-09-02;;;0;;TC TAP c/ contraste + colheita c/ jejum (hemog, bioq, CEA, CA 19.9). Rev c/ exames 1/12 comigo.;0.99;1;U03;2026-08-18T11:30;;;;2026-08-18T11:49;AT000490;REALIZADO;0
P00307;884796;AT000074;2102;U02;2026-08-18T09:35;consulta;DIRETO;2102;23;;;;MP;2026-09-22;2026-09-08;U02;1;;TC TAP c/ contraste + colheita c/ jejum (hemog, bioq, CEA, CA 19.9). Rev c/ exames 1/12 comigo.;0.82;1;U03;2026-08-18T11:30;;;;2026-08-18T11:33;AT000491;REALIZADO;0
P00308;288586;AT000070;2102;U02;2026-08-18T09:55;analises;DIRETO;6100;9;;A001|A002|A003|A004|A005;;MP;2026-08-25;;;0;;TC TAP + ana (hgm, bioq c/ creat, CEA, CA19.9). CE rev em 4 sem c/ exames.;0.89;1;U03;2026-08-18T12:07;;;;2026-08-18T12:17;AT000492;REALIZADO;0
P00309;288586;AT000070;2102;U02;2026-08-18T09:55;exame;DIRETO;7000_2;1;7000002|7000004|7000009;;com contraste;MP;2026-09-02;;;0;;TC TAP + ana (hgm, bioq c/ creat, CEA, CA19.9). CE rev em 4 sem c/ exames.;0.91;1;U03;2026-08-18T12:07;;;;2026-08-18T12:08;AT000493;REALIZADO;0
P00310;288586;AT000070;2102;U02;2026-08-18T09:55;consulta;DIRETO;2102;22;;;;MP;2026-09-22;2026-09-08;U02;1;;TC TAP + ana (hgm, bioq c/ creat, CEA, CA19.9). CE rev em 4 sem c/ exames.;0.82;1;U03;2026-08-18T12:07;;;;2026-08-18T12:20;AT000494;REALIZADO;0
P00311;777306;AT000479;2102;U02;2026-08-18T10:35;analises;DIRETO;6100;9;;A001|A002|A003|A004|A005;;P;2026-09-02;;;0;;Ped. TAC TAP c/ ctr e análises c/ marcadores. Reavaliação c/ resultados dentro de 1 mês.;0.98;1;U03;2026-08-18T13:05;;;;2026-08-18T13:24;AT000495;REALIZADO;0
P00312;777306;AT000479;2102;U02;2026-08-18T10:35;exame;DIRETO;7000_2;1;7000002|7000004|7000009;;com contraste;P;2026-09-17;;;0;;Ped. TAC TAP c/ ctr e análises c/ marcadores. Reavaliação c/ resultados dentro de 1 mês.;0.92;1;U03;2026-08-18T13:05;;;;2026-08-18T13:23;AT000496;REALIZADO;0
P00313;777306;AT000479;2102;U02;2026-08-18T10:35;consulta;DIRETO;2102;22;;;;P;2026-09-22;2026-09-08;U02;1;;Ped. TAC TAP c/ ctr e análises c/ marcadores. Reavaliação c/ resultados dentro de 1 mês.;0.99;1;U03;2026-08-18T13:05;;;;2026-08-18T13:07;AT000497;MARCADO;0
P00314;891288;AT000480;2102;U02;2026-08-18T10:55;analises;DIRETO;6100;9;;A001|A002|A003|A004|A005;;N;2026-10-02;;;0;;TC TAP c/ contraste + colheita c/ jejum (hemog, bioq, CEA, CA 19.9). Rev c/ exames 1/12 comigo.;0.94;1;U03;2026-08-18T12:07;;;;2026-08-18T12:18;AT000498;REALIZADO;0
P00315;891288;AT000480;2102;U02;2026-08-18T10:55;exame;DIRETO;7000_2;1;7000002|7000004|7000009;;com contraste;N;2026-11-16;;;0;;TC TAP c/ contraste + colheita c/ jejum (hemog, bioq, CEA, CA 19.9). Rev c/ exames 1/12 comigo.;0.96;1;U03;2026-08-18T12:07;;;;2026-08-18T12:11;AT000499;REALIZADO;0
P00316;891288;AT000480;2102;U02;2026-08-18T10:55;consulta;DIRETO;2102;23;;;;N;2026-09-22;2026-09-08;U02;1;;TC TAP c/ contraste + colheita c/ jejum (hemog, bioq, CEA, CA 19.9). Rev c/ exames 1/12 comigo.;0.95;1;U03;2026-08-18T12:07;;;;2026-08-18T12:22;AT000500;REALIZADO;0
P00317;258061;AT000481;2102;U02;2026-08-18T11:15;pedido_hd;TRIAGEM;9610;1;9610001;;QT adjuvante;N;2026-10-17;;;0;;Iniciar CAPOX em HD. Ana na véspera.;0.83;1;U03;2026-08-18T12:29;U10;2026-08-19T08:09;ACEITE;2026-08-19T08:12;AT000501;REALIZADO;0
P00318;258061;AT000481;2102;U02;2026-08-19T08:12;analises;DIRETO;6100;4;;A001|A002;pré-QT (regra R2);N;2026-10-03;;;0;;[criado pela regra R2];1.0;1;SISTEMA;2026-08-19T08:12;;;;2026-08-19T08:12;AT000502;REALIZADO;0
P00319;642765;AT000483;2102;U02;2026-08-18T11:55;analises;DIRETO;6100;9;;A001|A002|A003|A004|A005;;N;2026-10-02;;;0;;TC TAP + ana (hgm, bioq c/ creat, CEA, CA19.9). CE rev em 4 sem c/ exames.;0.95;0;U03;2026-08-18T13:57;;;;2026-08-18T14:01;AT000503;MARCADO;0
P00320;642765;AT000483;2102;U02;2026-08-18T11:55;exame;DIRETO;7000_2;1;7000002|7000004|7000009;;com contraste;N;2026-11-16;;;0;;TC TAP + ana (hgm, bioq c/ creat, CEA, CA19.9). CE rev em 4 sem c/ exames.;0.86;1;U03;2026-08-18T13:57;;;;2026-08-18T14:14;AT000504;MARCADO;0
P00321;642765;AT000483;2102;U02;2026-08-18T11:55;consulta;DIRETO;2102;22;;;;N;2026-09-22;2026-09-08;U02;1;;TC TAP + ana (hgm, bioq c/ creat, CEA, CA19.9). CE rev em 4 sem c/ exames.;0.96;0;U03;2026-08-18T13:57;;;;2026-08-18T14:02;AT000505;MARCADO;0
P00322;762685;AT000101;2102;U01;2026-08-19T08:55;analises;DIRETO;6100;9;;A001|A002|A003|A004|A005;;P;2026-09-03;;;0;;TC TAP c/ contraste + colheita c/ jejum (hemog, bioq, CEA, CA 19.9). Rev c/ exames 1/12 comigo.;0.95;1;U03;2026-08-19T10:22;;;;2026-08-19T10:37;AT000512;REALIZADO;0
P00323;762685;AT000101;2102;U01;2026-08-19T08:55;exame;DIRETO;7000_2;1;7000002|7000004|7000009;;com contraste;P;2026-09-18;;;0;;TC TAP c/ contraste + colheita c/ jejum (hemog, bioq, CEA, CA 19.9). Rev c/ exames 1/12 comigo.;0.98;1;U03;2026-08-19T10:22;;;;2026-08-19T10:25;AT000514;REALIZADO;1
P00324;762685;AT000101;2102;U01;2026-08-19T08:55;consulta;DIRETO;2102;23;;;;P;2026-09-23;2026-09-09;U01;1;;TC TAP c/ contraste + colheita c/ jejum (hemog, bioq, CEA, CA 19.9). Rev c/ exames 1/12 comigo.;0.94;1;U03;2026-08-19T10:22;;;;2026-08-19T10:24;AT000515;REALIZADO;1
P00325;743432;AT000105;2102;U01;2026-08-19T09:15;analises;DIRETO;6100;4;;A001|A004;;MP;2026-08-26;;;0;;Análises (hemograma, CEA) e cons. de revisão num mês.;0.94;1;U03;2026-08-19T10:21;;;;2026-08-19T10:26;AT000516;REALIZADO;0
P00326;743432;AT000105;2102;U01;2026-08-19T09:15;consulta;DIRETO;2102;22;;;;MP;2026-09-23;2026-09-09;U01;1;;Análises (hemograma, CEA) e cons. de revisão num mês.;0.95;1;U03;2026-08-19T10:21;;;;2026-08-19T10:25;AT000517;REALIZADO;0
P00327;620051;AT000107;2102;U01;2026-08-19T09:35;analises;DIRETO;6100;9;;A001|A002|A003|A004|A005;;N;2026-10-03;;;0;;Ped. TAC TAP c/ ctr e análises c/ marcadores. Reavaliação c/ resultados dentro de 1 mês.;0.88;1;U03;2026-08-19T11:43;;;;2026-08-19T11:57;AT000518;REALIZADO;0
P00328;620051;AT000107;2102;U01;2026-08-19T09:35;exame;DIRETO;7000_2;1;7000002|7000004|7000009;;com contraste;N;2026-11-17;;;0;;Ped. TAC TAP c/ ctr e análises c/ marcadores. Reavaliação c/ resultados dentro de 1 mês.;0.98;1;U03;2026-08-19T11:43;;;;2026-08-19T11:49;AT000519;REALIZADO;0
P00329;620051;AT000107;2102;U01;2026-08-19T09:35;consulta;DIRETO;2102;23;;;;N;2026-09-23;2026-09-09;U01;1;;Ped. TAC TAP c/ ctr e análises c/ marcadores. Reavaliação c/ resultados dentro de 1 mês.;0.98;1;U03;2026-08-19T11:43;;;;2026-08-19T11:54;AT000520;REALIZADO;0
P00330;238622;AT000506;2102;U01;2026-08-19T10:05;pedido_consulta;TRIAGEM;1300;1;;;;N;2026-12-17;;;0;;Referenciar a Oncologia Médica.;0.91;1;U03;2026-08-19T11:28;U04;2026-08-21T05:45;ACEITE;2026-08-21T06:04;AT000521;REALIZADO;0
P00331;441175;AT000507;2102;U01;2026-08-19T10:25;analises;DIRETO;6100;9;;A001|A002|A003|A004|A005;;N;2026-10-03;;;0;;Ped. TAC TAP c/ ctr e análises c/ marcadores. Reavaliação c/ resultados dentro de 1 mês.;0.94;1;U03;2026-08-19T10:34;;;;2026-08-19T10:41;AT000523;REALIZADO;1
P00332;441175;AT000507;2102;U01;2026-08-19T10:25;exame;DIRETO;7000_2;1;7000002|7000004|7000009;;com contraste;N;2026-11-17;;;0;;Ped. TAC TAP c/ ctr e análises c/ marcadores. Reavaliação c/ resultados dentro de 1 mês.;0.96;1;U03;2026-08-19T10:34;;;;2026-08-19T10:37;AT000524;REALIZADO;0
P00333;441175;AT000507;2102;U01;2026-08-19T10:25;consulta;DIRETO;2102;22;;;;N;2026-09-23;2026-09-09;U01;1;;Ped. TAC TAP c/ ctr e análises c/ marcadores. Reavaliação c/ resultados dentro de 1 mês.;0.87;1;U03;2026-08-19T10:34;;;;2026-08-19T10:48;AT000525;REALIZADO;1
P00334;578520;AT000508;2102;U01;2026-08-19T10:55;pedido_consulta;TRIAGEM;1300;1;;;;N;2026-12-17;;;0;;Ped. cons. Onco Médica p/ discussão de QT adjuvante.;0.86;1;U03;2026-08-19T12:39;U04;2026-08-21T09:46;ACEITE;2026-08-21T10:00;AT000526;REALIZADO;0
P00335;212455;AT000510;2102;U01;2026-08-19T11:35;analises;DIRETO;6100;9;;A001|A002|A003|A004|A005;;N;2026-10-03;;;0;;Ped. TAC TAP c/ ctr e análises c/ marcadores. Reavaliação c/ resultados dentro de 1 mês.;0.86;1;U03;2026-08-19T13:29;;;;2026-08-19T13:48;AT000527;REALIZADO;0
P00336;212455;AT000510;2102;U01;2026-08-19T11:35;exame;DIRETO;7000_2;1;7000002|7000004|7000009;;com contraste;N;2026-11-17;;;0;;Ped. TAC TAP c/ ctr e análises c/ marcadores. Reavaliação c/ resultados dentro de 1 mês.;0.87;1;U03;2026-08-19T13:29;;;;2026-08-19T13:39;AT000528;REALIZADO;0
P00337;212455;AT000510;2102;U01;2026-08-19T11:35;consulta;DIRETO;2102;22;;;;N;2026-09-23;2026-09-09;U01;1;;Ped. TAC TAP c/ ctr e análises c/ marcadores. Reavaliação c/ resultados dentro de 1 mês.;0.9;1;U03;2026-08-19T13:29;;;;2026-08-19T13:44;AT000529;REALIZADO;0
P00338;836752;AT000511;2102;U01;2026-08-19T11:55;analises;DIRETO;6100;9;;A001|A002|A003|A004|A005;;N;2026-10-03;;;0;;TC TAP + ana (hgm, bioq c/ creat, CEA, CA19.9). CE rev em 4 sem c/ exames.;0.84;1;U03;2026-08-19T12:53;;;;2026-08-19T12:58;AT000530;REALIZADO;0
P00339;836752;AT000511;2102;U01;2026-08-19T11:55;exame;DIRETO;7000_2;1;7000002|7000004|7000009;;com contraste;N;2026-11-17;;;0;;TC TAP + ana (hgm, bioq c/ creat, CEA, CA19.9). CE rev em 4 sem c/ exames.;0.85;1;U03;2026-08-19T12:53;;;;2026-08-19T13:09;AT000531;REALIZADO;0
P00340;836752;AT000511;2102;U01;2026-08-19T11:55;consulta;DIRETO;2102;22;;;;N;2026-09-23;2026-09-09;U01;1;;TC TAP + ana (hgm, bioq c/ creat, CEA, CA19.9). CE rev em 4 sem c/ exames.;0.91;1;U03;2026-08-19T12:53;;;;2026-08-19T13:05;AT000532;REALIZADO;0
P00341;432007;AT000121;2102;U02;2026-08-20T09:15;analises;DIRETO;6100;4;;A001|A004;;MP;2026-08-27;;;0;;Análises (hemograma, CEA) e cons. de revisão num mês.;0.87;1;U03;2026-08-20T11:10;;;;2026-08-20T11:22;AT000541;REALIZADO;0
P00342;432007;AT000121;2102;U02;2026-08-20T09:15;consulta;DIRETO;2102;22;;;;MP;2026-09-24;2026-09-10;U02;1;;Análises (hemograma, CEA) e cons. de revisão num mês.;0.86;1;U03;2026-08-20T11:10;;;;2026-08-20T11:23;AT000542;REALIZADO;0
P00343;510106;AT000535;2102;U02;2026-08-20T10:15;pedido_consulta;TRIAGEM;1300;1;;;;N;2026-12-18;;;0;;Referenciar a Oncologia Médica.;0.86;1;U03;2026-08-20T11:40;U04;2026-08-24T07:14;ACEITE;2026-08-24T07:21;AT000543;REALIZADO;0
P00344;290321;AT000536;2102;U02;2026-08-20T10:25;pedido_consulta;TRIAGEM;1300;1;;;;P;2026-10-19;;;0;;Referenciar a Oncologia Médica.;0.96;1;U03;2026-08-20T11:05;U04;2026-08-24T03:18;ACEITE;2026-08-24T03:25;AT000544;REALIZADO;0
P00345;685659;AT000537;2102;U02;2026-08-20T10:55;analises;DIRETO;6100;9;;A001|A002|A003|A004|A005;;P;2026-09-04;;;0;;TC TAP + ana (hgm, bioq c/ creat, CEA, CA19.9). CE rev em 4 sem c/ exames.;0.84;0;U03;2026-08-20T11:49;;;;2026-08-20T12:04;AT000545;REALIZADO;0
P00346;685659;AT000537;2102;U02;2026-08-20T10:55;exame;DIRETO;7000_2;1;7000002|7000004|7000009;;com contraste;P;2026-09-19;;;0;;TC TAP + ana (hgm, bioq c/ creat, CEA, CA19.9). CE rev em 4 sem c/ exames.;0.84;1;U03;2026-08-20T11:49;;;;2026-08-20T12:07;AT000546;REALIZADO;0
P00347;685659;AT000537;2102;U02;2026-08-20T10:55;consulta;DIRETO;2102;23;;;;P;2026-09-24;2026-09-10;U02;1;;TC TAP + ana (hgm, bioq c/ creat, CEA, CA19.9). CE rev em 4 sem c/ exames.;0.85;0;U03;2026-08-20T11:49;;;;2026-08-20T11:57;AT000547;REALIZADO;0
P00348;271122;AT000538;2102;U02;2026-08-20T11:15;analises;DIRETO;6100;9;;A001|A002|A003|A004|A005;;P;2026-09-04;;;0;;TC TAP + ana (hgm, bioq c/ creat, CEA, CA19.9). CE rev em 4 sem c/ exames.;0.96;0;U03;2026-08-20T11:26;;;;2026-08-20T11:40;AT000548;REALIZADO;0
P00349;271122;AT000538;2102;U02;2026-08-20T11:15;exame;DIRETO;7000_2;1;7000002|7000004|7000009;;com contraste;P;2026-09-19;;;0;;TC TAP + ana (hgm, bioq c/ creat, CEA, CA19.9). CE rev em 4 sem c/ exames.;0.91;1;U03;2026-08-20T11:26;;;;2026-08-20T11:43;AT000549;REALIZADO;0
P00350;271122;AT000538;2102;U02;2026-08-20T11:15;consulta;DIRETO;2102;22;;;;P;2026-09-24;2026-09-10;U02;1;;TC TAP + ana (hgm, bioq c/ creat, CEA, CA19.9). CE rev em 4 sem c/ exames.;0.84;0;U03;2026-08-20T11:26;;;;2026-08-20T11:46;AT000550;REALIZADO;0
P00351;469500;AT000539;2102;U02;2026-08-20T11:35;analises;DIRETO;6100;4;;A001|A004;;P;2026-09-04;;;0;;Colheita s/ jejum (hemog, CEA). Rev 1/12.;0.86;1;U03;2026-08-20T12:46;;;;2026-08-20T13:03;AT000551;REALIZADO;0
P00352;469500;AT000539;2102;U02;2026-08-20T11:35;consulta;DIRETO;2102;22;;;;P;2026-09-24;2026-09-10;U02;1;;Colheita s/ jejum (hemog, CEA). Rev 1/12.;0.86;1;U03;2026-08-20T12:46;;;;2026-08-20T13:02;AT000552;REALIZADO;0
P00353;266761;AT000540;2102;U02;2026-08-20T11:45;pedido_consulta;TRIAGEM;1300;1;;;;P;2026-10-19;;;0;;Ped. cons. Onco Médica p/ discussão de QT adjuvante.;0.83;1;U03;2026-08-20T13:51;U04;2026-08-24T15:46;RECUSADO;;;RECUSADO;0
P00354;240508;AT000155;2102;U01;2026-08-21T09:15;analises;DIRETO;6100;9;;A001|A002|A003|A004|A005;;N;2026-10-05;;;0;;Ped. TAC TAP c/ ctr e análises c/ marcadores. Reavaliação c/ resultados dentro de 1 mês.;0.82;1;U03;2026-08-21T10:13;;;;2026-08-21T10:17;AT000559;REALIZADO;0
P00355;240508;AT000155;2102;U01;2026-08-21T09:15;exame;DIRETO;7000_2;1;7000002|7000004|7000009;;com contraste;N;2026-11-19;;;0;;Ped. TAC TAP c/ ctr e análises c/ marcadores. Reavaliação c/ resultados dentro de 1 mês.;0.9;1;U03;2026-08-21T10:13;;;;2026-08-21T10:17;AT000560;REALIZADO;0
P00356;240508;AT000155;2102;U01;2026-08-21T09:15;consulta;DIRETO;2102;22;;;;N;2026-09-25;2026-09-11;U01;1;;Ped. TAC TAP c/ ctr e análises c/ marcadores. Reavaliação c/ resultados dentro de 1 mês.;0.9;1;U03;2026-08-21T10:13;;;;2026-08-21T10:24;AT000561;REALIZADO;0
P00357;638142;AT000553;2102;U01;2026-08-21T09:55;analises;DIRETO;6100;9;;A001|A002|A003|A004|A005;;N;2026-10-05;;;0;;Ped. TAC TAP c/ ctr e análises c/ marcadores. Reavaliação c/ resultados dentro de 1 mês.;0.9;1;U03;2026-08-21T11:38;;;;2026-08-21T11:54;AT000562;REALIZADO;0
P00358;638142;AT000553;2102;U01;2026-08-21T09:55;exame;DIRETO;7000_2;1;7000002|7000004|7000009;;com contraste;N;2026-11-19;;;0;;Ped. TAC TAP c/ ctr e análises c/ marcadores. Reavaliação c/ resultados dentro de 1 mês.;0.96;1;U03;2026-08-21T11:38;;;;2026-08-21T11:45;AT000563;REALIZADO;0
P00359;638142;AT000553;2102;U01;2026-08-21T09:55;consulta;DIRETO;2102;22;;;;N;2026-09-25;2026-09-11;U01;1;;Ped. TAC TAP c/ ctr e análises c/ marcadores. Reavaliação c/ resultados dentro de 1 mês.;0.87;1;U03;2026-08-21T11:38;;;;2026-08-21T11:40;AT000565;REALIZADO;1
P00360;672673;AT000554;2102;U01;2026-08-21T10:35;pedido_hd;TRIAGEM;9610;1;9610001;;QT adjuvante;P;2026-09-20;;;0;;Iniciar CAPOX em HD. Ana na véspera.;0.91;1;U03;2026-08-21T13:04;U10;2026-08-24T05:02;ACEITE;2026-08-24T05:07;AT000566;REALIZADO;0
P00361;672673;AT000554;2102;U01;2026-08-24T05:07;analises;DIRETO;6100;4;;A001|A002;pré-QT (regra R2);P;2026-09-08;;;0;;[criado pela regra R2];1.0;1;SISTEMA;2026-08-24T05:07;;;;2026-08-24T05:07;AT000567;REALIZADO;0
P00362;294326;AT000555;2102;U01;2026-08-21T10:55;analises;DIRETO;6100;4;;A001|A004;;N;2026-10-05;;;0;;Análises (hemograma, CEA) e cons. de revisão num mês.;0.98;1;U03;2026-08-21T11:26;;;;2026-08-21T11:31;AT000568;REALIZADO;0
P00363;294326;AT000555;2102;U01;2026-08-21T10:55;consulta;DIRETO;2102;23;;;;N;2026-09-25;2026-09-11;U01;1;;Análises (hemograma, CEA) e cons. de revisão num mês.;0.96;1;U03;2026-08-21T11:26;;;;2026-08-21T11:31;AT000569;REALIZADO;0
P00364;296672;AT000556;2102;U01;2026-08-21T11:15;analises;DIRETO;6100;9;;A001|A002|A003|A004|A005;;MP;2026-08-28;;;0;;TC TAP + ana (hgm, bioq c/ creat, CEA, CA19.9). CE rev em 4 sem c/ exames.;0.84;1;U03;2026-08-21T12:53;;;;2026-08-21T12:58;AT000570;REALIZADO;0
P00365;296672;AT000556;2102;U01;2026-08-21T11:15;exame;DIRETO;7000_2;1;7000002|7000004|7000009;;com contraste;MP;2026-09-05;;;0;;TC TAP + ana (hgm, bioq c/ creat, CEA, CA19.9). CE rev em 4 sem c/ exames.;0.96;1;U03;2026-08-21T12:53;;;;2026-08-21T12:55;AT000571;REALIZADO;0
P00366;296672;AT000556;2102;U01;2026-08-21T11:15;consulta;DIRETO;2102;23;;;;MP;2026-09-25;2026-09-11;U01;1;;TC TAP + ana (hgm, bioq c/ creat, CEA, CA19.9). CE rev em 4 sem c/ exames.;0.91;1;U03;2026-08-21T12:53;;;;2026-08-21T13:00;AT000572;REALIZADO;0
P00367;827864;AT000557;2102;U01;2026-08-21T11:35;pedido_consulta;TRIAGEM;1300;1;;;;P;2026-10-20;;;0;;Referenciar a Oncologia Médica.;0.85;1;U03;2026-08-21T13:38;U04;2026-08-24T15:36;ACEITE;2026-08-24T15:43;AT000573;REALIZADO;0
P00368;307861;AT000558;2102;U01;2026-08-21T11:55;pedido_consulta;TRIAGEM;1300;1;;;;P;2026-10-20;;;0;;Ped. cons. Onco Médica p/ discussão de QT adjuvante.;0.98;1;U03;2026-08-21T14:12;U04;2026-08-25T09:42;RECUSADO;;;RECUSADO;0
P00369;523183;AT000177;2102;U01;2026-08-24T08:55;analises;DIRETO;6100;4;;A001|A004;;P;2026-09-08;;;0;;Análises (hemograma, CEA) e cons. de revisão num mês.;0.91;1;U03;2026-08-24T11:23;;;;2026-08-24T11:43;AT000578;REALIZADO;1
P00370;523183;AT000177;2102;U01;2026-08-24T08:55;consulta;DIRETO;2102;23;;;;P;2026-09-28;2026-09-14;U01;1;;Análises (hemograma, CEA) e cons. de revisão num mês.;0.85;1;U03;2026-08-24T11:23;;;;2026-08-24T11:35;AT000579;REALIZADO;2
P00371;810965;AT000152;2102;U01;2026-08-24T09:15;exame;DIRETO;7000_3;1;7100010;;;P;2026-09-23;;;0;;Eco abd e rev c/ resultado.;0.97;1;U03;2026-08-24T10:42;;;;2026-08-24T10:58;AT000580;REALIZADO;0
P00372;810965;AT000152;2102;U01;2026-08-24T09:15;consulta;DIRETO;2102;22;;;;P;2026-09-28;2026-09-14;U01;1;;Eco abd e rev c/ resultado.;0.86;1;U03;2026-08-24T10:42;;;;2026-08-24T10:54;AT000581;REALIZADO;0
P00373;377786;AT000149;2102;U01;2026-08-24T09:35;exame;DIRETO;7000_3;1;7100010;;;N;2026-11-22;;;0;;Eco abd e rev c/ resultado.;0.89;1;U03;2026-08-24T10:17;;;;2026-08-24T10:36;AT000582;REALIZADO;0
P00374;377786;AT000149;2102;U01;2026-08-24T09:35;consulta;DIRETO;2102;22;;;;N;2026-09-28;2026-09-14;U01;1;;Eco abd e rev c/ resultado.;0.86;1;U03;2026-08-24T10:17;;;;2026-08-24T10:21;AT000584;REALIZADO;1
P00375;355766;AT000183;2102;U01;2026-08-24T09:55;pedido_consulta;TRIAGEM;2300;1;;;;N;2026-12-22;;;0;;Referenciar a Oncologia Médica.;0.86;1;U03;2026-08-24T11:52;U06;2026-08-28T06:58;REENCAMINHADO;2026-08-28T07:09;AT000585;REALIZADO;0
P00376;719623;AT000191;2102;U01;2026-08-24T10:15;analises;DIRETO;6100;9;;A001|A002|A003|A004|A005;;N;2026-10-08;;;0;;Ped. TAC TAP c/ ctr e análises c/ marcadores. Reavaliação c/ resultados dentro de 1 mês.;0.98;1;U03;2026-08-24T11:24;;;;2026-08-24T11:35;AT000586;REALIZADO;0
P00377;719623;AT000191;2102;U01;2026-08-24T10:15;exame;DIRETO;7000_2;1;7000002|7000004|7000009;;com contraste;N;2026-11-22;;;0;;Ped. TAC TAP c/ ctr e análises c/ marcadores. Reavaliação c/ resultados dentro de 1 mês.;0.85;1;U03;2026-08-24T11:24;;;;2026-08-24T11:41;AT000587;REALIZADO;0
P00378;719623;AT000191;2102;U01;2026-08-24T10:15;consulta;DIRETO;2102;23;;;;N;2026-09-28;2026-09-14;U01;1;;Ped. TAC TAP c/ ctr e análises c/ marcadores. Reavaliação c/ resultados dentro de 1 mês.;0.91;1;U03;2026-08-24T11:24;;;;2026-08-24T11:29;AT000588;REALIZADO;0
P00379;858796;AT000187;2102;U01;2026-08-24T10:35;analises;DIRETO;6100;9;;A001|A002|A003|A004|A005;;N;2026-10-08;;;0;;TC TAP c/ contraste + colheita c/ jejum (hemog, bioq, CEA, CA 19.9). Rev c/ exames 1/12 comigo.;0.97;1;U03;2026-08-24T12:33;;;;2026-08-24T12:49;AT000589;REALIZADO;0
P00380;858796;AT000187;2102;U01;2026-08-24T10:35;exame;DIRETO;7000_2;1;7000002|7000004|7000009;;com contraste;N;2026-11-22;;;0;;TC TAP c/ contraste + colheita c/ jejum (hemog, bioq, CEA, CA 19.9). Rev c/ exames 1/12 comigo.;0.94;1;U03;2026-08-24T12:33;;;;2026-08-24T12:42;AT000590;REALIZADO;0
P00381;858796;AT000187;2102;U01;2026-08-24T10:35;consulta;DIRETO;2102;23;;;;N;2026-09-28;2026-09-14;U01;1;;TC TAP c/ contraste + colheita c/ jejum (hemog, bioq, CEA, CA 19.9). Rev c/ exames 1/12 comigo.;0.85;1;U03;2026-08-24T12:33;;;;2026-08-24T12:42;AT000591;REALIZADO;0
P00382;835357;AT000194;2102;U01;2026-08-24T10:55;tratamento;DIRETO;9602;3;65270;;;N;2026-10-08;;;0;4 semanas;Manut. CVC 4/4 sem no enf.;0.84;1;U03;2026-08-24T13:11;;;;2026-08-24T13:20;AT000592;REALIZADO;0
P00383;628862;AT000574;2102;U01;2026-08-24T11:15;analises;DIRETO;6100;9;;A001|A002|A003|A004|A005;;P;2026-09-08;;;0;;Ped. TAC TAP c/ ctr e análises c/ marcadores. Reavaliação c/ resultados dentro de 1 mês.;0.88;0;U03;2026-08-24T13:40;;;;2026-08-24T13:44;AT000593;MARCADO;0
P00384;628862;AT000574;2102;U01;2026-08-24T11:15;exame;DIRETO;7000_2;1;7000002|7000004|7000009;;com contraste;P;2026-09-23;;;0;;Ped. TAC TAP c/ ctr e análises c/ marcadores. Reavaliação c/ resultados dentro de 1 mês.;0.96;1;U03;2026-08-24T13:40;;;;2026-08-24T13:57;AT000594;MARCADO;0
P00385;628862;AT000574;2102;U01;2026-08-24T11:15;consulta;DIRETO;2102;22;;;;P;2026-09-28;2026-09-14;U01;1;;Ped. TAC TAP c/ ctr e análises c/ marcadores. Reavaliação c/ resultados dentro de 1 mês.;0.94;1;U03;2026-08-24T13:40;;;;2026-08-24T13:47;AT000595;MARCADO;0
P00386;756280;AT000575;2102;U01;2026-08-24T11:25;exame;DIRETO;7000_3;1;7100010;;;N;2026-11-22;;;0;;"Ecografia abdominal; reavaliação após exame.";0.86;1;U03;2026-08-24T11:41;;;;2026-08-24T11:53;AT000596;REALIZADO;0
P00387;756280;AT000575;2102;U01;2026-08-24T11:25;consulta;DIRETO;2102;22;;;;N;2026-09-28;2026-09-14;U01;1;;"Ecografia abdominal; reavaliação após exame.";0.96;1;U03;2026-08-24T11:41;;;;2026-08-24T12:01;AT000597;REALIZADO;0
P00388;545678;AT000576;2102;U01;2026-08-24T11:55;analises;DIRETO;6100;9;;A001|A002|A003|A004|A005;;P;2026-09-08;;;0;;TC TAP c/ contraste + colheita c/ jejum (hemog, bioq, CEA, CA 19.9). Rev c/ exames 1/12 comigo.;0.92;1;U03;2026-08-24T12:11;;;;2026-08-24T12:19;AT000598;REALIZADO;0
P00389;545678;AT000576;2102;U01;2026-08-24T11:55;exame;DIRETO;7000_2;1;7000002|7000004|7000009;;com contraste;P;2026-09-23;;;0;;TC TAP c/ contraste + colheita c/ jejum (hemog, bioq, CEA, CA 19.9). Rev c/ exames 1/12 comigo.;0.88;1;U03;2026-08-24T12:11;;;;2026-08-24T12:21;AT000599;REALIZADO;0
P00390;545678;AT000576;2102;U01;2026-08-24T11:55;consulta;DIRETO;2102;23;;;;P;2026-09-28;2026-09-14;U01;1;;TC TAP c/ contraste + colheita c/ jejum (hemog, bioq, CEA, CA 19.9). Rev c/ exames 1/12 comigo.;0.85;1;U03;2026-08-24T12:11;;;;2026-08-24T12:19;AT000600;REALIZADO;0
P00391;501865;AT000133;2102;U02;2026-08-25T08:55;pedido_consulta;TRIAGEM;1300;1;;;;N;2026-12-23;;;0;;Ped. cons. Onco Médica p/ discussão de QT adjuvante.;0.84;1;U03;2026-08-25T09:15;U04;2026-08-27T04:26;ACEITE;2026-08-27T04:32;AT000604;REALIZADO;0
P00392;793842;AT000207;2102;U02;2026-08-25T09:15;analises;DIRETO;6100;9;;A001|A002|A003|A004|A005;;N;2026-10-09;;;0;;Ped. TAC TAP c/ ctr e análises c/ marcadores. Reavaliação c/ resultados dentro de 1 mês.;0.85;1;U03;2026-08-25T09:54;;;;2026-08-25T10:12;AT000605;REALIZADO;0
P00393;793842;AT000207;2102;U02;2026-08-25T09:15;exame;DIRETO;7000_2;1;7000002|7000004|7000009;;com contraste;N;2026-11-23;;;0;;Ped. TAC TAP c/ ctr e análises c/ marcadores. Reavaliação c/ resultados dentro de 1 mês.;0.89;1;U03;2026-08-25T09:54;;;;2026-08-25T10:14;AT000606;REALIZADO;0
P00394;793842;AT000207;2102;U02;2026-08-25T09:15;consulta;DIRETO;2102;22;;;;N;2026-09-29;2026-09-15;U02;1;;Ped. TAC TAP c/ ctr e análises c/ marcadores. Reavaliação c/ resultados dentro de 1 mês.;0.84;1;U03;2026-08-25T09:54;;;;2026-08-25T10:12;AT000607;REALIZADO;0
P00395;315879;AT000215;2102;U02;2026-08-25T09:35;tratamento;DIRETO;9602;3;65270;;;N;2026-10-09;;;0;4 semanas;Heparinização do CVC mensal (enfermagem).;0.87;1;U03;2026-08-25T10:18;;;;2026-08-25T10:22;AT000608;REALIZADO;0
P00396;565841;AT000217;2102;U02;2026-08-25T09:55;analises;DIRETO;6100;4;;A001|A004;;N;2026-10-09;;;0;;Colheita s/ jejum (hemog, CEA). Rev 1/12.;0.95;1;U03;2026-08-25T10:14;;;;2026-08-25T10:19;AT000609;REALIZADO;0
P00397;565841;AT000217;2102;U02;2026-08-25T09:55;consulta;DIRETO;2102;23;;;;N;2026-09-29;2026-09-15;U02;1;;Colheita s/ jejum (hemog, CEA). Rev 1/12.;0.87;1;U03;2026-08-25T10:14;;;;2026-08-25T10:24;AT000610;REALIZADO;0
P00398;859914;AT000212;2102;U02;2026-08-25T10:15;pedido_consulta;TRIAGEM;1300;1;;;;N;2026-12-23;;;0;;Referenciar a Oncologia Médica.;0.94;1;U03;2026-08-25T12:35;U04;2026-08-27T16:12;ACEITE;2026-08-27T16:15;AT000611;REALIZADO;0
P00399;501924;AT000224;2102;U02;2026-08-25T10:35;analises;DIRETO;6100;9;;A001|A002|A003|A004|A005;;P;2026-09-09;;;0;;TC TAP c/ contraste + colheita c/ jejum (hemog, bioq, CEA, CA 19.9). Rev c/ exames 1/12 comigo.;0.96;0;U03;2026-08-25T10:50;;;;2026-08-25T11:10;AT000612;REALIZADO;0
P00400;501924;AT000224;2102;U02;2026-08-25T10:35;exame;DIRETO;7000_2;1;7000002|7000004|7000009;;com contraste;P;2026-09-24;;;0;;TC TAP c/ contraste + colheita c/ jejum (hemog, bioq, CEA, CA 19.9). Rev c/ exames 1/12 comigo.;0.89;0;U03;2026-08-25T10:50;;;;2026-08-25T10:51;AT000613;REALIZADO;0
P00401;501924;AT000224;2102;U02;2026-08-25T10:35;consulta;DIRETO;2102;22;;;;P;2026-09-29;2026-09-15;U02;1;;TC TAP c/ contraste + colheita c/ jejum (hemog, bioq, CEA, CA 19.9). Rev c/ exames 1/12 comigo.;0.84;0;U03;2026-08-25T10:50;;;;2026-08-25T10:55;AT000614;REALIZADO;0
P00402;203475;AT000220;2102;U02;2026-08-25T10:55;tratamento;DIRETO;9602;3;65270;;;N;2026-10-09;;;0;4 semanas;Heparinização do CVC mensal (enfermagem).;0.82;1;U03;2026-08-25T13:02;;;;2026-08-25T13:13;AT000615;REALIZADO;0
P00403;288586;AT000601;2102;U02;2026-08-25T11:05;analises;DIRETO;6100;4;;A001|A004;;N;2026-10-09;;;0;;Análises (hemograma, CEA) e cons. de revisão num mês.;0.84;1;U03;2026-08-25T11:42;;;;2026-08-25T11:43;AT000616;REALIZADO;0
P00404;288586;AT000601;2102;U02;2026-08-25T11:05;consulta;DIRETO;2102;22;;;;N;2026-09-29;2026-09-15;U02;1;;Análises (hemograma, CEA) e cons. de revisão num mês.;0.92;1;U03;2026-08-25T11:42;;;;2026-08-25T12:00;AT000617;REALIZADO;0
P00405;838253;AT000602;2102;U02;2026-08-25T11:35;pedido_consulta;TRIAGEM;1300;1;;;;P;2026-10-24;;;0;;Referenciar a Oncologia Médica.;0.83;1;U03;2026-08-25T11:47;U04;2026-08-26T07:35;ACEITE;2026-08-26T07:50;AT000618;REALIZADO;0
P00406;747029;AT000242;2102;U01;2026-08-26T08:55;exame;DIRETO;7000_3;1;7100010;;;P;2026-09-25;;;0;;"Ecografia abdominal; reavaliação após exame.";0.87;1;U03;2026-08-26T09:05;;;;2026-08-26T09:23;AT000625;REALIZADO;0
P00407;747029;AT000242;2102;U01;2026-08-26T08:55;consulta;DIRETO;2102;22;;;;P;2026-09-30;2026-09-16;U01;1;;"Ecografia abdominal; reavaliação após exame.";0.83;1;U03;2026-08-26T09:05;;;;2026-08-26T09:11;AT000626;REALIZADO;0
P00408;517487;AT000248;2102;U01;2026-08-26T09:15;analises;DIRETO;6100;9;;A001|A002|A003|A004|A005;;MP;2026-09-02;;;0;;TC TAP c/ contraste + colheita c/ jejum (hemog, bioq, CEA, CA 19.9). Rev c/ exames 1/12 comigo.;0.93;1;U03;2026-08-26T10:42;;;;2026-08-26T10:48;AT000627;REALIZADO;0
P00409;517487;AT000248;2102;U01;2026-08-26T09:15;exame;DIRETO;7000_2;1;7000002|7000004|7000009;;com contraste;MP;2026-09-10;;;0;;TC TAP c/ contraste + colheita c/ jejum (hemog, bioq, CEA, CA 19.9). Rev c/ exames 1/12 comigo.;0.91;1;U03;2026-08-26T10:42;;;;2026-08-26T10:53;AT000628;REALIZADO;0
P00410;517487;AT000248;2102;U01;2026-08-26T09:15;consulta;DIRETO;2102;22;;;;MP;2026-09-30;2026-09-16;U01;1;;TC TAP c/ contraste + colheita c/ jejum (hemog, bioq, CEA, CA 19.9). Rev c/ exames 1/12 comigo.;0.82;1;U03;2026-08-26T10:42;;;;2026-08-26T10:53;AT000629;REALIZADO;0
P00411;366328;AT000244;2102;U01;2026-08-26T09:35;pedido_hd;TRIAGEM;9610;1;9610001;;QT adjuvante;MP;2026-09-09;;;0;;Ped. HD p/ QT adjuvante (FOLFOX). Análises pré-QT.;0.9;1;U03;2026-08-26T09:45;U10;2026-08-28T07:35;ACEITE;2026-08-28T07:49;AT000630;REALIZADO;0
P00412;363778;AT000619;2102;U01;2026-08-26T09:45;analises;DIRETO;6100;9;;A001|A002|A003|A004|A005;;MP;2026-09-02;;;0;;TC TAP + ana (hgm, bioq c/ creat, CEA, CA19.9). CE rev em 4 sem c/ exames.;0.92;0;U03;2026-08-26T10:57;;;;2026-08-26T11:16;AT000631;REALIZADO;0
P00413;363778;AT000619;2102;U01;2026-08-26T09:45;exame;DIRETO;7000_2;1;7000002|7000004|7000009;;com contraste;MP;2026-09-10;;;0;;TC TAP + ana (hgm, bioq c/ creat, CEA, CA19.9). CE rev em 4 sem c/ exames.;0.97;0;U03;2026-08-26T10:57;;;;2026-08-26T11:17;AT000632;REALIZADO;0
P00414;363778;AT000619;2102;U01;2026-08-26T09:45;consulta;DIRETO;2102;22;;;;MP;2026-09-30;2026-09-16;U01;1;;TC TAP + ana (hgm, bioq c/ creat, CEA, CA19.9). CE rev em 4 sem c/ exames.;0.88;0;U03;2026-08-26T10:57;;;;2026-08-26T11:02;AT000633;REALIZADO;0
P00415;454226;AT000251;2102;U01;2026-08-26T10:15;pedido_hd;TRIAGEM;9610;1;9610001;;QT adjuvante;N;2026-10-25;;;0;;Ped. HD p/ QT adjuvante (FOLFOX). Análises pré-QT.;0.98;1;U03;2026-08-26T11:20;U10;2026-08-31T15:02;ACEITE;2026-08-31T15:18;AT000634;REALIZADO;0
P00416;454226;AT000251;2102;U01;2026-08-31T15:18;analises;DIRETO;6100;4;;A001|A002;pré-QT (regra R2);N;2026-10-15;;;0;;[criado pela regra R2];1.0;1;SISTEMA;2026-08-31T15:18;;;;2026-08-31T15:18;AT000635;REALIZADO;0
P00417;501865;AT000620;2102;U01;2026-08-26T10:35;tratamento;DIRETO;9602;3;65270;;;P;2026-09-10;;;0;4 semanas;Manut. CVC 4/4 sem no enf.;0.84;1;U03;2026-08-26T10:46;;;;2026-08-26T11:00;AT000636;REALIZADO;0
P00418;441175;AT000621;2102;U01;2026-08-26T10:55;analises;DIRETO;6100;9;;A001|A002|A003|A004|A005;;N;2026-10-10;;;0;;TC TAP c/ contraste + colheita c/ jejum (hemog, bioq, CEA, CA 19.9). Rev c/ exames 1/12 comigo.;0.84;0;U03;2026-08-26T13:19;;;;2026-08-26T13:28;AT000637;REALIZADO;0
P00419;441175;AT000621;2102;U01;2026-08-26T10:55;exame;DIRETO;7000_2;1;7000002|7000004|7000009;;com contraste;N;2026-11-24;;;0;;TC TAP c/ contraste + colheita c/ jejum (hemog, bioq, CEA, CA 19.9). Rev c/ exames 1/12 comigo.;0.94;1;U03;2026-08-26T13:19;;;;2026-08-26T13:22;AT000638;REALIZADO;0
P00420;441175;AT000621;2102;U01;2026-08-26T10:55;consulta;DIRETO;2102;23;;;;N;2026-09-30;2026-09-16;U01;1;;TC TAP c/ contraste + colheita c/ jejum (hemog, bioq, CEA, CA 19.9). Rev c/ exames 1/12 comigo.;0.82;1;U03;2026-08-26T13:19;;;;2026-08-26T13:38;AT000639;REALIZADO;0
P00421;263863;AT000622;2102;U01;2026-08-26T11:05;analises;DIRETO;6100;4;;A001|A004;;N;2026-10-10;;;0;;Análises (hemograma, CEA) e cons. de revisão num mês.;0.94;1;U03;2026-08-26T12:52;;;;2026-08-26T12:56;AT000640;REALIZADO;0
P00422;263863;AT000622;2102;U01;2026-08-26T11:05;consulta;DIRETO;2102;22;;;;N;2026-09-30;2026-09-16;U01;1;;Análises (hemograma, CEA) e cons. de revisão num mês.;0.88;1;U03;2026-08-26T12:52;;;;2026-08-26T12:55;AT000641;REALIZADO;0
P00423;524503;AT000623;2102;U01;2026-08-26T11:35;analises;DIRETO;6100;4;;A001|A004;;MP;2026-09-02;;;0;;Análises (hemograma, CEA) e cons. de revisão num mês.;0.99;1;U03;2026-08-26T13:25;;;;2026-08-26T13:41;AT000642;REALIZADO;0
P00424;524503;AT000623;2102;U01;2026-08-26T11:35;consulta;DIRETO;2102;22;;;;MP;2026-09-30;2026-09-16;U01;1;;Análises (hemograma, CEA) e cons. de revisão num mês.;0.88;1;U03;2026-08-26T13:25;;;;2026-08-26T13:43;AT000643;REALIZADO;0
P00425;799689;AT000271;2102;U02;2026-08-27T08:55;analises;DIRETO;6100;9;;A001|A002|A003|A004|A005;;P;2026-09-11;;;0;;TC TAP c/ contraste + colheita c/ jejum (hemog, bioq, CEA, CA 19.9). Rev c/ exames 1/12 comigo.;0.89;1;U03;2026-08-27T10:59;;;;2026-08-27T11:04;AT000650;REALIZADO;0
P00426;799689;AT000271;2102;U02;2026-08-27T08:55;exame;DIRETO;7000_2;1;7000002|7000004|7000009;;com contraste;P;2026-09-26;;;0;;TC TAP c/ contraste + colheita c/ jejum (hemog, bioq, CEA, CA 19.9). Rev c/ exames 1/12 comigo.;0.92;1;U03;2026-08-27T10:59;;;;2026-08-27T11:11;AT000651;REALIZADO;0
P00427;799689;AT000271;2102;U02;2026-08-27T08:55;consulta;DIRETO;2102;22;;;;P;2026-10-01;2026-09-17;U02;1;;TC TAP c/ contraste + colheita c/ jejum (hemog, bioq, CEA, CA 19.9). Rev c/ exames 1/12 comigo.;0.91;1;U03;2026-08-27T10:59;;;;2026-08-27T11:00;AT000652;REALIZADO;0
P00428;816094;AT000268;2102;U02;2026-08-27T09:15;pedido_consulta;TRIAGEM;1300;1;;;;N;2026-12-25;;;0;;Ped. cons. Onco Médica p/ discussão de QT adjuvante.;0.92;1;U03;2026-08-27T10:36;U04;2026-08-28T04:29;RECUSADO;;;RECUSADO;0
P00429;347221;AT000273;2102;U02;2026-08-27T09:35;exame;DIRETO;7000_3;1;7100010;;;N;2026-11-25;;;0;;"Ecografia abdominal; reavaliação após exame.";0.99;1;U03;2026-08-27T11:32;;;;2026-08-27T11:34;AT000653;REALIZADO;0
P00430;347221;AT000273;2102;U02;2026-08-27T09:35;consulta;DIRETO;2102;22;;;;N;2026-10-01;2026-09-17;U02;1;;"Ecografia abdominal; reavaliação após exame.";0.98;1;U03;2026-08-27T11:32;;;;2026-08-27T11:51;AT000654;REALIZADO;0
P00431;518762;AT000644;2102;U02;2026-08-27T10:15;analises;DIRETO;6100;9;;A001|A002|A003|A004|A005;;P;2026-09-11;;;0;;TC TAP c/ contraste + colheita c/ jejum (hemog, bioq, CEA, CA 19.9). Rev c/ exames 1/12 comigo.;0.97;1;U03;2026-08-27T10:37;;;;2026-08-27T10:53;AT000655;REALIZADO;0
P00432;518762;AT000644;2102;U02;2026-08-27T10:15;exame;DIRETO;7000_2;1;7000002|7000004|7000009;;com contraste;P;2026-09-26;;;0;;TC TAP c/ contraste + colheita c/ jejum (hemog, bioq, CEA, CA 19.9). Rev c/ exames 1/12 comigo.;0.96;1;U03;2026-08-27T10:37;;;;2026-08-27T10:38;AT000656;REALIZADO;0
P00433;518762;AT000644;2102;U02;2026-08-27T10:15;consulta;DIRETO;2102;23;;;;P;2026-10-01;2026-09-17;U02;1;;TC TAP c/ contraste + colheita c/ jejum (hemog, bioq, CEA, CA 19.9). Rev c/ exames 1/12 comigo.;0.82;1;U03;2026-08-27T10:37;;;;2026-08-27T10:45;AT000657;REALIZADO;0
P00434;261293;AT000645;2102;U02;2026-08-27T10:25;pedido_consulta;TRIAGEM;1300;1;;;;N;2026-12-25;;;0;;Referenciar a Oncologia Médica.;0.94;1;U03;2026-08-27T12:42;U04;2026-08-31T21:14;ACEITE;2026-08-31T21:15;AT000658;REALIZADO;0
P00435;860295;AT000646;2102;U02;2026-08-27T10:45;analises;DIRETO;6100;9;;A001|A002|A003|A004|A005;;P;2026-09-11;;;0;;Ped. TAC TAP c/ ctr e análises c/ marcadores. Reavaliação c/ resultados dentro de 1 mês.;0.89;1;U03;2026-08-27T11:05;;;;2026-08-27T11:22;AT000659;REALIZADO;0
P00436;860295;AT000646;2102;U02;2026-08-27T10:45;exame;DIRETO;7000_2;1;7000002|7000004|7000009;;com contraste;P;2026-09-26;;;0;;Ped. TAC TAP c/ ctr e análises c/ marcadores. Reavaliação c/ resultados dentro de 1 mês.;0.84;1;U03;2026-08-27T11:05;;;;2026-08-27T11:13;AT000660;REALIZADO;0
P00437;860295;AT000646;2102;U02;2026-08-27T10:45;consulta;DIRETO;2102;22;;;;P;2026-10-01;2026-09-17;U02;1;;Ped. TAC TAP c/ ctr e análises c/ marcadores. Reavaliação c/ resultados dentro de 1 mês.;0.99;1;U03;2026-08-27T11:05;;;;2026-08-27T11:19;AT000661;REALIZADO;0
P00438;570340;AT000647;2102;U02;2026-08-27T11:15;analises;DIRETO;6100;9;;A001|A002|A003|A004|A005;;MP;2026-09-03;;;0;;TC TAP c/ contraste + colheita c/ jejum (hemog, bioq, CEA, CA 19.9). Rev c/ exames 1/12 comigo.;0.97;1;U03;2026-08-27T13:24;;;;2026-08-27T13:44;AT000662;REALIZADO;0
P00439;570340;AT000647;2102;U02;2026-08-27T11:15;exame;DIRETO;7000_2;1;7000002|7000004|7000009;;com contraste;MP;2026-09-11;;;0;;TC TAP c/ contraste + colheita c/ jejum (hemog, bioq, CEA, CA 19.9). Rev c/ exames 1/12 comigo.;0.83;1;U03;2026-08-27T13:24;;;;2026-08-27T13:36;AT000663;REALIZADO;0
P00440;570340;AT000647;2102;U02;2026-08-27T11:15;consulta;DIRETO;2102;23;;;;MP;2026-10-01;2026-09-17;U02;1;;TC TAP c/ contraste + colheita c/ jejum (hemog, bioq, CEA, CA 19.9). Rev c/ exames 1/12 comigo.;0.94;1;U03;2026-08-27T13:24;;;;2026-08-27T13:30;AT000664;REALIZADO;0
P00441;493398;AT000648;2102;U02;2026-08-27T11:35;analises;DIRETO;6100;4;;A001|A004;;N;2026-10-11;;;0;;Análises (hemograma, CEA) e cons. de revisão num mês.;0.87;1;U03;2026-08-27T12:38;;;;2026-08-27T12:56;AT000666;REALIZADO;1
P00442;493398;AT000648;2102;U02;2026-08-27T11:35;consulta;DIRETO;2102;22;;;;N;2026-10-01;2026-09-17;U02;1;;Análises (hemograma, CEA) e cons. de revisão num mês.;0.97;1;U03;2026-08-27T12:38;;;;2026-08-27T12:46;AT000667;REALIZADO;1
P00443;685659;AT000649;2102;U02;2026-08-27T11:55;tratamento;DIRETO;9602;3;65270;;;P;2026-09-11;;;0;4 semanas;Heparinização do CVC mensal (enfermagem).;0.88;1;U03;2026-08-27T14:18;;;;2026-08-27T14:27;AT000668;REALIZADO;0
P00444;314343;AT000304;2102;U01;2026-08-28T08:55;analises;DIRETO;6100;9;;A001|A002|A003|A004|A005;;N;2026-10-12;;;0;;TC TAP + ana (hgm, bioq c/ creat, CEA, CA19.9). CE rev em 4 sem c/ exames.;0.82;1;U03;2026-08-28T11:06;;;;2026-08-28T11:22;AT000671;REALIZADO;0
P00445;314343;AT000304;2102;U01;2026-08-28T08:55;exame;DIRETO;7000_2;1;7000002|7000004|7000009;;com contraste;N;2026-11-26;;;0;;TC TAP + ana (hgm, bioq c/ creat, CEA, CA19.9). CE rev em 4 sem c/ exames.;0.86;1;U03;2026-08-28T11:06;;;;2026-08-28T11:10;AT000672;REALIZADO;0
P00446;314343;AT000304;2102;U01;2026-08-28T08:55;consulta;DIRETO;2102;22;;;;N;2026-10-02;2026-09-18;U01;1;;TC TAP + ana (hgm, bioq c/ creat, CEA, CA19.9). CE rev em 4 sem c/ exames.;0.97;1;U03;2026-08-28T11:06;;;;2026-08-28T11:19;AT000673;REALIZADO;0
P00447;205785;AT000312;2102;U01;2026-08-28T09:15;analises;DIRETO;6100;9;;A001|A002|A003|A004|A005;;N;2026-10-12;;;0;;TC TAP c/ contraste + colheita c/ jejum (hemog, bioq, CEA, CA 19.9). Rev c/ exames 1/12 comigo.;0.97;0;U03;2026-08-28T10:36;;;;2026-08-28T10:44;AT000674;REALIZADO;0
P00448;205785;AT000312;2102;U01;2026-08-28T09:15;exame;DIRETO;7000_2;1;7000002|7000004|7000009;;com contraste;N;2026-11-26;;;0;;TC TAP c/ contraste + colheita c/ jejum (hemog, bioq, CEA, CA 19.9). Rev c/ exames 1/12 comigo.;0.88;0;U03;2026-08-28T10:36;;;;2026-08-28T10:42;AT000675;REALIZADO;0
P00449;205785;AT000312;2102;U01;2026-08-28T09:15;consulta;DIRETO;2102;22;;;;N;2026-10-02;2026-09-18;U01;1;;TC TAP c/ contraste + colheita c/ jejum (hemog, bioq, CEA, CA 19.9). Rev c/ exames 1/12 comigo.;0.87;0;U03;2026-08-28T10:36;;;;2026-08-28T10:53;AT000676;REALIZADO;0
P00450;747029;AT000296;2102;U01;2026-08-28T09:35;exame;DIRETO;7000_3;1;7100010;;;N;2026-11-26;;;0;;Eco abd e rev c/ resultado.;0.85;0;U03;2026-08-28T10:32;;;;2026-08-28T10:40;AT000677;REALIZADO;0
P00451;747029;AT000296;2102;U01;2026-08-28T09:35;consulta;DIRETO;2102;22;;;;N;2026-10-02;2026-09-18;U01;1;;Eco abd e rev c/ resultado.;0.88;1;U03;2026-08-28T10:32;;;;2026-08-28T10:51;AT000678;REALIZADO;0
P00452;354054;AT000298;2102;U01;2026-08-28T09:55;analises;DIRETO;6100;9;;A001|A002|A003|A004|A005;;N;2026-10-12;;;0;;TC TAP + ana (hgm, bioq c/ creat, CEA, CA19.9). CE rev em 4 sem c/ exames.;0.98;1;U03;2026-08-28T11:47;;;;2026-08-28T11:53;AT000679;REALIZADO;0
P00453;354054;AT000298;2102;U01;2026-08-28T09:55;exame;DIRETO;7000_2;1;7000002|7000004|7000009;;com contraste;N;2026-11-26;;;0;;TC TAP + ana (hgm, bioq c/ creat, CEA, CA19.9). CE rev em 4 sem c/ exames.;0.88;1;U03;2026-08-28T11:47;;;;2026-08-28T11:49;AT000680;REALIZADO;0
P00454;354054;AT000298;2102;U01;2026-08-28T09:55;consulta;DIRETO;2102;22;;;;N;2026-10-02;2026-09-18;U01;1;;TC TAP + ana (hgm, bioq c/ creat, CEA, CA19.9). CE rev em 4 sem c/ exames.;0.94;1;U03;2026-08-28T11:47;;;;2026-08-28T12:02;AT000681;REALIZADO;0
P00455;524503;AT000306;2102;U01;2026-08-28T10:35;analises;DIRETO;6100;4;;A001|A004;;N;2026-10-12;;;0;;Análises (hemograma, CEA) e cons. de revisão num mês.;0.94;1;U03;2026-08-28T12:29;;;;2026-08-28T12:38;AT000682;REALIZADO;0
P00456;524503;AT000306;2102;U01;2026-08-28T10:35;consulta;DIRETO;2102;23;;;;N;2026-10-02;2026-09-18;U01;1;;Análises (hemograma, CEA) e cons. de revisão num mês.;0.94;1;U03;2026-08-28T12:29;;;;2026-08-28T12:45;AT000684;REALIZADO;1
P00457;315967;AT000314;2102;U01;2026-08-28T10:55;analises;DIRETO;6100;4;;A001|A004;;MP;2026-09-04;;;0;;Colheita s/ jejum (hemog, CEA). Rev 1/12.;0.89;1;U03;2026-08-28T11:18;;;;2026-08-28T11:29;AT000685;REALIZADO;0
P00458;315967;AT000314;2102;U01;2026-08-28T10:55;consulta;DIRETO;2102;22;;;;MP;2026-10-02;2026-09-18;U01;1;;Colheita s/ jejum (hemog, CEA). Rev 1/12.;0.98;1;U03;2026-08-28T11:18;;;;2026-08-28T11:30;AT000686;REALIZADO;0
P00459;412626;AT000310;2102;U01;2026-08-28T11:15;analises;DIRETO;6100;4;;A001|A004;;N;2026-10-12;;;0;;Colheita s/ jejum (hemog, CEA). Rev 1/12.;0.84;1;U03;2026-08-28T11:21;;;;2026-08-28T11:34;AT000687;REALIZADO;0
P00460;412626;AT000310;2102;U01;2026-08-28T11:15;consulta;DIRETO;2102;22;;;;N;2026-10-02;2026-09-18;U01;1;;Colheita s/ jejum (hemog, CEA). Rev 1/12.;0.86;1;U03;2026-08-28T11:21;;;;2026-08-28T11:23;AT000688;REALIZADO;0
P00461;288586;AT000669;2102;U01;2026-08-28T11:25;pedido_hd;TRIAGEM;9610;1;9610001;;QT adjuvante;P;2026-09-27;;;0;;Ped. HD p/ QT adjuvante (FOLFOX). Análises pré-QT.;0.97;1;U03;2026-08-28T12:06;U10;2026-08-31T09:11;ACEITE;2026-08-31T09:23;AT000689;REALIZADO;0
P00462;288586;AT000669;2102;U01;2026-08-31T09:23;analises;DIRETO;6100;4;;A001|A002;pré-QT (regra R2);P;2026-09-15;;;0;;[criado pela regra R2];1.0;1;SISTEMA;2026-08-31T09:23;;;;2026-08-31T09:23;AT000690;REALIZADO;0
P00463;561615;AT000670;2102;U01;2026-08-28T11:55;analises;DIRETO;6100;9;;A001|A002|A003|A004|A005;;N;2026-10-12;;;0;;Ped. TAC TAP c/ ctr e análises c/ marcadores. Reavaliação c/ resultados dentro de 1 mês.;0.96;1;U03;2026-08-28T12:53;;;;2026-08-28T12:56;AT000691;REALIZADO;0
P00464;561615;AT000670;2102;U01;2026-08-28T11:55;exame;DIRETO;7000_2;1;7000002|7000004|7000009;;com contraste;N;2026-11-26;;;0;;Ped. TAC TAP c/ ctr e análises c/ marcadores. Reavaliação c/ resultados dentro de 1 mês.;0.83;1;U03;2026-08-28T12:53;;;;2026-08-28T13:09;AT000692;REALIZADO;0
P00465;561615;AT000670;2102;U01;2026-08-28T11:55;consulta;DIRETO;2102;22;;;;N;2026-10-02;2026-09-18;U01;1;;Ped. TAC TAP c/ ctr e análises c/ marcadores. Reavaliação c/ resultados dentro de 1 mês.;0.89;1;U03;2026-08-28T12:53;;;;2026-08-28T13:09;AT000693;REALIZADO;0
P00466;581452;AT000302;2102;U01;2026-08-31T08:55;analises;DIRETO;6100;4;;A001|A004;;N;2026-10-15;;;0;;Colheita s/ jejum (hemog, CEA). Rev 1/12.;0.91;1;U03;2026-08-31T10:07;;;;2026-08-31T10:27;AT000696;REALIZADO;0
P00467;581452;AT000302;2102;U01;2026-08-31T08:55;consulta;DIRETO;2102;22;;;;N;2026-10-05;2026-09-21;U01;1;;Colheita s/ jejum (hemog, CEA). Rev 1/12.;0.92;1;U03;2026-08-31T10:07;;;;2026-08-31T10:12;AT000697;REALIZADO;0
P00468;740416;AT000327;2102;U01;2026-08-31T09:15;exame;DIRETO;7000_3;1;7100010;;;MP;2026-09-15;;;0;;"Ecografia abdominal; reavaliação após exame.";0.87;1;U03;2026-08-31T10:13;;;;2026-08-31T10:28;AT000698;REALIZADO;0
P00469;740416;AT000327;2102;U01;2026-08-31T09:15;consulta;DIRETO;2102;22;;;;MP;2026-10-05;2026-09-21;U01;1;;"Ecografia abdominal; reavaliação após exame.";0.96;1;U03;2026-08-31T10:13;;;;2026-08-31T10:17;AT000699;REALIZADO;0
P00470;898909;AT000330;2102;U01;2026-08-31T09:35;exame;DIRETO;7000_3;1;7100010;;;N;2026-11-29;;;0;;"Ecografia abdominal; reavaliação após exame.";0.9;1;U03;2026-08-31T10:06;;;;2026-08-31T10:15;AT000700;REALIZADO;0
P00471;898909;AT000330;2102;U01;2026-08-31T09:35;consulta;DIRETO;2102;22;;;;N;2026-10-05;2026-09-21;U01;1;;"Ecografia abdominal; reavaliação após exame.";0.91;1;U03;2026-08-31T10:06;;;;2026-08-31T10:09;AT000701;REALIZADO;0
P00472;296672;AT000332;2102;U01;2026-08-31T09:55;tratamento;DIRETO;9602;3;65270;;;P;2026-09-15;;;0;4 semanas;Manut. CVC 4/4 sem no enf.;0.83;0;U03;2026-08-31T10:58;;;;2026-08-31T11:15;AT000702;REALIZADO;0
P00473;524503;AT000342;2102;U01;2026-08-31T10:15;analises;DIRETO;6100;9;;A001|A002|A003|A004|A005;;N;2026-10-15;;;0;;Ped. TAC TAP c/ ctr e análises c/ marcadores. Reavaliação c/ resultados dentro de 1 mês.;0.92;1;U03;2026-08-31T10:45;;;;2026-08-31T10:49;AT000703;REALIZADO;0
P00474;524503;AT000342;2102;U01;2026-08-31T10:15;exame;DIRETO;7000_2;1;7000002|7000004|7000009;;com contraste;N;2026-11-29;;;0;;Ped. TAC TAP c/ ctr e análises c/ marcadores. Reavaliação c/ resultados dentro de 1 mês.;0.9;1;U03;2026-08-31T10:45;;;;2026-08-31T11:03;AT000704;REALIZADO;0
P00475;524503;AT000342;2102;U01;2026-08-31T10:15;consulta;DIRETO;2102;22;;;;N;2026-10-05;2026-09-21;U01;1;;Ped. TAC TAP c/ ctr e análises c/ marcadores. Reavaliação c/ resultados dentro de 1 mês.;0.88;1;U03;2026-08-31T10:45;;;;2026-08-31T11:01;AT000705;REALIZADO;0
P00476;685659;AT000335;2102;U01;2026-08-31T10:35;analises;DIRETO;6100;4;;A001|A004;;P;2026-09-15;;;0;;Colheita s/ jejum (hemog, CEA). Rev 1/12.;0.93;1;U03;2026-08-31T10:41;;;;2026-08-31T10:47;AT000706;REALIZADO;0
P00477;685659;AT000335;2102;U01;2026-08-31T10:35;consulta;DIRETO;2102;22;;;;P;2026-10-05;2026-09-21;U01;1;;Colheita s/ jejum (hemog, CEA). Rev 1/12.;0.97;1;U03;2026-08-31T10:41;;;;2026-08-31T10:52;AT000707;REALIZADO;0
P00478;292211;AT000694;2102;U01;2026-08-31T11:35;analises;DIRETO;6100;9;;A001|A002|A003|A004|A005;;N;2026-10-15;;;0;;TC TAP + ana (hgm, bioq c/ creat, CEA, CA19.9). CE rev em 4 sem c/ exames.;0.83;1;U03;2026-08-31T13:49;;;;2026-08-31T13:58;AT000708;MARCADO;0
P00479;292211;AT000694;2102;U01;2026-08-31T11:35;exame;DIRETO;7000_2;1;7000002|7000004|7000009;;com contraste;N;2026-11-29;;;0;;TC TAP + ana (hgm, bioq c/ creat, CEA, CA19.9). CE rev em 4 sem c/ exames.;0.84;1;U03;2026-08-31T13:49;;;;2026-08-31T14:05;AT000709;MARCADO;0
P00480;292211;AT000694;2102;U01;2026-08-31T11:35;consulta;DIRETO;2102;23;;;;N;2026-10-05;2026-09-21;U01;1;;TC TAP + ana (hgm, bioq c/ creat, CEA, CA19.9). CE rev em 4 sem c/ exames.;0.85;1;U03;2026-08-31T13:49;;;;2026-08-31T14:08;AT000710;MARCADO;0
P00481;506591;AT000695;2102;U01;2026-08-31T11:55;analises;DIRETO;6100;9;;A001|A002|A003|A004|A005;;N;2026-10-15;;;0;;TC TAP + ana (hgm, bioq c/ creat, CEA, CA19.9). CE rev em 4 sem c/ exames.;0.93;1;U03;2026-08-31T13:37;;;;2026-08-31T13:42;AT000711;REALIZADO;0
P00482;506591;AT000695;2102;U01;2026-08-31T11:55;exame;DIRETO;7000_2;1;7000002|7000004|7000009;;com contraste;N;2026-11-29;;;0;;TC TAP + ana (hgm, bioq c/ creat, CEA, CA19.9). CE rev em 4 sem c/ exames.;0.85;1;U03;2026-08-31T13:37;;;;2026-08-31T13:40;AT000712;REALIZADO;0
P00483;506591;AT000695;2102;U01;2026-08-31T11:55;consulta;DIRETO;2102;23;;;;N;2026-10-05;2026-09-21;U01;1;;TC TAP + ana (hgm, bioq c/ creat, CEA, CA19.9). CE rev em 4 sem c/ exames.;0.92;1;U03;2026-08-31T13:37;;;;2026-08-31T13:45;AT000713;REALIZADO;0
P00484;469500;AT000372;2102;U02;2026-09-01T08:55;tratamento;DIRETO;9602;3;65270;;;N;2026-10-16;;;0;4 semanas;Heparinização do CVC mensal (enfermagem).;0.94;1;U03;2026-09-01T10:53;;;;2026-09-01T10:56;AT000719;REALIZADO;0
P00485;204103;AT000358;2102;U02;2026-09-01T09:15;analises;DIRETO;6100;9;;A001|A002|A003|A004|A005;;P;2026-09-16;;;0;;Ped. TAC TAP c/ ctr e análises c/ marcadores. Reavaliação c/ resultados dentro de 1 mês.;0.93;1;U03;2026-09-01T09:28;;;;2026-09-01T09:44;AT000721;REALIZADO;1
P00486;204103;AT000358;2102;U02;2026-09-01T09:15;exame;DIRETO;7000_2;1;7000002|7000004|7000009;;com contraste;P;2026-10-01;;;0;;Ped. TAC TAP c/ ctr e análises c/ marcadores. Reavaliação c/ resultados dentro de 1 mês.;0.92;1;U03;2026-09-01T09:28;;;;2026-09-01T09:35;AT000723;REALIZADO;1
P00487;204103;AT000358;2102;U02;2026-09-01T09:15;consulta;DIRETO;2102;22;;;;P;2026-10-06;2026-09-22;U02;1;;Ped. TAC TAP c/ ctr e análises c/ marcadores. Reavaliação c/ resultados dentro de 1 mês.;0.98;1;U03;2026-09-01T09:28;;;;2026-09-01T09:41;AT000724;REALIZADO;2
P00488;752510;AT000366;2102;U02;2026-09-01T09:55;analises;DIRETO;6100;9;;A001|A002|A003|A004|A005;;P;2026-09-16;;;0;;TC TAP + ana (hgm, bioq c/ creat, CEA, CA19.9). CE rev em 4 sem c/ exames.;0.84;1;U03;2026-09-01T10:04;;;;2026-09-01T10:07;AT000725;MARCADO;0
P00489;752510;AT000366;2102;U02;2026-09-01T09:55;exame;DIRETO;7000_2;1;7000002|7000004|7000009;;com contraste;P;2026-10-01;;;0;;TC TAP + ana (hgm, bioq c/ creat, CEA, CA19.9). CE rev em 4 sem c/ exames.;0.88;1;U03;2026-09-01T10:04;;;;2026-09-01T10:09;AT000726;MARCADO;0
P00490;752510;AT000366;2102;U02;2026-09-01T09:55;consulta;DIRETO;2102;22;;;;P;2026-10-06;2026-09-22;U02;1;;TC TAP + ana (hgm, bioq c/ creat, CEA, CA19.9). CE rev em 4 sem c/ exames.;0.94;1;U03;2026-09-01T10:04;;;;2026-09-01T10:08;AT000727;MARCADO;0
P00491;225434;AT000714;2102;U02;2026-09-01T10:35;exame;DIRETO;7000_3;1;7100010;;;N;2026-11-30;;;0;;"Ecografia abdominal; reavaliação após exame.";0.85;0;U03;2026-09-01T11:06;;;;2026-09-01T11:13;AT000728;REALIZADO;0
P00492;225434;AT000714;2102;U02;2026-09-01T10:35;consulta;DIRETO;2102;22;;;;N;2026-10-06;2026-09-22;U02;1;;"Ecografia abdominal; reavaliação após exame.";0.97;1;U03;2026-09-01T11:06;;;;2026-09-01T11:24;AT000729;REALIZADO;0
P00493;508201;AT000715;2102;U02;2026-09-01T10:55;exame;DIRETO;7000_3;1;7100010;;;P;2026-10-01;;;0;;Eco abd e rev c/ resultado.;0.9;0;U03;2026-09-01T13:18;;;;2026-09-01T13:36;AT000730;REALIZADO;0
P00494;508201;AT000715;2102;U02;2026-09-01T10:55;consulta;DIRETO;2102;23;;;;P;2026-10-06;2026-09-22;U02;1;;Eco abd e rev c/ resultado.;0.94;0;U03;2026-09-01T13:18;;;;2026-09-01T13:21;AT000731;REALIZADO;0
P00495;642789;AT000716;2102;U02;2026-09-01T11:15;analises;DIRETO;6100;9;;A001|A002|A003|A004|A005;;N;2026-10-16;;;0;;TC TAP c/ contraste + colheita c/ jejum (hemog, bioq, CEA, CA 19.9). Rev c/ exames 1/12 comigo.;0.84;1;U03;2026-09-01T11:47;;;;2026-09-01T12:07;AT000732;REALIZADO;0
P00496;642789;AT000716;2102;U02;2026-09-01T11:15;exame;DIRETO;7000_2;1;7000002|7000004|7000009;;com contraste;N;2026-11-30;;;0;;TC TAP c/ contraste + colheita c/ jejum (hemog, bioq, CEA, CA 19.9). Rev c/ exames 1/12 comigo.;0.85;1;U03;2026-09-01T11:47;;;;2026-09-01T11:50;AT000733;REALIZADO;0
P00497;642789;AT000716;2102;U02;2026-09-01T11:15;consulta;DIRETO;2102;22;;;;N;2026-10-06;2026-09-22;U02;1;;TC TAP c/ contraste + colheita c/ jejum (hemog, bioq, CEA, CA 19.9). Rev c/ exames 1/12 comigo.;0.99;1;U03;2026-09-01T11:47;;;;2026-09-01T12:06;AT000734;REALIZADO;0
P00498;366479;AT000717;2102;U02;2026-09-01T11:35;analises;DIRETO;6100;4;;A001|A004;;MP;2026-09-08;;;0;;Análises (hemograma, CEA) e cons. de revisão num mês.;0.89;0;U03;2026-09-01T11:45;;;;2026-09-01T11:51;AT000735;REALIZADO;0
P00499;366479;AT000717;2102;U02;2026-09-01T11:35;consulta;DIRETO;2102;22;;;;MP;2026-10-06;2026-09-22;U02;1;;Análises (hemograma, CEA) e cons. de revisão num mês.;0.93;0;U03;2026-09-01T11:45;;;;2026-09-01T12:03;AT000736;REALIZADO;0
P00500;514596;AT000718;2102;U02;2026-09-01T11:55;analises;DIRETO;6100;9;;A001|A002|A003|A004|A005;;MP;2026-09-08;;;0;;TC TAP c/ contraste + colheita c/ jejum (hemog, bioq, CEA, CA 19.9). Rev c/ exames 1/12 comigo.;0.95;1;U03;2026-09-01T14:22;;;;2026-09-01T14:37;AT000737;REALIZADO;0
P00501;514596;AT000718;2102;U02;2026-09-01T11:55;exame;DIRETO;7000_2;1;7000002|7000004|7000009;;com contraste;MP;2026-09-16;;;0;;TC TAP c/ contraste + colheita c/ jejum (hemog, bioq, CEA, CA 19.9). Rev c/ exames 1/12 comigo.;0.92;1;U03;2026-09-01T14:22;;;;2026-09-01T14:38;AT000738;REALIZADO;0
P00502;514596;AT000718;2102;U02;2026-09-01T11:55;consulta;DIRETO;2102;22;;;;MP;2026-10-06;2026-09-22;U02;1;;TC TAP c/ contraste + colheita c/ jejum (hemog, bioq, CEA, CA 19.9). Rev c/ exames 1/12 comigo.;0.87;1;U03;2026-09-01T14:22;;;;2026-09-01T14:23;AT000739;REALIZADO;0
P00503;249515;AT000340;2102;U01;2026-09-02T08:55;pedido_consulta;TRIAGEM;1300;1;;;;P;2026-11-01;;;0;;Ped. cons. Onco Médica p/ discussão de QT adjuvante.;0.83;1;U03;2026-09-02T09:13;U04;2026-09-07T04:26;ACEITE;2026-09-07T04:38;AT000744;REALIZADO;0
P00504;418461;AT000385;2102;U01;2026-09-02T09:15;analises;DIRETO;6100;9;;A001|A002|A003|A004|A005;;N;2026-10-17;;;0;;Ped. TAC TAP c/ ctr e análises c/ marcadores. Reavaliação c/ resultados dentro de 1 mês.;0.83;1;U03;2026-09-02T09:39;;;;2026-09-02T09:46;AT000745;REALIZADO;0
P00505;418461;AT000385;2102;U01;2026-09-02T09:15;exame;DIRETO;7000_2;1;7000002|7000004|7000009;;com contraste;N;2026-12-01;;;0;;Ped. TAC TAP c/ ctr e análises c/ marcadores. Reavaliação c/ resultados dentro de 1 mês.;0.97;1;U03;2026-09-02T09:39;;;;2026-09-02T09:56;AT000746;REALIZADO;0
P00506;418461;AT000385;2102;U01;2026-09-02T09:15;consulta;DIRETO;2102;22;;;;N;2026-10-07;2026-09-23;U01;1;;Ped. TAC TAP c/ ctr e análises c/ marcadores. Reavaliação c/ resultados dentro de 1 mês.;0.88;1;U03;2026-09-02T09:39;;;;2026-09-02T09:44;AT000747;MARCADO;0
P00507;337750;AT000180;2102;U01;2026-09-02T09:35;pedido_consulta;TRIAGEM;1300;1;;;;N;2026-12-31;;;0;;Ped. cons. Onco Médica p/ discussão de QT adjuvante.;0.97;1;U03;2026-09-02T12:02;U04;2026-09-03T00:27;ACEITE;2026-09-03T00:45;AT000748;REALIZADO;0
P00508;315967;AT000394;2102;U01;2026-09-02T09:55;analises;DIRETO;6100;4;;A001|A004;;MP;2026-09-09;;;0;;Análises (hemograma, CEA) e cons. de revisão num mês.;0.88;0;U03;2026-09-02T11:31;;;;2026-09-02T11:48;AT000749;REALIZADO;0
P00509;315967;AT000394;2102;U01;2026-09-02T09:55;consulta;DIRETO;2102;23;;;;MP;2026-10-07;2026-09-23;U01;1;;Análises (hemograma, CEA) e cons. de revisão num mês.;0.93;0;U03;2026-09-02T11:31;;;;2026-09-02T11:34;AT000750;MARCADO;0
P00510;470049;AT000389;2102;U01;2026-09-02T10:15;analises;DIRETO;6100;4;;A001|A004;;MP;2026-09-09;;;0;;Colheita s/ jejum (hemog, CEA). Rev 1/12.;0.99;0;U03;2026-09-02T10:55;;;;2026-09-02T11:08;AT000751;REALIZADO;0
P00511;470049;AT000389;2102;U01;2026-09-02T10:15;consulta;DIRETO;2102;22;;;;MP;2026-10-07;2026-09-23;U01;1;;Colheita s/ jejum (hemog, CEA). Rev 1/12.;0.91;0;U03;2026-09-02T10:55;;;;2026-09-02T11:00;AT000752;MARCADO;0
P00512;326392;AT000396;2102;U01;2026-09-02T10:35;tratamento;DIRETO;9602;3;65270;;;P;2026-09-17;;;0;4 semanas;Heparinização do CVC mensal (enfermagem).;0.85;1;U03;2026-09-02T12:08;;;;2026-09-02T12:15;AT000753;REALIZADO;0
P00513;246139;AT000740;2102;U01;2026-09-02T10:55;analises;DIRETO;6100;9;;A001|A002|A003|A004|A005;;N;2026-10-17;;;0;;Ped. TAC TAP c/ ctr e análises c/ marcadores. Reavaliação c/ resultados dentro de 1 mês.;0.86;1;U03;2026-09-02T12:24;;;;2026-09-02T12:38;AT000754;REALIZADO;0
P00514;246139;AT000740;2102;U01;2026-09-02T10:55;exame;DIRETO;7000_2;1;7000002|7000004|7000009;;com contraste;N;2026-12-01;;;0;;Ped. TAC TAP c/ ctr e análises c/ marcadores. Reavaliação c/ resultados dentro de 1 mês.;0.92;1;U03;2026-09-02T12:24;;;;2026-09-02T12:30;AT000755;REALIZADO;0
P00515;246139;AT000740;2102;U01;2026-09-02T10:55;consulta;DIRETO;2102;22;;;;N;2026-10-07;2026-09-23;U01;1;;Ped. TAC TAP c/ ctr e análises c/ marcadores. Reavaliação c/ resultados dentro de 1 mês.;0.88;1;U03;2026-09-02T12:24;;;;2026-09-02T12:32;AT000756;MARCADO;0
P00516;423025;AT000741;2102;U01;2026-09-02T11:15;analises;DIRETO;6100;4;;A001|A004;;N;2026-10-17;;;0;;Colheita s/ jejum (hemog, CEA). Rev 1/12.;0.96;1;U03;2026-09-02T12:24;;;;2026-09-02T12:42;AT000757;REALIZADO;0
P00517;423025;AT000741;2102;U01;2026-09-02T11:15;consulta;DIRETO;2102;23;;;;N;2026-10-07;2026-09-23;U01;1;;Colheita s/ jejum (hemog, CEA). Rev 1/12.;0.93;1;U03;2026-09-02T12:24;;;;2026-09-02T12:36;AT000758;MARCADO;0
P00518;603014;AT000742;2102;U01;2026-09-02T11:35;analises;DIRETO;6100;9;;A001|A002|A003|A004|A005;;P;2026-09-17;;;0;;Ped. TAC TAP c/ ctr e análises c/ marcadores. Reavaliação c/ resultados dentro de 1 mês.;0.88;1;U03;2026-09-02T13:15;;;;2026-09-02T13:32;AT000759;REALIZADO;0
P00519;603014;AT000742;2102;U01;2026-09-02T11:35;exame;DIRETO;7000_2;1;7000002|7000004|7000009;;com contraste;P;2026-10-02;;;0;;Ped. TAC TAP c/ ctr e análises c/ marcadores. Reavaliação c/ resultados dentro de 1 mês.;0.91;1;U03;2026-09-02T13:15;;;;2026-09-02T13:21;AT000761;REALIZADO;1
P00520;603014;AT000742;2102;U01;2026-09-02T11:35;consulta;DIRETO;2102;22;;;;P;2026-10-07;2026-09-23;U01;1;;Ped. TAC TAP c/ ctr e análises c/ marcadores. Reavaliação c/ resultados dentro de 1 mês.;0.86;1;U03;2026-09-02T13:15;;;;2026-09-02T13:35;AT000762;MARCADO;1
P00521;263863;AT000743;2102;U01;2026-09-02T11:55;analises;DIRETO;6100;9;;A001|A002|A003|A004|A005;;N;2026-10-17;;;0;;Ped. TAC TAP c/ ctr e análises c/ marcadores. Reavaliação c/ resultados dentro de 1 mês.;0.85;1;U03;2026-09-02T14:06;;;;2026-09-02T14:25;AT000764;REALIZADO;1
P00522;263863;AT000743;2102;U01;2026-09-02T11:55;exame;DIRETO;7000_2;1;7000002|7000004|7000009;;com contraste;N;2026-12-01;;;0;;Ped. TAC TAP c/ ctr e análises c/ marcadores. Reavaliação c/ resultados dentro de 1 mês.;0.87;1;U03;2026-09-02T14:06;;;;2026-09-02T14:08;AT000765;REALIZADO;0
P00523;263863;AT000743;2102;U01;2026-09-02T11:55;consulta;DIRETO;2102;22;;;;N;2026-10-07;2026-09-23;U01;1;;Ped. TAC TAP c/ ctr e análises c/ marcadores. Reavaliação c/ resultados dentro de 1 mês.;0.89;1;U03;2026-09-02T14:06;;;;2026-09-02T14:13;AT000766;MARCADO;1
P00524;835357;AT000411;2102;U02;2026-09-03T08:55;exame;DIRETO;7000_3;1;7100010;;;P;2026-10-03;;;0;;Eco abd e rev c/ resultado.;0.89;1;U03;2026-09-03T10:47;;;;2026-09-03T10:53;AT000773;REALIZADO;0
P00525;835357;AT000411;2102;U02;2026-09-03T08:55;consulta;DIRETO;2102;22;;;;P;2026-10-08;2026-09-24;U02;1;;Eco abd e rev c/ resultado.;0.94;1;U03;2026-09-03T10:47;;;;2026-09-03T10:49;AT000774;MARCADO;0
P00526;202742;AT000415;2102;U02;2026-09-03T09:35;analises;DIRETO;6100;9;;A001|A002|A003|A004|A005;;MP;2026-09-10;;;0;;TC TAP + ana (hgm, bioq c/ creat, CEA, CA19.9). CE rev em 4 sem c/ exames.;0.91;1;U03;2026-09-03T10:21;;;;2026-09-03T10:25;AT000775;REALIZADO;0
P00527;202742;AT000415;2102;U02;2026-09-03T09:35;exame;DIRETO;7000_2;1;7000002|7000004|7000009;;com contraste;MP;2026-09-18;;;0;;TC TAP + ana (hgm, bioq c/ creat, CEA, CA19.9). CE rev em 4 sem c/ exames.;0.89;1;U03;2026-09-03T10:21;;;;2026-09-03T10:37;AT000776;REALIZADO;0
P00528;202742;AT000415;2102;U02;2026-09-03T09:35;consulta;DIRETO;2102;22;;;;MP;2026-10-08;2026-09-24;U02;1;;TC TAP + ana (hgm, bioq c/ creat, CEA, CA19.9). CE rev em 4 sem c/ exames.;0.96;1;U03;2026-09-03T10:21;;;;2026-09-03T10:24;AT000777;MARCADO;0
P00529;565841;AT000422;2102;U02;2026-09-03T09:55;analises;DIRETO;6100;4;;A001|A004;;MP;2026-09-10;;;0;;Colheita s/ jejum (hemog, CEA). Rev 1/12.;0.94;1;U03;2026-09-03T10:56;;;;2026-09-03T11:10;AT000778;REALIZADO;0
P00530;565841;AT000422;2102;U02;2026-09-03T09:55;consulta;DIRETO;2102;22;;;;MP;2026-10-08;2026-09-24;U02;1;;Colheita s/ jejum (hemog, CEA). Rev 1/12.;0.85;1;U03;2026-09-03T10:56;;;;2026-09-03T11:13;AT000779;MARCADO;0
P00531;807744;AT000767;2102;U02;2026-09-03T10:15;pedido_consulta;TRIAGEM;1300;1;;;;P;2026-11-02;;;0;;Ped. cons. Onco Médica p/ discussão de QT adjuvante.;0.98;1;U03;2026-09-03T10:35;U04;2026-09-07T11:45;ACEITE;2026-09-07T12:00;AT000780;REALIZADO;0
P00532;698867;AT000768;2102;U02;2026-09-03T10:35;analises;DIRETO;6100;4;;A001|A004;;N;2026-10-18;;;0;;Colheita s/ jejum (hemog, CEA). Rev 1/12.;0.99;1;U03;2026-09-03T11:35;;;;2026-09-03T11:40;AT000781;REALIZADO;0
P00533;698867;AT000768;2102;U02;2026-09-03T10:35;consulta;DIRETO;2102;22;;;;N;2026-10-08;2026-09-24;U02;1;;Colheita s/ jejum (hemog, CEA). Rev 1/12.;0.86;1;U03;2026-09-03T11:35;;;;2026-09-03T11:49;AT000782;MARCADO;0
P00534;839734;AT000769;2102;U02;2026-09-03T10:55;analises;DIRETO;6100;9;;A001|A002|A003|A004|A005;;P;2026-09-18;;;0;;TC TAP + ana (hgm, bioq c/ creat, CEA, CA19.9). CE rev em 4 sem c/ exames.;0.89;1;U03;2026-09-03T11:28;;;;2026-09-03T11:43;AT000783;REALIZADO;0
P00535;839734;AT000769;2102;U02;2026-09-03T10:55;exame;DIRETO;7000_2;1;7000002|7000004|7000009;;com contraste;P;2026-10-03;;;0;;TC TAP + ana (hgm, bioq c/ creat, CEA, CA19.9). CE rev em 4 sem c/ exames.;0.85;1;U03;2026-09-03T11:28;;;;2026-09-03T11:32;AT000784;REALIZADO;0
P00536;839734;AT000769;2102;U02;2026-09-03T10:55;consulta;DIRETO;2102;23;;;;P;2026-10-08;2026-09-24;U02;1;;TC TAP + ana (hgm, bioq c/ creat, CEA, CA19.9). CE rev em 4 sem c/ exames.;0.85;1;U03;2026-09-03T11:28;;;;2026-09-03T11:48;AT000785;MARCADO;0
P00537;603674;AT000770;2102;U02;2026-09-03T11:15;pedido_consulta;TRIAGEM;1300;1;;;;N;2027-01-01;;;0;;Ped. cons. Onco Médica p/ discussão de QT adjuvante.;0.86;1;U03;2026-09-03T13:20;U04;2026-09-07T03:42;ACEITE;2026-09-07T03:58;AT000786;REALIZADO;0
P00538;506591;AT000771;2102;U02;2026-09-03T11:35;analises;DIRETO;6100;9;;A001|A002|A003|A004|A005;;N;2026-10-18;;;0;;TC TAP + ana (hgm, bioq c/ creat, CEA, CA19.9). CE rev em 4 sem c/ exames.;0.95;1;U03;2026-09-03T13:12;;;;2026-09-03T13:22;AT000787;REALIZADO;0
P00539;506591;AT000771;2102;U02;2026-09-03T11:35;exame;DIRETO;7000_2;1;7000002|7000004|7000009;;com contraste;N;2026-12-02;;;0;;TC TAP + ana (hgm, bioq c/ creat, CEA, CA19.9). CE rev em 4 sem c/ exames.;0.95;1;U03;2026-09-03T13:12;;;;2026-09-03T13:15;AT000788;MARCADO;0
P00540;506591;AT000771;2102;U02;2026-09-03T11:35;consulta;DIRETO;2102;22;;;;N;2026-10-08;2026-09-24;U02;1;;TC TAP + ana (hgm, bioq c/ creat, CEA, CA19.9). CE rev em 4 sem c/ exames.;0.86;1;U03;2026-09-03T13:12;;;;2026-09-03T13:29;AT000789;MARCADO;0
P00541;423025;AT000772;2102;U02;2026-09-03T11:45;pedido_consulta;TRIAGEM;1300;1;;;;P;2026-11-02;;;0;;Ped. cons. Onco Médica p/ discussão de QT adjuvante.;0.96;0;U03;2026-09-03T14:13;U04;2026-09-07T09:40;ACEITE;2026-09-07T10:00;AT000790;REALIZADO;0
P00542;886282;AT000441;2102;U01;2026-09-04T08:55;analises;DIRETO;6100;9;;A001|A002|A003|A004|A005;;N;2026-10-19;;;0;;TC TAP + ana (hgm, bioq c/ creat, CEA, CA19.9). CE rev em 4 sem c/ exames.;0.82;0;U03;2026-09-04T11:23;;;;2026-09-04T11:29;AT000795;REALIZADO;1
P00543;886282;AT000441;2102;U01;2026-09-04T08:55;exame;DIRETO;7000_2;1;7000002|7000004|7000009;;com contraste;N;2026-12-03;;;0;;TC TAP + ana (hgm, bioq c/ creat, CEA, CA19.9). CE rev em 4 sem c/ exames.;0.93;0;U03;2026-09-04T11:23;;;;2026-09-04T11:30;AT000796;MARCADO;0
P00544;886282;AT000441;2102;U01;2026-09-04T08:55;consulta;DIRETO;2102;23;;;;N;2026-10-09;2026-09-25;U01;1;;TC TAP + ana (hgm, bioq c/ creat, CEA, CA19.9). CE rev em 4 sem c/ exames.;0.83;1;U03;2026-09-04T11:23;;;;2026-09-04T11:35;AT000797;MARCADO;1
P00545;441944;AT000443;2102;U01;2026-09-04T09:55;analises;DIRETO;6100;9;;A001|A002|A003|A004|A005;;P;2026-09-19;;;0;;TC TAP c/ contraste + colheita c/ jejum (hemog, bioq, CEA, CA 19.9). Rev c/ exames 1/12 comigo.;0.85;1;U03;2026-09-04T12:10;;;;2026-09-04T12:16;AT000798;REALIZADO;0
P00546;441944;AT000443;2102;U01;2026-09-04T09:55;exame;DIRETO;7000_2;1;7000002|7000004|7000009;;com contraste;P;2026-10-04;;;0;;TC TAP c/ contraste + colheita c/ jejum (hemog, bioq, CEA, CA 19.9). Rev c/ exames 1/12 comigo.;0.98;1;U03;2026-09-04T12:10;;;;2026-09-04T12:11;AT000799;REALIZADO;0
P00547;441944;AT000443;2102;U01;2026-09-04T09:55;consulta;DIRETO;2102;22;;;;P;2026-10-09;2026-09-25;U01;1;;TC TAP c/ contraste + colheita c/ jejum (hemog, bioq, CEA, CA 19.9). Rev c/ exames 1/12 comigo.;0.97;1;U03;2026-09-04T12:10;;;;2026-09-04T12:13;AT000800;MARCADO;0
P00548;644339;AT000446;2102;U01;2026-09-04T10:15;analises;DIRETO;6100;9;;A001|A002|A003|A004|A005;;P;2026-09-19;;;0;;TC TAP + ana (hgm, bioq c/ creat, CEA, CA19.9). CE rev em 4 sem c/ exames.;0.94;0;U03;2026-09-04T12:03;;;;2026-09-04T12:19;AT000801;REALIZADO;0
P00549;644339;AT000446;2102;U01;2026-09-04T10:15;exame;DIRETO;7000_2;1;7000002|7000004|7000009;;com contraste;P;2026-10-04;;;0;;TC TAP + ana (hgm, bioq c/ creat, CEA, CA19.9). CE rev em 4 sem c/ exames.;0.86;1;U03;2026-09-04T12:03;;;;2026-09-04T12:08;AT000802;REALIZADO;0
P00550;644339;AT000446;2102;U01;2026-09-04T10:15;consulta;DIRETO;2102;23;;;;P;2026-10-09;2026-09-25;U01;1;;TC TAP + ana (hgm, bioq c/ creat, CEA, CA19.9). CE rev em 4 sem c/ exames.;0.96;0;U03;2026-09-04T12:03;;;;2026-09-04T12:11;AT000803;MARCADO;0
P00551;325559;AT000449;2102;U01;2026-09-04T10:55;pedido_consulta;TRIAGEM;1300;1;;;;MP;2026-10-04;;;0;;Ped. cons. Onco Médica p/ discussão de QT adjuvante.;0.99;1;U03;2026-09-04T12:08;U04;2026-09-07T06:30;ACEITE;2026-09-07T06:47;AT000804;REALIZADO;0
P00552;294326;AT000791;2102;U01;2026-09-04T11:15;analises;DIRETO;6100;9;;A001|A002|A003|A004|A005;;N;2026-10-19;;;0;;Ped. TAC TAP c/ ctr e análises c/ marcadores. Reavaliação c/ resultados dentro de 1 mês.;0.94;1;U03;2026-09-04T12:37;;;;2026-09-04T12:48;AT000805;REALIZADO;0
P00553;294326;AT000791;2102;U01;2026-09-04T11:15;exame;DIRETO;7000_2;1;7000002|7000004|7000009;;com contraste;N;2026-12-03;;;0;;Ped. TAC TAP c/ ctr e análises c/ marcadores. Reavaliação c/ resultados dentro de 1 mês.;0.97;0;U03;2026-09-04T12:37;;;;2026-09-04T12:53;AT000806;REALIZADO;0
P00554;294326;AT000791;2102;U01;2026-09-04T11:15;consulta;DIRETO;2102;23;;;;N;2026-10-09;2026-09-25;U01;1;;Ped. TAC TAP c/ ctr e análises c/ marcadores. Reavaliação c/ resultados dentro de 1 mês.;0.86;1;U03;2026-09-04T12:37;;;;2026-09-04T12:43;AT000807;MARCADO;0
P00555;674990;AT000792;2102;U01;2026-09-04T11:35;pedido_consulta;TRIAGEM;1300;1;;;;N;2027-01-02;;;0;;Ped. cons. Onco Médica p/ discussão de QT adjuvante.;0.98;1;U03;2026-09-04T12:26;U04;2026-09-07T07:51;ACEITE;2026-09-07T08:00;AT000808;REALIZADO;0
P00556;607409;AT000793;2102;U01;2026-09-04T11:45;analises;DIRETO;6100;9;;A001|A002|A003|A004|A005;;N;2026-10-19;;;0;;Ped. TAC TAP c/ ctr e análises c/ marcadores. Reavaliação c/ resultados dentro de 1 mês.;0.91;1;U03;2026-09-04T12:22;;;;2026-09-04T12:34;AT000809;REALIZADO;0
P00557;607409;AT000793;2102;U01;2026-09-04T11:45;exame;DIRETO;7000_2;1;7000002|7000004|7000009;;com contraste;N;2026-12-03;;;0;;Ped. TAC TAP c/ ctr e análises c/ marcadores. Reavaliação c/ resultados dentro de 1 mês.;0.89;1;U03;2026-09-04T12:22;;;;2026-09-04T12:25;AT000810;MARCADO;0
P00558;607409;AT000793;2102;U01;2026-09-04T11:45;consulta;DIRETO;2102;22;;;;N;2026-10-09;2026-09-25;U01;1;;Ped. TAC TAP c/ ctr e análises c/ marcadores. Reavaliação c/ resultados dentro de 1 mês.;0.91;1;U03;2026-09-04T12:22;;;;2026-09-04T12:29;AT000811;MARCADO;0
P00559;477617;AT000466;2102;U01;2026-09-07T08:55;analises;DIRETO;6100;9;;A001|A002|A003|A004|A005;;MP;2026-09-14;;;0;;TC TAP c/ contraste + colheita c/ jejum (hemog, bioq, CEA, CA 19.9). Rev c/ exames 1/12 comigo.;0.91;0;U03;2026-09-07T09:20;;;;2026-09-07T09:39;AT000817;REALIZADO;0
P00560;477617;AT000466;2102;U01;2026-09-07T08:55;exame;DIRETO;7000_2;1;7000002|7000004|7000009;;com contraste;MP;2026-09-22;;;0;;TC TAP c/ contraste + colheita c/ jejum (hemog, bioq, CEA, CA 19.9). Rev c/ exames 1/12 comigo.;0.87;1;U03;2026-09-07T09:20;;;;2026-09-07T09:29;AT000818;REALIZADO;0
P00561;477617;AT000466;2102;U01;2026-09-07T08:55;consulta;DIRETO;2102;22;;;;MP;2026-10-12;2026-09-28;U01;1;;TC TAP c/ contraste + colheita c/ jejum (hemog, bioq, CEA, CA 19.9). Rev c/ exames 1/12 comigo.;0.88;1;U03;2026-09-07T09:20;;;;2026-09-07T09:24;AT000819;MARCADO;0
P00562;556284;AT000469;2102;U01;2026-09-07T09:15;exame;DIRETO;7000_3;1;7100010;;;N;2026-12-06;;;0;;"Ecografia abdominal; reavaliação após exame.";0.92;1;U03;2026-09-07T09:47;;;;2026-09-07T09:50;AT000820;REALIZADO;0
P00563;556284;AT000469;2102;U01;2026-09-07T09:15;consulta;DIRETO;2102;22;;;;N;2026-10-12;2026-09-28;U01;1;;"Ecografia abdominal; reavaliação após exame.";0.95;1;U03;2026-09-07T09:47;;;;2026-09-07T09:58;AT000821;MARCADO;0
P00564;611423;AT000477;2102;U01;2026-09-07T10:15;tratamento;DIRETO;9602;3;65270;;;P;2026-09-22;;;0;4 semanas;Manut. CVC 4/4 sem no enf.;0.91;1;U03;2026-09-07T11:07;;;;2026-09-07T11:19;AT000822;MARCADO;0
P00565;896425;AT000474;2102;U01;2026-09-07T10:35;analises;DIRETO;6100;4;;A001|A004;;MP;2026-09-14;;;0;;Colheita s/ jejum (hemog, CEA). Rev 1/12.;0.92;1;U03;2026-09-07T12:48;;;;2026-09-07T12:52;AT000823;REALIZADO;0
P00566;896425;AT000474;2102;U01;2026-09-07T10:35;consulta;DIRETO;2102;23;;;;MP;2026-10-12;2026-09-28;U01;1;;Colheita s/ jejum (hemog, CEA). Rev 1/12.;0.96;1;U03;2026-09-07T12:48;;;;2026-09-07T13:08;AT000824;MARCADO;0
P00567;263863;AT000813;2102;U01;2026-09-07T10:55;pedido_hd;TRIAGEM;9610;1;9610001;;QT adjuvante;N;2026-11-06;;;0;;Ped. HD p/ QT adjuvante (FOLFOX). Análises pré-QT.;0.96;1;U03;2026-09-07T12:16;U10;2026-09-08T02:22;ACEITE;2026-09-08T02:24;AT000825;REALIZADO;0
P00568;263863;AT000813;2102;U01;2026-09-08T02:24;analises;DIRETO;6100;4;;A001|A002;pré-QT (regra R2);N;2026-10-23;;;0;;[criado pela regra R2];1.0;1;SISTEMA;2026-09-08T02:24;;;;2026-09-08T02:24;AT000826;REALIZADO;0
P00569;474118;AT000814;2102;U01;2026-09-07T11:15;analises;DIRETO;6100;9;;A001|A002|A003|A004|A005;;N;2026-10-22;;;0;;Ped. TAC TAP c/ ctr e análises c/ marcadores. Reavaliação c/ resultados dentro de 1 mês.;0.97;1;U03;2026-09-07T12:14;;;;2026-09-07T12:34;AT000827;REALIZADO;0
P00570;474118;AT000814;2102;U01;2026-09-07T11:15;exame;DIRETO;7000_2;1;7000002|7000004|7000009;;com contraste;N;2026-12-06;;;0;;Ped. TAC TAP c/ ctr e análises c/ marcadores. Reavaliação c/ resultados dentro de 1 mês.;0.93;1;U03;2026-09-07T12:14;;;;2026-09-07T12:32;AT000828;REALIZADO;0
P00571;474118;AT000814;2102;U01;2026-09-07T11:15;consulta;DIRETO;2102;23;;;;N;2026-10-12;2026-09-28;U01;1;;Ped. TAC TAP c/ ctr e análises c/ marcadores. Reavaliação c/ resultados dentro de 1 mês.;0.94;1;U03;2026-09-07T12:14;;;;2026-09-07T12:15;AT000829;MARCADO;0
P00572;493398;AT000815;2102;U01;2026-09-07T11:35;pedido_consulta;TRIAGEM;1300;1;;;;N;2027-01-05;;;0;;Ped. cons. Onco Médica p/ discussão de QT adjuvante.;0.9;1;U03;2026-09-07T13:55;U04;2026-09-10T14:28;ACEITE;2026-09-10T14:42;AT000830;MARCADO;0
P00573;578520;AT000816;2102;U01;2026-09-07T11:45;analises;DIRETO;6100;9;;A001|A002|A003|A004|A005;;P;2026-09-22;;;0;;Ped. TAC TAP c/ ctr e análises c/ marcadores. Reavaliação c/ resultados dentro de 1 mês.;0.9;1;U03;2026-09-07T13:55;;;;2026-09-07T14:06;AT000831;REALIZADO;0
P00574;578520;AT000816;2102;U01;2026-09-07T11:45;exame;DIRETO;7000_2;1;7000002|7000004|7000009;;com contraste;P;2026-10-07;;;0;;Ped. TAC TAP c/ ctr e análises c/ marcadores. Reavaliação c/ resultados dentro de 1 mês.;0.86;1;U03;2026-09-07T13:55;;;;2026-09-07T13:59;AT000832;REALIZADO;0
P00575;578520;AT000816;2102;U01;2026-09-07T11:45;consulta;DIRETO;2102;22;;;;P;2026-10-12;2026-09-28;U01;1;;Ped. TAC TAP c/ ctr e análises c/ marcadores. Reavaliação c/ resultados dentro de 1 mês.;0.87;1;U03;2026-09-07T13:55;;;;2026-09-07T14:09;AT000833;MARCADO;0
P00576;701140;AT000277;2102;U02;2026-09-08T08:55;analises;DIRETO;6100;4;;A001|A004;;P;2026-09-23;;;0;;Análises (hemograma, CEA) e cons. de revisão num mês.;0.86;1;U03;2026-09-08T09:33;;;;2026-09-08T09:40;AT000838;MARCADO;0
P00577;701140;AT000277;2102;U02;2026-09-08T08:55;consulta;DIRETO;2102;23;;;;P;2026-10-13;2026-09-29;U02;1;;Análises (hemograma, CEA) e cons. de revisão num mês.;0.87;1;U03;2026-09-08T09:33;;;;2026-09-08T09:42;AT000839;MARCADO;0
P00578;418670;AT000488;2102;U02;2026-09-08T09:15;analises;DIRETO;6100;4;;A001|A004;;MP;2026-09-15;;;0;;Colheita s/ jejum (hemog, CEA). Rev 1/12.;0.83;0;U03;2026-09-08T09:25;;;;2026-09-08T09:33;AT000840;REALIZADO;0
P00579;418670;AT000488;2102;U02;2026-09-08T09:15;consulta;DIRETO;2102;22;;;;MP;2026-10-13;2026-09-29;U02;1;;Colheita s/ jejum (hemog, CEA). Rev 1/12.;0.93;1;U03;2026-09-08T09:25;;;;2026-09-08T09:33;AT000841;MARCADO;0
P00580;620051;AT000486;2102;U02;2026-09-08T09:35;tratamento;DIRETO;9602;3;65270;;;N;2026-10-23;;;0;4 semanas;Manut. CVC 4/4 sem no enf.;0.98;1;U03;2026-09-08T10:24;;;;2026-09-08T10:27;AT000842;REALIZADO;0
P00581;884796;AT000491;2102;U02;2026-09-08T09:55;analises;DIRETO;6100;4;;A001|A004;;N;2026-10-23;;;0;;Análises (hemograma, CEA) e cons. de revisão num mês.;0.96;1;U03;2026-09-08T10:00;;;;2026-09-08T10:05;AT000843;MARCADO;0
P00582;884796;AT000491;2102;U02;2026-09-08T09:55;consulta;DIRETO;2102;23;;;;N;2026-10-13;2026-09-29;U02;1;;Análises (hemograma, CEA) e cons. de revisão num mês.;0.88;1;U03;2026-09-08T10:00;;;;2026-09-08T10:09;AT000844;MARCADO;0
P00583;288586;AT000494;2102;U02;2026-09-08T10:15;pedido_hd;TRIAGEM;9610;1;9610001;;QT adjuvante;N;2026-11-07;;;0;;Ped. HD p/ QT adjuvante (FOLFOX). Análises pré-QT.;0.92;1;U03;2026-09-08T10:52;U10;2026-09-10T00:58;ACEITE;2026-09-10T01:07;AT000845;REALIZADO;0
P00584;288586;AT000494;2102;U02;2026-09-10T01:07;analises;DIRETO;6100;4;;A001|A002;pré-QT (regra R2);N;2026-10-25;;;0;;[criado pela regra R2];1.0;1;SISTEMA;2026-09-10T01:07;;;;2026-09-10T01:07;AT000846;REALIZADO;0
P00585;891288;AT000500;2102;U02;2026-09-08T10:35;tratamento;DIRETO;9602;3;65270;;;N;2026-10-23;;;0;4 semanas;Manut. CVC 4/4 sem no enf.;0.93;1;U03;2026-09-08T12:52;;;;2026-09-08T13:09;AT000847;REALIZADO;0
P00586;271122;AT000834;2102;U02;2026-09-08T10:45;exame;DIRETO;7000_3;1;7100010;;;P;2026-10-08;;;0;;"Ecografia abdominal; reavaliação após exame.";0.96;1;U03;2026-09-08T11:43;;;;2026-09-08T11:50;AT000848;REALIZADO;0
P00587;271122;AT000834;2102;U02;2026-09-08T10:45;consulta;DIRETO;2102;22;;;;P;2026-10-13;2026-09-29;U02;1;;"Ecografia abdominal; reavaliação após exame.";0.82;1;U03;2026-09-08T11:43;;;;2026-09-08T12:00;AT000849;MARCADO;0
P00588;550280;AT000835;2102;U02;2026-09-08T11:15;analises;DIRETO;6100;9;;A001|A002|A003|A004|A005;;N;2026-10-23;;;0;;TC TAP + ana (hgm, bioq c/ creat, CEA, CA19.9). CE rev em 4 sem c/ exames.;0.84;1;U03;2026-09-08T13:27;;;;2026-09-08T13:37;AT000850;REALIZADO;0
P00589;550280;AT000835;2102;U02;2026-09-08T11:15;exame;DIRETO;7000_2;1;7000002|7000004|7000009;;com contraste;N;2026-12-07;;;0;;TC TAP + ana (hgm, bioq c/ creat, CEA, CA19.9). CE rev em 4 sem c/ exames.;0.96;1;U03;2026-09-08T13:27;;;;2026-09-08T13:32;AT000851;REALIZADO;0
P00590;550280;AT000835;2102;U02;2026-09-08T11:15;consulta;DIRETO;2102;22;;;;N;2026-10-13;2026-09-29;U02;1;;TC TAP + ana (hgm, bioq c/ creat, CEA, CA19.9). CE rev em 4 sem c/ exames.;0.83;1;U03;2026-09-08T13:27;;;;2026-09-08T13:30;AT000852;MARCADO;0
P00591;250759;AT000836;2102;U02;2026-09-08T11:35;pedido_hd;TRIAGEM;9610;1;9610001;;QT adjuvante;N;2026-11-07;;;0;;Iniciar CAPOX em HD. Ana na véspera.;0.93;1;U03;2026-09-08T13:44;U10;2026-09-09T04:55;ACEITE;2026-09-09T05:05;AT000853;REALIZADO;0
P00592;250759;AT000836;2102;U02;2026-09-09T05:05;analises;DIRETO;6100;4;;A001|A002;pré-QT (regra R2);N;2026-10-24;;;0;;[criado pela regra R2];1.0;1;SISTEMA;2026-09-09T05:05;;;;2026-09-09T05:05;AT000854;REALIZADO;0
P00593;350853;AT000159;2102;U01;2026-09-09T08:55;tratamento;DIRETO;9602;3;65270;;;N;2026-10-24;;;0;4 semanas;Manut. CVC 4/4 sem no enf.;0.85;1;U03;2026-09-09T09:53;;;;2026-09-09T10:05;AT000856;REALIZADO;0
P00594;831014;AT000254;2102;U01;2026-09-09T09:15;exame;DIRETO;7000_3;1;7100010;;;P;2026-10-09;;;0;;Eco abd e rev c/ resultado.;0.89;1;U03;2026-09-09T09:20;;;;2026-09-09T09:24;AT000857;REALIZADO;0
P00595;831014;AT000254;2102;U01;2026-09-09T09:15;consulta;DIRETO;2102;22;;;;P;2026-10-14;2026-09-30;U01;1;;Eco abd e rev c/ resultado.;0.82;1;U03;2026-09-09T09:20;;;;2026-09-09T09:37;AT000858;MARCADO;0
P00596;762685;AT000515;2102;U01;2026-09-09T09:55;pedido_consulta;TRIAGEM;1300;1;;;;N;2027-01-07;;;0;;Referenciar a Oncologia Médica.;0.96;1;U03;2026-09-09T12:02;U04;2026-09-09T21:34;ACEITE;2026-09-09T21:47;AT000859;REALIZADO;0
P00597;743432;AT000517;2102;U01;2026-09-09T10:15;analises;DIRETO;6100;4;;A001|A004;;N;2026-10-24;;;0;;Análises (hemograma, CEA) e cons. de revisão num mês.;0.94;1;U03;2026-09-09T12:19;;;;2026-09-09T12:32;AT000860;REALIZADO;0
P00598;743432;AT000517;2102;U01;2026-09-09T10:15;consulta;DIRETO;2102;22;;;;N;2026-10-14;2026-09-30;U01;1;;Análises (hemograma, CEA) e cons. de revisão num mês.;0.87;1;U03;2026-09-09T12:19;;;;2026-09-09T12:36;AT000861;MARCADO;0
P00599;441175;AT000525;2102;U01;2026-09-09T10:35;analises;DIRETO;6100;9;;A001|A002|A003|A004|A005;;P;2026-09-24;;;0;;TC TAP + ana (hgm, bioq c/ creat, CEA, CA19.9). CE rev em 4 sem c/ exames.;0.94;1;U03;2026-09-09T10:54;;;;2026-09-09T11:04;AT000862;REALIZADO;0
P00600;441175;AT000525;2102;U01;2026-09-09T10:35;exame;DIRETO;7000_2;1;7000002|7000004|7000009;;com contraste;P;2026-10-09;;;0;;TC TAP + ana (hgm, bioq c/ creat, CEA, CA19.9). CE rev em 4 sem c/ exames.;0.86;1;U03;2026-09-09T10:54;;;;2026-09-09T10:58;AT000863;MARCADO;0
P00601;441175;AT000525;2102;U01;2026-09-09T10:35;consulta;DIRETO;2102;22;;;;P;2026-10-14;2026-09-30;U01;1;;TC TAP + ana (hgm, bioq c/ creat, CEA, CA19.9). CE rev em 4 sem c/ exames.;0.86;1;U03;2026-09-09T10:54;;;;2026-09-09T10:57;AT000864;MARCADO;0
P00602;620051;AT000520;2102;U01;2026-09-09T10:55;analises;DIRETO;6100;4;;A001|A004;;N;2026-10-24;;;0;;Análises (hemograma, CEA) e cons. de revisão num mês.;0.85;1;U03;2026-09-09T12:23;;;;2026-09-09T12:37;AT000865;REALIZADO;0
P00603;620051;AT000520;2102;U01;2026-09-09T10:55;consulta;DIRETO;2102;23;;;;N;2026-10-14;2026-09-30;U01;1;;Análises (hemograma, CEA) e cons. de revisão num mês.;0.83;1;U03;2026-09-09T12:23;;;;2026-09-09T12:34;AT000866;MARCADO;0
P00604;504123;AT000855;2102;U01;2026-09-09T11:15;pedido_consulta;TRIAGEM;1300;1;;;;P;2026-11-08;;;0;;Ped. cons. Onco Médica p/ discussão de QT adjuvante.;0.86;1;U03;2026-09-09T13:19;U04;2026-09-14T22:08;ACEITE;2026-09-14T22:24;AT000867;REALIZADO;0
P00605;212455;AT000529;2102;U01;2026-09-09T11:35;tratamento;DIRETO;9602;3;65270;;;N;2026-10-24;;;0;4 semanas;Manut. CVC 4/4 sem no enf.;0.92;1;U03;2026-09-09T12:42;;;;2026-09-09T12:44;AT000868;REALIZADO;0
P00606;836752;AT000532;2102;U01;2026-09-09T11:55;analises;DIRETO;6100;9;;A001|A002|A003|A004|A005;;N;2026-10-24;;;0;;Ped. TAC TAP c/ ctr e análises c/ marcadores. Reavaliação c/ resultados dentro de 1 mês.;0.89;1;U03;2026-09-09T14:14;;;;2026-09-09T14:30;AT000869;REALIZADO;0
P00607;836752;AT000532;2102;U01;2026-09-09T11:55;exame;DIRETO;7000_2;1;7000002|7000004|7000009;;com contraste;N;2026-12-08;;;0;;Ped. TAC TAP c/ ctr e análises c/ marcadores. Reavaliação c/ resultados dentro de 1 mês.;0.91;1;U03;2026-09-09T14:14;;;;2026-09-09T14:16;AT000870;REALIZADO;0
P00608;836752;AT000532;2102;U01;2026-09-09T11:55;consulta;DIRETO;2102;22;;;;N;2026-10-14;2026-09-30;U01;1;;Ped. TAC TAP c/ ctr e análises c/ marcadores. Reavaliação c/ resultados dentro de 1 mês.;0.84;1;U03;2026-09-09T14:14;;;;2026-09-09T14:20;AT000871;MARCADO;0
P00609;271122;AT000550;2102;U02;2026-09-10T08:55;pedido_consulta;TRIAGEM;1300;1;;;;N;2027-01-08;;;0;;Referenciar a Oncologia Médica.;0.82;1;U03;2026-09-10T10:47;U04;2026-09-14T13:48;ACEITE;2026-09-14T13:54;AT000877;REALIZADO;0
P00610;789406;AT000064;2102;U02;2026-09-10T09:15;analises;DIRETO;6100;4;;A001|A004;;N;2026-10-25;;;0;;Análises (hemograma, CEA) e cons. de revisão num mês.;0.86;1;U03;2026-09-10T09:50;;;;2026-09-10T10:10;AT000878;REALIZADO;0
P00611;789406;AT000064;2102;U02;2026-09-10T09:15;consulta;DIRETO;2102;23;;;;N;2026-10-15;2026-10-01;U02;1;;Análises (hemograma, CEA) e cons. de revisão num mês.;0.82;1;U03;2026-09-10T09:50;;;;2026-09-10T10:02;AT000879;MARCADO;0
P00612;432007;AT000542;2102;U02;2026-09-10T09:35;analises;DIRETO;6100;9;;A001|A002|A003|A004|A005;;N;2026-10-25;;;0;;Ped. TAC TAP c/ ctr e análises c/ marcadores. Reavaliação c/ resultados dentro de 1 mês.;0.9;1;U03;2026-09-10T10:29;;;;2026-09-10T10:40;AT000880;REALIZADO;0
P00613;432007;AT000542;2102;U02;2026-09-10T09:35;exame;DIRETO;7000_2;1;7000002|7000004|7000009;;com contraste;N;2026-12-09;;;0;;Ped. TAC TAP c/ ctr e análises c/ marcadores. Reavaliação c/ resultados dentro de 1 mês.;0.99;1;U03;2026-09-10T10:29;;;;2026-09-10T10:40;AT000881;REALIZADO;0
P00614;432007;AT000542;2102;U02;2026-09-10T09:35;consulta;DIRETO;2102;22;;;;N;2026-10-15;2026-10-01;U02;1;;Ped. TAC TAP c/ ctr e análises c/ marcadores. Reavaliação c/ resultados dentro de 1 mês.;0.84;1;U03;2026-09-10T10:29;;;;2026-09-10T10:31;AT000882;MARCADO;0
P00615;685659;AT000547;2102;U02;2026-09-10T09:55;analises;DIRETO;6100;4;;A001|A004;;P;2026-09-25;;;0;;Colheita s/ jejum (hemog, CEA). Rev 1/12.;0.84;1;U03;2026-09-10T11:47;;;;2026-09-10T12:03;AT000883;REALIZADO;0
P00616;685659;AT000547;2102;U02;2026-09-10T09:55;consulta;DIRETO;2102;23;;;;P;2026-10-15;2026-10-01;U02;1;;Colheita s/ jejum (hemog, CEA). Rev 1/12.;0.84;1;U03;2026-09-10T11:47;;;;2026-09-10T12:02;AT000884;MARCADO;0
P00617;497512;AT000872;2102;U02;2026-09-10T10:35;pedido_hd;TRIAGEM;9610;1;9610001;;QT adjuvante;N;2026-11-09;;;0;;Ped. HD p/ QT adjuvante (FOLFOX). Análises pré-QT.;0.97;1;U03;2026-09-10T10:41;U10;2026-09-11T04:10;ACEITE;2026-09-11T04:19;AT000885;REALIZADO;0
P00618;542190;AT000874;2102;U02;2026-09-10T11:15;exame;DIRETO;7000_3;1;7100010;;;N;2026-12-09;;;0;;"Ecografia abdominal; reavaliação após exame.";0.98;1;U03;2026-09-10T11:46;;;;2026-09-10T12:03;AT000886;REALIZADO;0
P00619;542190;AT000874;2102;U02;2026-09-10T11:15;consulta;DIRETO;2102;23;;;;N;2026-10-15;2026-10-01;U02;1;;"Ecografia abdominal; reavaliação após exame.";0.83;1;U03;2026-09-10T11:46;;;;2026-09-10T11:49;AT000887;MARCADO;0
P00620;839734;AT000875;2102;U02;2026-09-10T11:35;analises;DIRETO;6100;9;;A001|A002|A003|A004|A005;;N;2026-10-25;;;0;;Ped. TAC TAP c/ ctr e análises c/ marcadores. Reavaliação c/ resultados dentro de 1 mês.;0.9;1;U03;2026-09-10T12:08;;;;2026-09-10T12:26;AT000888;REALIZADO;0
P00621;839734;AT000875;2102;U02;2026-09-10T11:35;exame;DIRETO;7000_2;1;7000002|7000004|7000009;;com contraste;N;2026-12-09;;;0;;Ped. TAC TAP c/ ctr e análises c/ marcadores. Reavaliação c/ resultados dentro de 1 mês.;0.88;1;U03;2026-09-10T12:08;;;;2026-09-10T12:10;AT000889;REALIZADO;0
P00622;839734;AT000875;2102;U02;2026-09-10T11:35;consulta;DIRETO;2102;23;;;;N;2026-10-15;2026-10-01;U02;1;;Ped. TAC TAP c/ ctr e análises c/ marcadores. Reavaliação c/ resultados dentro de 1 mês.;0.88;1;U03;2026-09-10T12:08;;;;2026-09-10T12:09;AT000890;MARCADO;0
P00623;432403;AT000876;2102;U02;2026-09-10T11:55;analises;DIRETO;6100;9;;A001|A002|A003|A004|A005;;P;2026-09-25;;;0;;TC TAP + ana (hgm, bioq c/ creat, CEA, CA19.9). CE rev em 4 sem c/ exames.;0.94;1;U03;2026-09-10T12:16;;;;2026-09-10T12:21;AT000891;REALIZADO;0
P00624;432403;AT000876;2102;U02;2026-09-10T11:55;exame;DIRETO;7000_2;1;7000002|7000004|7000009;;com contraste;P;2026-10-10;;;0;;TC TAP + ana (hgm, bioq c/ creat, CEA, CA19.9). CE rev em 4 sem c/ exames.;0.93;1;U03;2026-09-10T12:16;;;;2026-09-10T12:33;AT000892;REALIZADO;0
P00625;432403;AT000876;2102;U02;2026-09-10T11:55;consulta;DIRETO;2102;22;;;;P;2026-10-15;2026-10-01;U02;1;;TC TAP + ana (hgm, bioq c/ creat, CEA, CA19.9). CE rev em 4 sem c/ exames.;0.94;1;U03;2026-09-10T12:16;;;;2026-09-10T12:19;AT000893;MARCADO;0
P00626;449836;AT000097;2102;U01;2026-09-11T08:55;analises;DIRETO;6100;4;;A001|A004;;N;2026-10-26;;;0;;Análises (hemograma, CEA) e cons. de revisão num mês.;0.93;1;U03;2026-09-11T09:17;;;;2026-09-11T09:22;AT000898;REALIZADO;0
P00627;449836;AT000097;2102;U01;2026-09-11T08:55;consulta;DIRETO;2102;23;;;;N;2026-10-16;2026-10-02;U01;1;;Análises (hemograma, CEA) e cons. de revisão num mês.;0.91;1;U03;2026-09-11T09:17;;;;2026-09-11T09:28;AT000899;MARCADO;0
P00628;240508;AT000561;2102;U01;2026-09-11T09:15;analises;DIRETO;6100;4;;A001|A004;;N;2026-10-26;;;0;;Colheita s/ jejum (hemog, CEA). Rev 1/12.;0.91;1;U03;2026-09-11T11:00;;;;2026-09-11T11:02;AT000900;MARCADO;0
P00629;240508;AT000561;2102;U01;2026-09-11T09:15;consulta;DIRETO;2102;22;;;;N;2026-10-16;2026-10-02;U01;1;;Colheita s/ jejum (hemog, CEA). Rev 1/12.;0.95;1;U03;2026-09-11T11:00;;;;2026-09-11T11:11;AT000901;MARCADO;0
P00630;314343;AT000238;2102;U01;2026-09-11T09:55;pedido_consulta;TRIAGEM;1300;1;;;;N;2027-01-09;;;0;;Referenciar a Oncologia Médica.;0.88;1;U03;2026-09-11T12:14;U04;2026-09-14T04:05;ACEITE;2026-09-14T04:16;AT000902;REALIZADO;0
P00631;294326;AT000569;2102;U01;2026-09-11T10:15;pedido_consulta;TRIAGEM;1300;1;;;;P;2026-11-10;;;0;;Ped. cons. Onco Médica p/ discussão de QT adjuvante.;0.87;1;U03;2026-09-11T11:58;U04;2026-09-14T19:00;ACEITE;2026-09-14T19:05;AT000903;MARCADO;0
P00632;754170;AT000894;2102;U01;2026-09-11T10:25;analises;DIRETO;6100;4;;A001|A004;;P;2026-09-26;;;0;;Colheita s/ jejum (hemog, CEA). Rev 1/12.;0.95;1;U03;2026-09-11T11:51;;;;2026-09-11T12:09;AT000904;MARCADO;0
P00633;754170;AT000894;2102;U01;2026-09-11T10:25;consulta;DIRETO;2102;22;;;;P;2026-10-16;2026-10-02;U01;1;;Colheita s/ jejum (hemog, CEA). Rev 1/12.;0.93;1;U03;2026-09-11T11:51;;;;2026-09-11T11:52;AT000905;MARCADO;0
P00634;296672;AT000572;2102;U01;2026-09-11T10:55;pedido_consulta;TRIAGEM;2300;1;;;;MP;2026-10-11;;;0;;Referenciar a Oncologia Médica.;0.94;1;U03;2026-09-11T12:54;U06;2026-09-16T04:19;REENCAMINHADO;2026-09-16T04:28;AT000906;MARCADO;0
P00635;418461;AT000896;2102;U01;2026-09-11T11:35;analises;DIRETO;6100;4;;A001|A004;;MP;2026-09-18;;;0;;Análises (hemograma, CEA) e cons. de revisão num mês.;0.84;1;U03;2026-09-11T12:20;;;;2026-09-11T12:30;AT000907;REALIZADO;0
P00636;418461;AT000896;2102;U01;2026-09-11T11:35;consulta;DIRETO;2102;22;;;;MP;2026-10-16;2026-10-02;U01;1;;Análises (hemograma, CEA) e cons. de revisão num mês.;0.86;1;U03;2026-09-11T12:20;;;;2026-09-11T12:21;AT000908;MARCADO;0
P00637;212291;AT000897;2102;U01;2026-09-11T11:55;analises;DIRETO;6100;4;;A001|A004;;MP;2026-09-18;;;0;;Análises (hemograma, CEA) e cons. de revisão num mês.;0.94;1;U03;2026-09-11T13:33;;;;2026-09-11T13:38;AT000909;REALIZADO;0
P00638;212291;AT000897;2102;U01;2026-09-11T11:55;consulta;DIRETO;2102;23;;;;MP;2026-10-16;2026-10-02;U01;1;;Análises (hemograma, CEA) e cons. de revisão num mês.;0.98;1;U03;2026-09-11T13:33;;;;2026-09-11T13:39;AT000910;MARCADO;0
P00639;523183;AT000579;2102;U01;2026-09-14T08:55;analises;DIRETO;6100;9;;A001|A002|A003|A004|A005;;P;2026-09-29;;;0;;TC TAP c/ contraste + colheita c/ jejum (hemog, bioq, CEA, CA 19.9). Rev c/ exames 1/12 comigo.;0.87;0;U03;2026-09-14T10:21;;;;2026-09-14T10:26;AT000913;REALIZADO;0
P00640;523183;AT000579;2102;U01;2026-09-14T08:55;exame;DIRETO;7000_2;1;7000002|7000004|7000009;;com contraste;P;2026-10-14;;;0;;TC TAP c/ contraste + colheita c/ jejum (hemog, bioq, CEA, CA 19.9). Rev c/ exames 1/12 comigo.;0.88;0;U03;2026-09-14T10:21;;;;2026-09-14T10:35;AT000914;REALIZADO;0
P00641;523183;AT000579;2102;U01;2026-09-14T08:55;consulta;DIRETO;2102;23;;;;P;2026-10-19;2026-10-05;U01;1;;TC TAP c/ contraste + colheita c/ jejum (hemog, bioq, CEA, CA 19.9). Rev c/ exames 1/12 comigo.;0.88;0;U03;2026-09-14T10:21;;;;2026-09-14T10:26;AT000915;MARCADO;0
P00642;719623;AT000588;2102;U01;2026-09-14T09:15;exame;DIRETO;7000_3;1;7100010;;;N;2026-12-13;;;0;;"Ecografia abdominal; reavaliação após exame.";0.91;1;U03;2026-09-14T09:21;;;;2026-09-14T09:31;AT000916;MARCADO;1
P00643;719623;AT000588;2102;U01;2026-09-14T09:15;consulta;DIRETO;2102;23;;;;N;2026-10-19;2026-10-05;U01;1;;"Ecografia abdominal; reavaliação após exame.";0.88;1;U03;2026-09-14T09:21;;;;2026-09-14T09:32;AT000917;MARCADO;0
P00644;638142;AT000565;2102;U01;2026-09-14T09:35;analises;DIRETO;6100;9;;A001|A002|A003|A004|A005;;N;2026-10-29;;;0;;TC TAP + ana (hgm, bioq c/ creat, CEA, CA19.9). CE rev em 4 sem c/ exames.;0.85;1;U03;2026-09-14T11:42;;;;2026-09-14T11:58;AT000918;REALIZADO;0
P00645;638142;AT000565;2102;U01;2026-09-14T09:35;exame;DIRETO;7000_2;1;7000002|7000004|7000009;;com contraste;N;2026-12-13;;;0;;TC TAP + ana (hgm, bioq c/ creat, CEA, CA19.9). CE rev em 4 sem c/ exames.;0.89;1;U03;2026-09-14T11:42;;;;2026-09-14T11:55;AT000919;REALIZADO;0
P00646;638142;AT000565;2102;U01;2026-09-14T09:35;consulta;DIRETO;2102;22;;;;N;2026-10-19;2026-10-05;U01;1;;TC TAP + ana (hgm, bioq c/ creat, CEA, CA19.9). CE rev em 4 sem c/ exames.;0.87;1;U03;2026-09-14T11:42;;;;2026-09-14T12:01;AT000920;MARCADO;0
P00647;810965;AT000581;2102;U01;2026-09-14T09:55;analises;DIRETO;6100;9;;A001|A002|A003|A004|A005;;N;2026-10-29;;;0;;TC TAP + ana (hgm, bioq c/ creat, CEA, CA19.9). CE rev em 4 sem c/ exames.;0.89;1;U03;2026-09-14T11:32;;;;2026-09-14T11:50;AT000921;REALIZADO;0
P00648;810965;AT000581;2102;U01;2026-09-14T09:55;exame;DIRETO;7000_2;1;7000002|7000004|7000009;;com contraste;N;2026-12-13;;;0;;TC TAP + ana (hgm, bioq c/ creat, CEA, CA19.9). CE rev em 4 sem c/ exames.;0.83;1;U03;2026-09-14T11:32;;;;2026-09-14T11:49;AT000922;REALIZADO;0
P00649;810965;AT000581;2102;U01;2026-09-14T09:55;consulta;DIRETO;2102;22;;;;N;2026-10-19;2026-10-05;U01;1;;TC TAP + ana (hgm, bioq c/ creat, CEA, CA19.9). CE rev em 4 sem c/ exames.;0.9;1;U03;2026-09-14T11:32;;;;2026-09-14T11:48;AT000923;MARCADO;0
P00650;858796;AT000591;2102;U01;2026-09-14T10:35;exame;DIRETO;7000_3;1;7100010;;;N;2026-12-13;;;0;;"Ecografia abdominal; reavaliação após exame.";0.92;1;U03;2026-09-14T10:50;;;;2026-09-14T11:10;AT000924;REALIZADO;0
P00651;858796;AT000591;2102;U01;2026-09-14T10:35;consulta;DIRETO;2102;23;;;;N;2026-10-19;2026-10-05;U01;1;;"Ecografia abdominal; reavaliação após exame.";0.95;1;U03;2026-09-14T10:50;;;;2026-09-14T10:54;AT000925;MARCADO;0
P00652;545678;AT000600;2102;U01;2026-09-14T10:55;analises;DIRETO;6100;9;;A001|A002|A003|A004|A005;;N;2026-10-29;;;0;;TC TAP + ana (hgm, bioq c/ creat, CEA, CA19.9). CE rev em 4 sem c/ exames.;0.89;1;U03;2026-09-14T11:57;;;;2026-09-14T12:09;AT000926;REALIZADO;0
P00653;545678;AT000600;2102;U01;2026-09-14T10:55;exame;DIRETO;7000_2;1;7000002|7000004|7000009;;com contraste;N;2026-12-13;;;0;;TC TAP + ana (hgm, bioq c/ creat, CEA, CA19.9). CE rev em 4 sem c/ exames.;0.99;1;U03;2026-09-14T11:57;;;;2026-09-14T12:04;AT000927;REALIZADO;0
P00654;545678;AT000600;2102;U01;2026-09-14T10:55;consulta;DIRETO;2102;23;;;;N;2026-10-19;2026-10-05;U01;1;;TC TAP + ana (hgm, bioq c/ creat, CEA, CA19.9). CE rev em 4 sem c/ exames.;0.89;1;U03;2026-09-14T11:57;;;;2026-09-14T12:15;AT000928;MARCADO;0
P00655;292211;AT000911;2102;U01;2026-09-14T11:35;exame;DIRETO;7000_3;1;7100010;;;MP;2026-09-29;;;0;;Eco abd e rev c/ resultado.;0.95;1;U03;2026-09-14T13:47;;;;2026-09-14T13:53;AT000929;REALIZADO;0
P00656;292211;AT000911;2102;U01;2026-09-14T11:35;consulta;DIRETO;2102;22;;;;MP;2026-10-19;2026-10-05;U01;1;;Eco abd e rev c/ resultado.;0.84;1;U03;2026-09-14T13:47;;;;2026-09-14T13:49;AT000930;MARCADO;0
P00657;399028;AT000912;2102;U01;2026-09-14T11:55;analises;DIRETO;6100;4;;A001|A004;;P;2026-09-29;;;0;;Colheita s/ jejum (hemog, CEA). Rev 1/12.;0.95;1;U03;2026-09-14T13:32;;;;2026-09-14T13:51;AT000931;MARCADO;0
P00658;399028;AT000912;2102;U01;2026-09-14T11:55;consulta;DIRETO;2102;22;;;;P;2026-10-19;2026-10-05;U01;1;;Colheita s/ jejum (hemog, CEA). Rev 1/12.;0.88;1;U03;2026-09-14T13:32;;;;2026-09-14T13:46;AT000932;MARCADO;0
P00659;479337;AT000123;2102;U02;2026-09-15T08:55;pedido_hd;TRIAGEM;9610;1;9610001;;QT adjuvante;N;2026-11-14;;;0;;Iniciar CAPOX em HD. Ana na véspera.;0.85;1;U03;2026-09-15T09:54;U10;2026-09-16T03:27;RECUSADO;;;RECUSADO;0
P00660;506591;AT000056;2102;U02;2026-09-15T09:15;analises;DIRETO;6100;9;;A001|A002|A003|A004|A005;;P;2026-09-30;;;0;;Ped. TAC TAP c/ ctr e análises c/ marcadores. Reavaliação c/ resultados dentro de 1 mês.;0.87;1;U03;2026-09-15T10:04;;;;2026-09-15T10:09;AT000937;REALIZADO;0
P00661;506591;AT000056;2102;U02;2026-09-15T09:15;exame;DIRETO;7000_2;1;7000002|7000004|7000009;;com contraste;P;2026-10-15;;;0;;Ped. TAC TAP c/ ctr e análises c/ marcadores. Reavaliação c/ resultados dentro de 1 mês.;0.88;1;U03;2026-09-15T10:04;;;;2026-09-15T10:06;AT000938;REALIZADO;0
P00662;506591;AT000056;2102;U02;2026-09-15T09:15;consulta;DIRETO;2102;22;;;;P;2026-10-20;2026-10-06;U02;1;;Ped. TAC TAP c/ ctr e análises c/ marcadores. Reavaliação c/ resultados dentro de 1 mês.;0.93;1;U03;2026-09-15T10:04;;;;2026-09-15T10:08;AT000939;MARCADO;0
P00663;565841;AT000610;2102;U02;2026-09-15T09:35;analises;DIRETO;6100;4;;A001|A004;;MP;2026-09-22;;;0;;Colheita s/ jejum (hemog, CEA). Rev 1/12.;0.97;1;U03;2026-09-15T11:10;;;;2026-09-15T11:27;AT000940;REALIZADO;0
P00664;565841;AT000610;2102;U02;2026-09-15T09:35;consulta;DIRETO;2102;23;;;;MP;2026-10-20;2026-10-06;U02;1;;Colheita s/ jejum (hemog, CEA). Rev 1/12.;0.95;1;U03;2026-09-15T11:10;;;;2026-09-15T11:20;AT000941;MARCADO;0
P00665;288586;AT000617;2102;U02;2026-09-15T10:35;analises;DIRETO;6100;4;;A001|A004;;P;2026-09-30;;;0;;Colheita s/ jejum (hemog, CEA). Rev 1/12.;0.88;1;U03;2026-09-15T11:33;;;;2026-09-15T11:43;AT000942;REALIZADO;0
P00666;288586;AT000617;2102;U02;2026-09-15T10:35;consulta;DIRETO;2102;22;;;;P;2026-10-20;2026-10-06;U02;1;;Colheita s/ jejum (hemog, CEA). Rev 1/12.;0.95;1;U03;2026-09-15T11:33;;;;2026-09-15T11:40;AT000943;MARCADO;0
P00667;474907;AT000934;2102;U02;2026-09-15T11:05;tratamento;DIRETO;9602;3;65270;;;N;2026-10-30;;;0;4 semanas;Heparinização do CVC mensal (enfermagem).;0.89;1;U03;2026-09-15T12:34;;;;2026-09-15T12:49;AT000944;REALIZADO;0
P00668;648525;AT000935;2102;U02;2026-09-15T11:35;pedido_hd;TRIAGEM;9610;1;9610001;;QT adjuvante;N;2026-11-14;;;0;;Iniciar CAPOX em HD. Ana na véspera.;0.92;1;U03;2026-09-15T12:57;U10;2026-09-16T17:42;ACEITE;2026-09-16T17:51;AT000945;REALIZADO;0
P00669;648525;AT000935;2102;U02;2026-09-16T17:51;analises;DIRETO;6100;4;;A001|A002;pré-QT (regra R2);N;2026-10-31;;;0;;[criado pela regra R2];1.0;1;SISTEMA;2026-09-16T17:51;;;;2026-09-16T17:51;AT000946;REALIZADO;0
P00670;731228;AT000936;2102;U02;2026-09-15T11:45;exame;DIRETO;7000_3;1;7100010;;;P;2026-10-15;;;0;;Eco abd e rev c/ resultado.;0.84;1;U03;2026-09-15T12:09;;;;2026-09-15T12:24;AT000947;REALIZADO;0
P00671;731228;AT000936;2102;U02;2026-09-15T11:45;consulta;DIRETO;2102;22;;;;P;2026-10-20;2026-10-06;U02;1;;Eco abd e rev c/ resultado.;0.84;1;U03;2026-09-15T12:09;;;;2026-09-15T12:27;AT000948;MARCADO;0
P00672;377786;AT000584;2102;U01;2026-09-16T08:55;pedido_consulta;TRIAGEM;1300;1;;;;N;2027-01-14;;;0;;Referenciar a Oncologia Médica.;0.96;1;U03;2026-09-16T09:48;U04;2026-09-17T01:07;ACEITE;2026-09-17T01:27;AT000952;REALIZADO;0
P00673;747029;AT000626;2102;U01;2026-09-16T09:15;analises;DIRETO;6100;9;;A001|A002|A003|A004|A005;;N;2026-10-31;;;0;;TC TAP c/ contraste + colheita c/ jejum (hemog, bioq, CEA, CA 19.9). Rev c/ exames 1/12 comigo.;0.95;1;U03;2026-09-16T10:57;;;;2026-09-16T11:08;AT000954;REALIZADO;1
P00674;747029;AT000626;2102;U01;2026-09-16T09:15;exame;DIRETO;7000_2;1;7000002|7000004|7000009;;com contraste;N;2026-12-15;;;0;;TC TAP c/ contraste + colheita c/ jejum (hemog, bioq, CEA, CA 19.9). Rev c/ exames 1/12 comigo.;0.84;1;U03;2026-09-16T10:57;;;;2026-09-16T11:10;AT000955;MARCADO;0
P00675;747029;AT000626;2102;U01;2026-09-16T09:15;consulta;DIRETO;2102;22;;;;N;2026-10-21;2026-10-07;U01;1;;TC TAP c/ contraste + colheita c/ jejum (hemog, bioq, CEA, CA 19.9). Rev c/ exames 1/12 comigo.;0.97;1;U03;2026-09-16T10:57;;;;2026-09-16T11:01;AT000956;MARCADO;1
P00676;363778;AT000633;2102;U01;2026-09-16T09:35;tratamento;DIRETO;9602;3;65270;;;P;2026-10-01;;;0;4 semanas;Manut. CVC 4/4 sem no enf.;0.93;1;U03;2026-09-16T10:01;;;;2026-09-16T10:06;AT000957;REALIZADO;0
P00677;441175;AT000639;2102;U01;2026-09-16T09:55;analises;DIRETO;6100;9;;A001|A002|A003|A004|A005;;P;2026-10-01;;;0;;TC TAP + ana (hgm, bioq c/ creat, CEA, CA19.9). CE rev em 4 sem c/ exames.;0.9;1;U03;2026-09-16T10:08;;;;2026-09-16T10:13;AT000958;MARCADO;0
P00678;441175;AT000639;2102;U01;2026-09-16T09:55;exame;DIRETO;7000_2;1;7000002|7000004|7000009;;com contraste;P;2026-10-16;;;0;;TC TAP + ana (hgm, bioq c/ creat, CEA, CA19.9). CE rev em 4 sem c/ exames.;0.84;1;U03;2026-09-16T10:08;;;;2026-09-16T10:16;AT000959;MARCADO;0
P00679;441175;AT000639;2102;U01;2026-09-16T09:55;consulta;DIRETO;2102;23;;;;P;2026-10-21;2026-10-07;U01;1;;TC TAP + ana (hgm, bioq c/ creat, CEA, CA19.9). CE rev em 4 sem c/ exames.;0.83;1;U03;2026-09-16T10:08;;;;2026-09-16T10:20;AT000960;MARCADO;0
P00680;517487;AT000629;2102;U01;2026-09-16T10:15;pedido_consulta;TRIAGEM;2300;1;;;;MP;2026-10-16;;;0;;Referenciar a Oncologia Médica.;0.92;1;U03;2026-09-16T12:28;U06;2026-09-18T18:59;REENCAMINHADO;2026-09-18T19:13;AT000961;MARCADO;0
P00681;263863;AT000641;2102;U01;2026-09-16T10:35;analises;DIRETO;6100;4;;A001|A004;;P;2026-10-01;;;0;;Colheita s/ jejum (hemog, CEA). Rev 1/12.;0.94;1;U03;2026-09-16T12:16;;;;2026-09-16T12:22;AT000962;MARCADO;0
P00682;263863;AT000641;2102;U01;2026-09-16T10:35;consulta;DIRETO;2102;22;;;;P;2026-10-21;2026-10-07;U01;1;;Colheita s/ jejum (hemog, CEA). Rev 1/12.;0.93;1;U03;2026-09-16T12:16;;;;2026-09-16T12:34;AT000963;MARCADO;0
P00683;611423;AT000949;2102;U01;2026-09-16T10:45;analises;DIRETO;6100;4;;A001|A004;;P;2026-10-01;;;0;;Colheita s/ jejum (hemog, CEA). Rev 1/12.;0.85;1;U03;2026-09-16T12:39;;;;2026-09-16T12:59;AT000965;REALIZADO;1
P00684;611423;AT000949;2102;U01;2026-09-16T10:45;consulta;DIRETO;2102;22;;;;P;2026-10-21;2026-10-07;U01;1;;Colheita s/ jejum (hemog, CEA). Rev 1/12.;0.89;1;U03;2026-09-16T12:39;;;;2026-09-16T12:44;AT000966;MARCADO;1
P00685;524503;AT000643;2102;U01;2026-09-16T11:15;pedido_hd;TRIAGEM;9610;1;9610001;;QT adjuvante;MP;2026-09-30;;;0;;Iniciar CAPOX em HD. Ana na véspera.;0.85;1;U03;2026-09-16T11:44;U10;2026-09-18T08:31;ACEITE;2026-09-18T08:46;AT000967;REALIZADO;0
P00686;728202;AT000950;2102;U01;2026-09-16T11:35;tratamento;DIRETO;9602;3;65270;;;N;2026-10-31;;;0;4 semanas;Manut. CVC 4/4 sem no enf.;0.95;1;U03;2026-09-16T12:56;;;;2026-09-16T13:04;AT000968;REALIZADO;0
P00687;799689;AT000951;2102;U01;2026-09-16T11:55;exame;DIRETO;7000_3;1;7100010;;;P;2026-10-16;;;0;;Eco abd e rev c/ resultado.;0.9;1;U03;2026-09-16T13:42;;;;2026-09-16T14:02;AT000969;REALIZADO;0
P00688;799689;AT000951;2102;U01;2026-09-16T11:55;consulta;DIRETO;2102;22;;;;P;2026-10-21;2026-10-07;U01;1;;Eco abd e rev c/ resultado.;0.91;1;U03;2026-09-16T13:42;;;;2026-09-16T13:54;AT000970;MARCADO;0
P00689;799689;AT000652;2102;U02;2026-09-17T08:55;analises;DIRETO;6100;9;;A001|A002|A003|A004|A005;;N;2026-11-01;;;0;;Ped. TAC TAP c/ ctr e análises c/ marcadores. Reavaliação c/ resultados dentro de 1 mês.;0.91;0;U03;2026-09-17T11:20;;;;2026-09-17T11:37;AT000976;REALIZADO;0
P00690;799689;AT000652;2102;U02;2026-09-17T08:55;exame;DIRETO;7000_2;1;7000002|7000004|7000009;;com contraste;N;2026-12-16;;;0;;Ped. TAC TAP c/ ctr e análises c/ marcadores. Reavaliação c/ resultados dentro de 1 mês.;0.86;1;U03;2026-09-17T11:20;;;;2026-09-17T11:40;AT000977;REALIZADO;0
P00691;799689;AT000652;2102;U02;2026-09-17T08:55;consulta;DIRETO;2102;22;;;;N;2026-10-22;2026-10-08;U02;1;;Ped. TAC TAP c/ ctr e análises c/ marcadores. Reavaliação c/ resultados dentro de 1 mês.;0.84;1;U03;2026-09-17T11:20;;;;2026-09-17T11:39;AT000978;MARCADO;0
P00692;860295;AT000661;2102;U02;2026-09-17T09:35;analises;DIRETO;6100;4;;A001|A004;;MP;2026-09-24;;;0;;Análises (hemograma, CEA) e cons. de revisão num mês.;0.89;1;U03;2026-09-17T11:36;;;;2026-09-17T11:49;AT000979;REALIZADO;0
P00693;860295;AT000661;2102;U02;2026-09-17T09:35;consulta;DIRETO;2102;22;;;;MP;2026-10-22;2026-10-08;U02;1;;Análises (hemograma, CEA) e cons. de revisão num mês.;0.9;1;U03;2026-09-17T11:36;;;;2026-09-17T11:47;AT000980;MARCADO;0
P00694;518762;AT000657;2102;U02;2026-09-17T09:55;exame;DIRETO;7000_3;1;7100010;;;N;2026-12-16;;;0;;Eco abd e rev c/ resultado.;0.92;1;U03;2026-09-17T11:22;;;;2026-09-17T11:24;AT000981;REALIZADO;0
P00695;518762;AT000657;2102;U02;2026-09-17T09:55;consulta;DIRETO;2102;23;;;;N;2026-10-22;2026-10-08;U02;1;;Eco abd e rev c/ resultado.;0.94;1;U03;2026-09-17T11:22;;;;2026-09-17T11:39;AT000982;MARCADO;0
P00696;493398;AT000667;2102;U02;2026-09-17T10:15;analises;DIRETO;6100;9;;A001|A002|A003|A004|A005;;P;2026-10-02;;;0;;Ped. TAC TAP c/ ctr e análises c/ marcadores. Reavaliação c/ resultados dentro de 1 mês.;0.94;1;U03;2026-09-17T11:46;;;;2026-09-17T11:58;AT000983;REALIZADO;0
P00697;493398;AT000667;2102;U02;2026-09-17T10:15;exame;DIRETO;7000_2;1;7000002|7000004|7000009;;com contraste;P;2026-10-17;;;0;;Ped. TAC TAP c/ ctr e análises c/ marcadores. Reavaliação c/ resultados dentro de 1 mês.;0.85;1;U03;2026-09-17T11:46;;;;2026-09-17T12:05;AT000984;REALIZADO;0
P00698;493398;AT000667;2102;U02;2026-09-17T10:15;consulta;DIRETO;2102;22;;;;P;2026-10-22;2026-10-08;U02;1;;Ped. TAC TAP c/ ctr e análises c/ marcadores. Reavaliação c/ resultados dentro de 1 mês.;0.9;1;U03;2026-09-17T11:46;;;;2026-09-17T12:06;AT000985;MARCADO;0
P00699;660851;AT000971;2102;U02;2026-09-17T10:25;analises;DIRETO;6100;4;;A001|A004;;N;2026-11-01;;;0;;Colheita s/ jejum (hemog, CEA). Rev 1/12.;0.95;1;U03;2026-09-17T11:08;;;;2026-09-17T11:17;AT000986;REALIZADO;0
P00700;660851;AT000971;2102;U02;2026-09-17T10:25;consulta;DIRETO;2102;22;;;;N;2026-10-22;2026-10-08;U02;1;;Colheita s/ jejum (hemog, CEA). Rev 1/12.;0.98;1;U03;2026-09-17T11:08;;;;2026-09-17T11:11;AT000987;MARCADO;0
P00701;672656;AT000972;2102;U02;2026-09-17T10:55;tratamento;DIRETO;9602;3;65270;;;N;2026-11-01;;;0;4 semanas;Heparinização do CVC mensal (enfermagem).;0.92;1;U03;2026-09-17T12:57;;;;2026-09-17T13:03;AT000988;REALIZADO;0
P00702;789406;AT000973;2102;U02;2026-09-17T11:05;analises;DIRETO;6100;9;;A001|A002|A003|A004|A005;;P;2026-10-02;;;0;;TC TAP + ana (hgm, bioq c/ creat, CEA, CA19.9). CE rev em 4 sem c/ exames.;0.96;1;U03;2026-09-17T11:22;;;;2026-09-17T11:25;AT000989;REALIZADO;0
P00703;789406;AT000973;2102;U02;2026-09-17T11:05;exame;DIRETO;7000_2;1;7000002|7000004|7000009;;com contraste;P;2026-10-17;;;0;;TC TAP + ana (hgm, bioq c/ creat, CEA, CA19.9). CE rev em 4 sem c/ exames.;0.9;1;U03;2026-09-17T11:22;;;;2026-09-17T11:34;AT000990;REALIZADO;0
P00704;789406;AT000973;2102;U02;2026-09-17T11:05;consulta;DIRETO;2102;22;;;;P;2026-10-22;2026-10-08;U02;1;;TC TAP + ana (hgm, bioq c/ creat, CEA, CA19.9). CE rev em 4 sem c/ exames.;0.93;1;U03;2026-09-17T11:22;;;;2026-09-17T11:25;AT000991;MARCADO;0
P00705;563701;AT000974;2102;U02;2026-09-17T11:35;exame;DIRETO;7000_3;1;7100010;;;P;2026-10-17;;;0;;"Ecografia abdominal; reavaliação após exame.";0.95;1;U03;2026-09-17T13:16;;;;2026-09-17T13:35;AT000992;REALIZADO;0
P00706;563701;AT000974;2102;U02;2026-09-17T11:35;consulta;DIRETO;2102;22;;;;P;2026-10-22;2026-10-08;U02;1;;"Ecografia abdominal; reavaliação após exame.";0.91;0;U03;2026-09-17T13:16;;;;2026-09-17T13:35;AT000993;MARCADO;0
P00707;505635;AT000975;2102;U02;2026-09-17T11:55;analises;DIRETO;6100;9;;A001|A002|A003|A004|A005;;N;2026-11-01;;;0;;Ped. TAC TAP c/ ctr e análises c/ marcadores. Reavaliação c/ resultados dentro de 1 mês.;0.83;1;U03;2026-09-17T12:16;;;;2026-09-17T12:21;AT000994;REALIZADO;0
P00708;505635;AT000975;2102;U02;2026-09-17T11:55;exame;DIRETO;7000_2;1;7000002|7000004|7000009;;com contraste;N;2026-12-16;;;0;;Ped. TAC TAP c/ ctr e análises c/ marcadores. Reavaliação c/ resultados dentro de 1 mês.;0.96;1;U03;2026-09-17T12:16;;;;2026-09-17T12:29;AT000995;REALIZADO;0
P00709;505635;AT000975;2102;U02;2026-09-17T11:55;consulta;DIRETO;2102;23;;;;N;2026-10-22;2026-10-08;U02;1;;Ped. TAC TAP c/ ctr e análises c/ marcadores. Reavaliação c/ resultados dentro de 1 mês.;0.86;1;U03;2026-09-17T12:16;;;;2026-09-17T12:31;AT000996;MARCADO;0
P00710;354054;AT000681;2102;U01;2026-09-18T08:55;analises;DIRETO;6100;9;;A001|A002|A003|A004|A005;;N;2026-11-02;;;0;;Ped. TAC TAP c/ ctr e análises c/ marcadores. Reavaliação c/ resultados dentro de 1 mês.;0.92;1;U03;2026-09-18T10:39;;;;2026-09-18T10:47;AT000999;REALIZADO;0
P00711;354054;AT000681;2102;U01;2026-09-18T08:55;exame;DIRETO;7000_2;1;7000002|7000004|7000009;;com contraste;N;2026-12-17;;;0;;Ped. TAC TAP c/ ctr e análises c/ marcadores. Reavaliação c/ resultados dentro de 1 mês.;0.88;1;U03;2026-09-18T10:39;;;;2026-09-18T10:46;AT001000;REALIZADO;0
P00712;354054;AT000681;2102;U01;2026-09-18T08:55;consulta;DIRETO;2102;22;;;;N;2026-10-23;2026-10-09;U01;1;;Ped. TAC TAP c/ ctr e análises c/ marcadores. Reavaliação c/ resultados dentro de 1 mês.;0.85;1;U03;2026-09-18T10:39;;;;2026-09-18T10:59;AT001001;MARCADO;0
P00713;314343;AT000673;2102;U01;2026-09-18T09:15;analises;DIRETO;6100;4;;A001|A004;;N;2026-11-02;;;0;;Colheita s/ jejum (hemog, CEA). Rev 1/12.;0.98;1;U03;2026-09-18T11:45;;;;2026-09-18T12:00;AT001002;REALIZADO;0
P00714;314343;AT000673;2102;U01;2026-09-18T09:15;consulta;DIRETO;2102;22;;;;N;2026-10-23;2026-10-09;U01;1;;Colheita s/ jejum (hemog, CEA). Rev 1/12.;0.85;1;U03;2026-09-18T11:45;;;;2026-09-18T12:01;AT001003;MARCADO;0
P00715;205785;AT000676;2102;U01;2026-09-18T09:35;analises;DIRETO;6100;9;;A001|A002|A003|A004|A005;;P;2026-10-03;;;0;;TC TAP + ana (hgm, bioq c/ creat, CEA, CA19.9). CE rev em 4 sem c/ exames.;0.9;1;U03;2026-09-18T11:22;;;;2026-09-18T11:37;AT001004;REALIZADO;0
P00716;205785;AT000676;2102;U01;2026-09-18T09:35;exame;DIRETO;7000_2;1;7000002|7000004|7000009;;com contraste;P;2026-10-18;;;0;;TC TAP + ana (hgm, bioq c/ creat, CEA, CA19.9). CE rev em 4 sem c/ exames.;0.89;1;U03;2026-09-18T11:22;;;;2026-09-18T11:35;AT001005;MARCADO;0
P00717;205785;AT000676;2102;U01;2026-09-18T09:35;consulta;DIRETO;2102;22;;;;P;2026-10-23;2026-10-09;U01;1;;TC TAP + ana (hgm, bioq c/ creat, CEA, CA19.9). CE rev em 4 sem c/ exames.;0.94;1;U03;2026-09-18T11:22;;;;2026-09-18T11:40;AT001006;MARCADO;0
P00718;315967;AT000686;2102;U01;2026-09-18T10:35;analises;DIRETO;6100;4;;A001|A004;;N;2026-11-02;;;0;;Colheita s/ jejum (hemog, CEA). Rev 1/12.;0.85;1;U03;2026-09-18T10:50;;;;2026-09-18T11:05;AT001007;REALIZADO;0
P00719;315967;AT000686;2102;U01;2026-09-18T10:35;consulta;DIRETO;2102;22;;;;N;2026-10-23;2026-10-09;U01;1;;Colheita s/ jejum (hemog, CEA). Rev 1/12.;0.92;1;U03;2026-09-18T10:50;;;;2026-09-18T10:53;AT001008;MARCADO;0
P00720;412626;AT000688;2102;U01;2026-09-18T10:55;exame;DIRETO;7000_3;1;7100010;;;MP;2026-10-03;;;0;;"Ecografia abdominal; reavaliação após exame.";0.84;1;U03;2026-09-18T13:05;;;;2026-09-18T13:17;AT001009;REALIZADO;0
P00721;412626;AT000688;2102;U01;2026-09-18T10:55;consulta;DIRETO;2102;22;;;;MP;2026-10-23;2026-10-09;U01;1;;"Ecografia abdominal; reavaliação após exame.";0.92;1;U03;2026-09-18T13:05;;;;2026-09-18T13:14;AT001010;MARCADO;0
P00722;474907;AT000997;2102;U01;2026-09-18T11:05;analises;DIRETO;6100;4;;A001|A004;;N;2026-11-02;;;0;;Colheita s/ jejum (hemog, CEA). Rev 1/12.;0.83;1;U03;2026-09-18T12:50;;;;2026-09-18T13:04;AT001011;REALIZADO;0
P00723;474907;AT000997;2102;U01;2026-09-18T11:05;consulta;DIRETO;2102;22;;;;N;2026-10-23;2026-10-09;U01;1;;Colheita s/ jejum (hemog, CEA). Rev 1/12.;0.93;1;U03;2026-09-18T12:50;;;;2026-09-18T13:08;AT001012;MARCADO;0
P00724;561615;AT000693;2102;U01;2026-09-18T11:35;analises;DIRETO;6100;4;;A001|A004;;P;2026-10-03;;;0;;Análises (hemograma, CEA) e cons. de revisão num mês.;0.85;1;U03;2026-09-18T13:33;;;;2026-09-18T13:39;AT001013;REALIZADO;0
P00725;561615;AT000693;2102;U01;2026-09-18T11:35;consulta;DIRETO;2102;22;;;;P;2026-10-23;2026-10-09;U01;1;;Análises (hemograma, CEA) e cons. de revisão num mês.;0.91;1;U03;2026-09-18T13:33;;;;2026-09-18T13:50;AT001014;MARCADO;0
P00726;524503;AT000684;2102;U01;2026-09-21T08:55;analises;DIRETO;6100;4;;A001|A004;;N;2026-11-05;;;0;;Colheita s/ jejum (hemog, CEA). Rev 1/12.;0.92;1;U03;2026-09-21T09:57;;;;2026-09-21T10:07;AT001015;REALIZADO;0
P00727;524503;AT000684;2102;U01;2026-09-21T08:55;consulta;DIRETO;2102;23;;;;N;2026-10-26;2026-10-12;U01;1;;Colheita s/ jejum (hemog, CEA). Rev 1/12.;0.84;1;U03;2026-09-21T09:57;;;;2026-09-21T10:14;AT001016;MARCADO;0
P00728;481734;AT000094;2102;U01;2026-09-21T09:15;pedido_consulta;TRIAGEM;1300;1;;;;N;2027-01-19;;;0;;Referenciar a Oncologia Médica.;0.98;1;U03;2026-09-21T10:58;;;;;;EM_TRIAGEM;0
P00729;740416;AT000699;2102;U01;2026-09-21T09:35;pedido_consulta;TRIAGEM;1300;1;;;;P;2026-11-20;;;0;;Referenciar a Oncologia Médica.;0.97;1;U03;2026-09-21T09:51;;;;;;EM_TRIAGEM;0
P00730;581452;AT000697;2102;U01;2026-09-21T10:35;analises;DIRETO;6100;4;;A001|A004;;N;2026-11-05;;;0;;Análises (hemograma, CEA) e cons. de revisão num mês.;0.89;1;U03;2026-09-21T12:22;;;;2026-09-21T12:35;AT001017;REALIZADO;0
P00731;581452;AT000697;2102;U01;2026-09-21T10:35;consulta;DIRETO;2102;22;;;;N;2026-10-26;2026-10-12;U01;1;;Análises (hemograma, CEA) e cons. de revisão num mês.;0.92;1;U03;2026-09-21T12:22;;;;2026-09-21T12:37;AT001018;MARCADO;0
P00732;524503;AT000705;2102;U01;2026-09-21T10:55;analises;DIRETO;6100;9;;A001|A002|A003|A004|A005;;N;2026-11-05;;;0;;TC TAP c/ contraste + colheita c/ jejum (hemog, bioq, CEA, CA 19.9). Rev c/ exames 1/12 comigo.;0.9;1;U03;2026-09-21T13:02;;;;2026-09-21T13:12;AT001019;REALIZADO;0
P00733;524503;AT000705;2102;U01;2026-09-21T10:55;exame;DIRETO;7000_2;1;7000002|7000004|7000009;;com contraste;N;2026-12-20;;;0;;TC TAP c/ contraste + colheita c/ jejum (hemog, bioq, CEA, CA 19.9). Rev c/ exames 1/12 comigo.;0.94;1;U03;2026-09-21T13:02;;;;2026-09-21T13:16;AT001020;MARCADO;0
P00734;524503;AT000705;2102;U01;2026-09-21T10:55;consulta;DIRETO;2102;22;;;;N;2026-10-26;2026-10-12;U01;1;;TC TAP c/ contraste + colheita c/ jejum (hemog, bioq, CEA, CA 19.9). Rev c/ exames 1/12 comigo.;0.83;1;U03;2026-09-21T13:02;;;;2026-09-21T13:11;AT001021;MARCADO;0
P00735;685659;AT000707;2102;U01;2026-09-21T11:15;pedido_consulta;TRIAGEM;1300;1;;;;N;2027-01-19;;;0;;Ped. cons. Onco Médica p/ discussão de QT adjuvante.;0.96;1;U03;2026-09-21T11:26;;;;;;EM_TRIAGEM;0
P00736;506591;AT000713;2102;U01;2026-09-21T11:55;exame;DIRETO;7000_3;1;7100010;;;N;2026-12-20;;;0;;Eco abd e rev c/ resultado.;0.88;1;U03;2026-09-21T12:21;;;;2026-09-21T12:24;AT001022;REALIZADO;0
P00737;506591;AT000713;2102;U01;2026-09-21T11:55;consulta;DIRETO;2102;23;;;;N;2026-10-26;2026-10-12;U01;1;;Eco abd e rev c/ resultado.;0.9;1;U03;2026-09-21T12:21;;;;2026-09-21T12:36;AT001023;MARCADO;0
P00738;204103;AT000724;2102;U02;2026-09-22T09:15;pedido_consulta;TRIAGEM;1300;1;;;;N;2027-01-20;;;0;;Ped. cons. Onco Médica p/ discussão de QT adjuvante.;0.85;1;U03;2026-09-22T09:24;;;;;;EM_TRIAGEM;0
P00739;514596;AT000739;2102;U02;2026-09-22T09:35;analises;DIRETO;6100;9;;A001|A002|A003|A004|A005;;P;2026-10-07;;;0;;TC TAP c/ contraste + colheita c/ jejum (hemog, bioq, CEA, CA 19.9). Rev c/ exames 1/12 comigo.;0.95;1;U03;2026-09-22T11:49;;;;2026-09-22T11:53;AT001024;MARCADO;0
P00740;514596;AT000739;2102;U02;2026-09-22T09:35;exame;DIRETO;7000_2;1;7000002|7000004|7000009;;com contraste;P;2026-10-22;;;0;;TC TAP c/ contraste + colheita c/ jejum (hemog, bioq, CEA, CA 19.9). Rev c/ exames 1/12 comigo.;0.97;1;U03;2026-09-22T11:49;;;;2026-09-22T12:04;AT001025;MARCADO;0
P00741;514596;AT000739;2102;U02;2026-09-22T09:35;consulta;DIRETO;2102;22;;;;P;2026-10-27;2026-10-13;U02;1;;TC TAP c/ contraste + colheita c/ jejum (hemog, bioq, CEA, CA 19.9). Rev c/ exames 1/12 comigo.;0.85;1;U03;2026-09-22T11:49;;;;2026-09-22T12:01;AT001026;MARCADO;0
P00742;570340;AT000664;2102;U02;2026-09-22T09:55;tratamento;DIRETO;9602;3;65270;;;MP;2026-09-29;;;0;4 semanas;Manut. CVC 4/4 sem no enf.;0.85;1;U03;2026-09-22T11:52;;;;2026-09-22T11:55;AT001027;MARCADO;0
P00743;225434;AT000729;2102;U02;2026-09-22T10:15;analises;DIRETO;6100;9;;A001|A002|A003|A004|A005;;N;2026-11-06;;;0;;TC TAP + ana (hgm, bioq c/ creat, CEA, CA19.9). CE rev em 4 sem c/ exames.;0.89;1;U03;2026-09-22T11:28;;;;2026-09-22T11:36;AT001028;MARCADO;0
P00744;225434;AT000729;2102;U02;2026-09-22T10:15;exame;DIRETO;7000_2;1;7000002|7000004|7000009;;com contraste;N;2026-12-21;;;0;;TC TAP + ana (hgm, bioq c/ creat, CEA, CA19.9). CE rev em 4 sem c/ exames.;0.83;1;U03;2026-09-22T11:28;;;;2026-09-22T11:45;AT001029;MARCADO;0
P00745;225434;AT000729;2102;U02;2026-09-22T10:15;consulta;DIRETO;2102;22;;;;N;2026-10-27;2026-10-13;U02;1;;TC TAP + ana (hgm, bioq c/ creat, CEA, CA19.9). CE rev em 4 sem c/ exames.;0.89;1;U03;2026-09-22T11:28;;;;;;SEM_VAGA;0
P00746;508201;AT000731;2102;U02;2026-09-22T10:35;exame;DIRETO;7000_3;1;7100010;;;MP;2026-10-07;;;0;;"Ecografia abdominal; reavaliação após exame.";0.91;1;U03;2026-09-22T11:57;;;;2026-09-22T12:07;AT001030;MARCADO;0
P00747;508201;AT000731;2102;U02;2026-09-22T10:35;consulta;DIRETO;2102;23;;;;MP;2026-10-27;2026-10-13;U02;1;;"Ecografia abdominal; reavaliação após exame.";0.93;1;U03;2026-09-22T11:57;;;;2026-09-22T12:07;AT001031;MARCADO;0
P00748;366479;AT000736;2102;U02;2026-09-22T11:35;analises;DIRETO;6100;4;;A001|A004;;N;2026-11-06;;;0;;Análises (hemograma, CEA) e cons. de revisão num mês.;0.99;1;U03;2026-09-22T13:11;;;;2026-09-22T13:21;AT001032;MARCADO;0
P00749;366479;AT000736;2102;U02;2026-09-22T11:35;consulta;DIRETO;2102;22;;;;N;2026-10-27;2026-10-13;U02;1;;Análises (hemograma, CEA) e cons. de revisão num mês.;0.87;1;U03;2026-09-22T13:11;;;;2026-09-22T13:29;AT001033;MARCADO;0
