vaga_id;especialidade_codigo;gabinete_codigo;medico_id;data_hora;duracao_min;atos_permitidos;ato_id
V00001;2102;A031707;U01;2026-07-27T08:30;20;22|23|7|5;AT000020
V00002;2102;A031707;U01;2026-07-27T08:50;20;22|23|7|5;AT000021
V00003;2102;A031707;U01;2026-07-27T09:10;20;22|23|7|5;AT000022
V00004;2102;A031707;U01;2026-07-27T09:30;20;22|23|7|5;AT000023
V00005;2102;A031707;U01;2026-07-27T09:50;20;22|23|7|5;AT000024
V00006;2102;A031707;U01;2026-07-27T10:10;20;22|23|7|5;AT000025
V00007;2102;A031707;U01;2026-07-27T10:30;20;22|23|7|5;AT000026
V00008;2102;A031707;U01;2026-07-27T10:50;20;22|23|7|5;AT000027
V00009;2102;A031707;U01;2026-07-27T11:10;20;22|23|7|5;AT000028
V00010;2102;A031707;U01;2026-07-27T11:30;20;22|23|7|5;AT000029
V00011;2102;A031707;U01;2026-07-27T11:50;20;22|23|7|5;
V00012;2102;A031707;U01;2026-07-27T12:10;20;22|23|7|5;
V00013;1300;A032101;U04;2026-07-27T09:00;40;1;
V00014;1300;A032101;U04;2026-07-27T09:40;40;1;AT001034
V00015;1300;A032101;U04;2026-07-27T10:20;20;2;AT001035
V00016;1300;A032101;U04;2026-07-27T10:40;20;2;AT001036
V00017;1300;A032101;U04;2026-07-27T11:00;20;2;AT001037
V00018;1300;A032101;U04;2026-07-27T11:20;20;2;AT001038
V00019;1300;A032101;U04;2026-07-27T11:40;20;2;AT001039
V00020;1300;A032101;U04;2026-07-27T12:00;20;2;AT001040
V00021;1300;A032101;U04;2026-07-27T12:20;20;2;AT001041
V00022;1300;A032101;U04;2026-07-27T12:40;20;2;AT001042
V00023;7000_2;A033403;;2026-07-27T08:00;20;1;AT001043
V00024;7000_2;A033403;;2026-07-27T08:20;20;1;AT001044
V00025;7000_2;A033403;;2026-07-27T08:40;20;1;AT001045
V00026;7000_2;A033403;;2026-07-27T09:00;20;1;AT001046
V00027;7000_2;A033403;;2026-07-27T09:20;20;1;AT001047
V00028;7000_2;A033403;;2026-07-27T09:40;20;1;AT001048
V00029;7000_2;A033403;;2026-07-27T10:00;20;1;AT001049
V00030;7000_2;A033403;;2026-07-27T10:20;20;1;AT001050
V00031;7000_2;A033403;;2026-07-27T10:40;20;1;
V00032;7000_2;A033403;;2026-07-27T11:00;20;1;AT001051
V00033;7000_2;A033403;;2026-07-27T11:20;20;1;
V00034;7000_2;A033403;;2026-07-27T11:40;20;1;AT001052
V00035;7000_2;A033403;;2026-07-27T12:00;20;1;AT001053
V00036;7000_2;A033403;;2026-07-27T12:20;20;1;AT001054
V00037;7000_2;A033403;;2026-07-27T12:40;20;1;AT001055
V00038;7000_2;A033403;;2026-07-27T13:00;20;1;AT001056
V00039;7000_2;A033403;;2026-07-27T13:20;20;1;AT001057
V00040;7000_2;A033403;;2026-07-27T13:40;20;1;AT001058
V00041;7000_2;A033403;;2026-07-27T14:00;20;1;AT001059
V00042;7000_2;A033403;;2026-07-27T14:20;20;1;AT001060
V00043;7000_2;A033403;;2026-07-27T14:40;20;1;
V00044;7000_2;A033403;;2026-07-27T15:00;20;1;AT001061
V00045;7000_2;A033403;;2026-07-27T15:20;20;1;AT001062
V00046;7000_2;A033403;;2026-07-27T15:40;20;1;AT001063
V00047;7000_3;A033410;;2026-07-27T09:00;20;1;
V00048;7000_3;A033410;;2026-07-27T09:20;20;1;AT001064
V00049;7000_3;A033410;;2026-07-27T09:40;20;1;AT001065
V00050;7000_3;A033410;;2026-07-27T10:00;20;1;AT001066
V00051;7000_3;A033410;;2026-07-27T10:20;20;1;
V00052;7000_3;A033410;;2026-07-27T10:40;20;1;
V00053;7000_3;A033410;;2026-07-27T11:00;20;1;AT001067
V00054;7000_3;A033410;;2026-07-27T11:20;20;1;AT001068
V00055;7000_3;A033410;;2026-07-27T11:40;20;1;
V00056;7000_3;A033410;;2026-07-27T12:00;20;1;AT001069
V00057;7000_3;A033410;;2026-07-27T12:20;20;1;AT001070
V00058;7000_3;A033410;;2026-07-27T12:40;20;1;AT001071
V00059;6100;E020305;;2026-07-27T07:30;10;4|9;AT001072
V00060;6100;E020305;;2026-07-27T07:40;10;4|9;
V00061;6100;E020305;;2026-07-27T07:50;10;4|9;AT001073
V00062;6100;E020305;;2026-07-27T08:00;10;4|9;AT001074
V00063;6100;E020305;;2026-07-27T08:10;10;4|9;AT001075
V00064;6100;E020305;;2026-07-27T08:20;10;4|9;AT001076
V00065;6100;E020305;;2026-07-27T08:30;10;4|9;
V00066;6100;E020305;;2026-07-27T08:40;10;4|9;AT001077
V00067;6100;E020305;;2026-07-27T08:50;10;4|9;AT001078
V00068;6100;E020305;;2026-07-27T09:00;10;4|9;
V00069;6100;E020305;;2026-07-27T09:10;10;4|9;AT001079
V00070;6100;E020305;;2026-07-27T09:20;10;4|9;AT001080
V00071;6100;E020305;;2026-07-27T09:30;10;4|9;AT001081
V00072;6100;E020305;;2026-07-27T09:40;10;4|9;
V00073;6100;E020305;;2026-07-27T09:50;10;4|9;AT001082
V00074;6100;E020305;;2026-07-27T10:00;10;4|9;
V00075;6100;E020305;;2026-07-27T10:10;10;4|9;AT001083
V00076;6100;E020305;;2026-07-27T10:20;10;4|9;
V00077;6100;E020306;;2026-07-27T07:30;10;4|9;
V00078;6100;E020306;;2026-07-27T07:40;10;4|9;AT001084
V00079;6100;E020306;;2026-07-27T07:50;10;4|9;AT001085
V00080;6100;E020306;;2026-07-27T08:00;10;4|9;
V00081;6100;E020306;;2026-07-27T08:10;10;4|9;AT001086
V00082;6100;E020306;;2026-07-27T08:20;10;4|9;AT001087
V00083;6100;E020306;;2026-07-27T08:30;10;4|9;AT001088
V00084;6100;E020306;;2026-07-27T08:40;10;4|9;
V00085;6100;E020306;;2026-07-27T08:50;10;4|9;AT001089
V00086;6100;E020306;;2026-07-27T09:00;10;4|9;AT001090
V00087;6100;E020306;;2026-07-27T09:10;10;4|9;
V00088;6100;E020306;;2026-07-27T09:20;10;4|9;AT001091
V00089;6100;E020306;;2026-07-27T09:30;10;4|9;AT001092
V00090;6100;E020306;;2026-07-27T09:40;10;4|9;AT001093
V00091;6100;E020306;;2026-07-27T09:50;10;4|9;AT001094
V00092;6100;E020306;;2026-07-27T10:00;10;4|9;
V00093;6100;E020306;;2026-07-27T10:10;10;4|9;AT001095
V00094;6100;E020306;;2026-07-27T10:20;10;4|9;
V00095;9610;H010101;;2026-07-27T08:30;240;1;AT001096
V00096;9610;H010101;;2026-07-27T13:30;240;1;AT001097
V00097;9610;H010102;;2026-07-27T08:30;240;1;AT001098
V00098;9610;H010102;;2026-07-27T13:30;240;1;AT001099
V00099;9610;H010103;;2026-07-27T08:30;240;1;AT001100
V00100;9610;H010103;;2026-07-27T13:30;240;1;AT001101
V00101;9610;H010104;;2026-07-27T08:30;240;1;AT001102
V00102;9610;H010104;;2026-07-27T13:30;240;1;AT001103
V00103;9602;A031903;U09;2026-07-27T09:00;30;3|1;AT001104
V00104;9602;A031903;U09;2026-07-27T09:30;30;3|1;AT001105
V00105;9602;A031903;U09;2026-07-27T10:00;30;3|1;AT001106
V00106;9602;A031903;U09;2026-07-27T10:30;30;3|1;AT001107
V00107;9602;A031903;U09;2026-07-27T11:00;30;3|1;
V00108;9602;A031903;U09;2026-07-27T11:30;30;3|1;
V00109;2102;A031708;U02;2026-07-28T08:30;20;22|23|7|5;AT000044
V00110;2102;A031708;U02;2026-07-28T08:50;20;22|23|7|5;AT000045
V00111;2102;A031708;U02;2026-07-28T09:10;20;22|23|7|5;AT000046
V00112;2102;A031708;U02;2026-07-28T09:30;20;22|23|7|5;AT000047
V00113;2102;A031708;U02;2026-07-28T09:50;20;22|23|7|5;AT000048
V00114;2102;A031708;U02;2026-07-28T10:10;20;22|23|7|5;AT000049
V00115;2102;A031708;U02;2026-07-28T10:30;20;22|23|7|5;AT000050
V00116;2102;A031708;U02;2026-07-28T10:50;20;22|23|7|5;AT000051
V00117;2102;A031708;U02;2026-07-28T11:10;20;22|23|7|5;AT000052
V00118;2102;A031708;U02;2026-07-28T11:30;20;22|23|7|5;AT000053
V00119;2102;A031708;U02;2026-07-28T11:50;20;22|23|7|5;
V00120;2102;A031708;U02;2026-07-28T12:10;20;22|23|7|5;
V00121;1300;A032102;U05;2026-07-28T09:00;40;1;AT001108
V00122;1300;A032102;U05;2026-07-28T09:40;40;1;AT001109
V00123;1300;A032102;U05;2026-07-28T10:20;20;2;AT001110
V00124;1300;A032102;U05;2026-07-28T10:40;20;2;
V00125;1300;A032102;U05;2026-07-28T11:00;20;2;AT001111
V00126;1300;A032102;U05;2026-07-28T11:20;20;2;AT001112
V00127;1300;A032102;U05;2026-07-28T11:40;20;2;AT001113
V00128;1300;A032102;U05;2026-07-28T12:00;20;2;AT001114
V00129;1300;A032102;U05;2026-07-28T12:20;20;2;
V00130;1300;A032102;U05;2026-07-28T12:40;20;2;AT001115
V00131;7000_2;A033403;;2026-07-28T08:00;20;1;AT001116
V00132;7000_2;A033403;;2026-07-28T08:20;20;1;AT001117
V00133;7000_2;A033403;;2026-07-28T08:40;20;1;AT001118
V00134;7000_2;A033403;;2026-07-28T09:00;20;1;AT001119
V00135;7000_2;A033403;;2026-07-28T09:20;20;1;AT001120
V00136;7000_2;A033403;;2026-07-28T09:40;20;1;AT001121
V00137;7000_2;A033403;;2026-07-28T10:00;20;1;AT001122
V00138;7000_2;A033403;;2026-07-28T10:20;20;1;AT001123
V00139;7000_2;A033403;;2026-07-28T10:40;20;1;AT001124
V00140;7000_2;A033403;;2026-07-28T11:00;20;1;AT001125
V00141;7000_2;A033403;;2026-07-28T11:20;20;1;AT001126
V00142;7000_2;A033403;;2026-07-28T11:40;20;1;
V00143;7000_2;A033403;;2026-07-28T12:00;20;1;AT001127
V00144;7000_2;A033403;;2026-07-28T12:20;20;1;
V00145;7000_2;A033403;;2026-07-28T12:40;20;1;
V00146;7000_2;A033403;;2026-07-28T13:00;20;1;AT001128
V00147;7000_2;A033403;;2026-07-28T13:20;20;1;
V00148;7000_2;A033403;;2026-07-28T13:40;20;1;
V00149;7000_2;A033403;;2026-07-28T14:00;20;1;AT001129
V00150;7000_2;A033403;;2026-07-28T14:20;20;1;AT001130
V00151;7000_2;A033403;;2026-07-28T14:40;20;1;
V00152;7000_2;A033403;;2026-07-28T15:00;20;1;AT001131
V00153;7000_2;A033403;;2026-07-28T15:20;20;1;AT001132
V00154;7000_2;A033403;;2026-07-28T15:40;20;1;AT001133
V00155;7000_3;A033410;;2026-07-28T09:00;20;1;AT001134
V00156;7000_3;A033410;;2026-07-28T09:20;20;1;AT001135
V00157;7000_3;A033410;;2026-07-28T09:40;20;1;AT000035
V00158;7000_3;A033410;;2026-07-28T10:00;20;1;AT001136
V00159;7000_3;A033410;;2026-07-28T10:20;20;1;
V00160;7000_3;A033410;;2026-07-28T10:40;20;1;
V00161;7000_3;A033410;;2026-07-28T11:00;20;1;AT001137
V00162;7000_3;A033410;;2026-07-28T11:20;20;1;AT001138
V00163;7000_3;A033410;;2026-07-28T11:40;20;1;AT001139
V00164;7000_3;A033410;;2026-07-28T12:00;20;1;
V00165;7000_3;A033410;;2026-07-28T12:20;20;1;AT001140
V00166;7000_3;A033410;;2026-07-28T12:40;20;1;
V00167;6100;E020305;;2026-07-28T07:30;10;4|9;AT000037
V00168;6100;E020305;;2026-07-28T07:40;10;4|9;AT000033
V00169;6100;E020305;;2026-07-28T07:50;10;4|9;AT000041
V00170;6100;E020305;;2026-07-28T08:00;10;4|9;AT001141
V00171;6100;E020305;;2026-07-28T08:10;10;4|9;
V00172;6100;E020305;;2026-07-28T08:20;10;4|9;
V00173;6100;E020305;;2026-07-28T08:30;10;4|9;AT001142
V00174;6100;E020305;;2026-07-28T08:40;10;4|9;
V00175;6100;E020305;;2026-07-28T08:50;10;4|9;AT001143
V00176;6100;E020305;;2026-07-28T09:00;10;4|9;
V00177;6100;E020305;;2026-07-28T09:10;10;4|9;AT001144
V00178;6100;E020305;;2026-07-28T09:20;10;4|9;
V00179;6100;E020305;;2026-07-28T09:30;10;4|9;AT001145
V00180;6100;E020305;;2026-07-28T09:40;10;4|9;AT001146
V00181;6100;E020305;;2026-07-28T09:50;10;4|9;AT001147
V00182;6100;E020305;;2026-07-28T10:00;10;4|9;AT001148
V00183;6100;E020305;;2026-07-28T10:10;10;4|9;
V00184;6100;E020305;;2026-07-28T10:20;10;4|9;AT001149
V00185;6100;E020306;;2026-07-28T07:30;10;4|9;AT000030
V00186;6100;E020306;;2026-07-28T07:40;10;4|9;AT001150
V00187;6100;E020306;;2026-07-28T07:50;10;4|9;AT001151
V00188;6100;E020306;;2026-07-28T08:00;10;4|9;
V00189;6100;E020306;;2026-07-28T08:10;10;4|9;AT001152
V00190;6100;E020306;;2026-07-28T08:20;10;4|9;AT001153
V00191;6100;E020306;;2026-07-28T08:30;10;4|9;
V00192;6100;E020306;;2026-07-28T08:40;10;4|9;AT001154
V00193;6100;E020306;;2026-07-28T08:50;10;4|9;AT001155
V00194;6100;E020306;;2026-07-28T09:00;10;4|9;AT001156
V00195;6100;E020306;;2026-07-28T09:10;10;4|9;AT001157
V00196;6100;E020306;;2026-07-28T09:20;10;4|9;
V00197;6100;E020306;;2026-07-28T09:30;10;4|9;AT001158
V00198;6100;E020306;;2026-07-28T09:40;10;4|9;AT001159
V00199;6100;E020306;;2026-07-28T09:50;10;4|9;AT001160
V00200;6100;E020306;;2026-07-28T10:00;10;4|9;AT001161
V00201;6100;E020306;;2026-07-28T10:10;10;4|9;
V00202;6100;E020306;;2026-07-28T10:20;10;4|9;AT001162
V00203;9610;H010101;;2026-07-28T08:30;240;1;AT001163
V00204;9610;H010101;;2026-07-28T13:30;240;1;AT001164
V00205;9610;H010102;;2026-07-28T08:30;240;1;AT001165
V00206;9610;H010102;;2026-07-28T13:30;240;1;AT001166
V00207;9610;H010103;;2026-07-28T08:30;240;1;AT001167
V00208;9610;H010103;;2026-07-28T13:30;240;1;AT001168
V00209;9610;H010104;;2026-07-28T08:30;240;1;AT001169
V00210;9610;H010104;;2026-07-28T13:30;240;1;
V00211;9602;A031903;U09;2026-07-28T09:00;30;3|1;AT001170
V00212;9602;A031903;U09;2026-07-28T09:30;30;3|1;
V00213;9602;A031903;U09;2026-07-28T10:00;30;3|1;AT001171
V00214;9602;A031903;U09;2026-07-28T10:30;30;3|1;AT001172
V00215;9602;A031903;U09;2026-07-28T11:00;30;3|1;AT001173
V00216;9602;A031903;U09;2026-07-28T11:30;30;3|1;
V00217;2102;A031707;U01;2026-07-29T08:30;20;22|23|7|5;AT000082
V00218;2102;A031707;U01;2026-07-29T08:50;20;22|23|7|5;AT000083
V00219;2102;A031707;U01;2026-07-29T09:10;20;22|23|7|5;AT000084
V00220;2102;A031707;U01;2026-07-29T09:30;20;22|23|7|5;AT000085
V00221;2102;A031707;U01;2026-07-29T09:50;20;22|23|7|5;AT000086
V00222;2102;A031707;U01;2026-07-29T10:10;20;22|23|7|5;AT000087
V00223;2102;A031707;U01;2026-07-29T10:30;20;22|23|7|5;AT000088
V00224;2102;A031707;U01;2026-07-29T10:50;20;22|23|7|5;AT000089
V00225;2102;A031707;U01;2026-07-29T11:10;20;22|23|7|5;AT000090
V00226;2102;A031707;U01;2026-07-29T11:30;20;22|23|7|5;AT000091
V00227;2102;A031707;U01;2026-07-29T11:50;20;22|23|7|5;
V00228;2102;A031707;U01;2026-07-29T12:10;20;22|23|7|5;
V00229;2300;A032501;U06;2026-07-29T09:00;40;1;AT001174
V00230;2300;A032501;U06;2026-07-29T09:40;40;1;
V00231;2300;A032501;U06;2026-07-29T10:20;40;1;AT001175
V00232;2300;A032501;U06;2026-07-29T11:00;40;1;
V00233;2300;A032501;U06;2026-07-29T11:40;40;1;
V00234;7000_2;A033403;;2026-07-29T08:00;20;1;AT000038
V00235;7000_2;A033403;;2026-07-29T08:20;20;1;AT001176
V00236;7000_2;A033403;;2026-07-29T08:40;20;1;AT000042
V00237;7000_2;A033403;;2026-07-29T09:00;20;1;AT001177
V00238;7000_2;A033403;;2026-07-29T09:20;20;1;AT001178
V00239;7000_2;A033403;;2026-07-29T09:40;20;1;AT001179
V00240;7000_2;A033403;;2026-07-29T10:00;20;1;AT001180
V00241;7000_2;A033403;;2026-07-29T10:20;20;1;
V00242;7000_2;A033403;;2026-07-29T10:40;20;1;AT001181
V00243;7000_2;A033403;;2026-07-29T11:00;20;1;AT001182
V00244;7000_2;A033403;;2026-07-29T11:20;20;1;AT001183
V00245;7000_2;A033403;;2026-07-29T11:40;20;1;AT001184
V00246;7000_2;A033403;;2026-07-29T12:00;20;1;AT001185
V00247;7000_2;A033403;;2026-07-29T12:20;20;1;AT001186
V00248;7000_2;A033403;;2026-07-29T12:40;20;1;AT001187
V00249;7000_2;A033403;;2026-07-29T13:00;20;1;AT001188
V00250;7000_2;A033403;;2026-07-29T13:20;20;1;AT001189
V00251;7000_2;A033403;;2026-07-29T13:40;20;1;AT001190
V00252;7000_2;A033403;;2026-07-29T14:00;20;1;AT001191
V00253;7000_2;A033403;;2026-07-29T14:20;20;1;AT001192
V00254;7000_2;A033403;;2026-07-29T14:40;20;1;AT001193
V00255;7000_2;A033403;;2026-07-29T15:00;20;1;
V00256;7000_2;A033403;;2026-07-29T15:20;20;1;AT001194
V00257;7000_2;A033403;;2026-07-29T15:40;20;1;
V00258;7000_3;A033410;;2026-07-29T09:00;20;1;AT001195
V00259;7000_3;A033410;;2026-07-29T09:20;20;1;
V00260;7000_3;A033410;;2026-07-29T09:40;20;1;AT001196
V00261;7000_3;A033410;;2026-07-29T10:00;20;1;AT001197
V00262;7000_3;A033410;;2026-07-29T10:20;20;1;AT001198
V00263;7000_3;A033410;;2026-07-29T10:40;20;1;AT001199
V00264;7000_3;A033410;;2026-07-29T11:00;20;1;AT001200
V00265;7000_3;A033410;;2026-07-29T11:20;20;1;AT001201
V00266;7000_3;A033410;;2026-07-29T11:40;20;1;AT001202
V00267;7000_3;A033410;;2026-07-29T12:00;20;1;AT001203
V00268;7000_3;A033410;;2026-07-29T12:20;20;1;AT001204
V00269;7000_3;A033410;;2026-07-29T12:40;20;1;
V00270;6100;E020305;;2026-07-29T07:30;10;4|9;AT000057
V00271;6100;E020305;;2026-07-29T07:40;10;4|9;AT000075
V00272;6100;E020305;;2026-07-29T07:50;10;4|9;AT000068
V00273;6100;E020305;;2026-07-29T08:00;10;4|9;AT000071
V00274;6100;E020305;;2026-07-29T08:10;10;4|9;AT000079
V00275;6100;E020305;;2026-07-29T08:20;10;4|9;AT001205
V00276;6100;E020305;;2026-07-29T08:30;10;4|9;
V00277;6100;E020305;;2026-07-29T08:40;10;4|9;AT001206
V00278;6100;E020305;;2026-07-29T08:50;10;4|9;
V00279;6100;E020305;;2026-07-29T09:00;10;4|9;
V00280;6100;E020305;;2026-07-29T09:10;10;4|9;AT001207
V00281;6100;E020305;;2026-07-29T09:20;10;4|9;
V00282;6100;E020305;;2026-07-29T09:30;10;4|9;
V00283;6100;E020305;;2026-07-29T09:40;10;4|9;AT001208
V00284;6100;E020305;;2026-07-29T09:50;10;4|9;
V00285;6100;E020305;;2026-07-29T10:00;10;4|9;
V00286;6100;E020305;;2026-07-29T10:10;10;4|9;
V00287;6100;E020305;;2026-07-29T10:20;10;4|9;
V00288;6100;E020306;;2026-07-29T07:30;10;4|9;AT000054
V00289;6100;E020306;;2026-07-29T07:40;10;4|9;AT000065
V00290;6100;E020306;;2026-07-29T07:50;10;4|9;
V00291;6100;E020306;;2026-07-29T08:00;10;4|9;
V00292;6100;E020306;;2026-07-29T08:10;10;4|9;
V00293;6100;E020306;;2026-07-29T08:20;10;4|9;AT001209
V00294;6100;E020306;;2026-07-29T08:30;10;4|9;
V00295;6100;E020306;;2026-07-29T08:40;10;4|9;AT001210
V00296;6100;E020306;;2026-07-29T08:50;10;4|9;
V00297;6100;E020306;;2026-07-29T09:00;10;4|9;
V00298;6100;E020306;;2026-07-29T09:10;10;4|9;AT001211
V00299;6100;E020306;;2026-07-29T09:20;10;4|9;
V00300;6100;E020306;;2026-07-29T09:30;10;4|9;
V00301;6100;E020306;;2026-07-29T09:40;10;4|9;
V00302;6100;E020306;;2026-07-29T09:50;10;4|9;
V00303;6100;E020306;;2026-07-29T10:00;10;4|9;
V00304;6100;E020306;;2026-07-29T10:10;10;4|9;
V00305;6100;E020306;;2026-07-29T10:20;10;4|9;AT001212
V00306;9610;H010101;;2026-07-29T08:30;240;1;AT001213
V00307;9610;H010101;;2026-07-29T13:30;240;1;AT001214
V00308;9610;H010102;;2026-07-29T08:30;240;1;AT001215
V00309;9610;H010102;;2026-07-29T13:30;240;1;
V00310;9610;H010103;;2026-07-29T08:30;240;1;AT001216
V00311;9610;H010103;;2026-07-29T13:30;240;1;AT001217
V00312;9610;H010104;;2026-07-29T08:30;240;1;
V00313;9610;H010104;;2026-07-29T13:30;240;1;AT001218
V00314;9602;A031903;U09;2026-07-29T09:00;30;3|1;AT000078
V00315;9602;A031903;U09;2026-07-29T09:30;30;3|1;
V00316;9602;A031903;U09;2026-07-29T10:00;30;3|1;
V00317;9602;A031903;U09;2026-07-29T10:30;30;3|1;AT001219
V00318;9602;A031903;U09;2026-07-29T11:00;30;3|1;
V00319;9602;A031903;U09;2026-07-29T11:30;30;3|1;AT001220
V00320;2102;A031708;U02;2026-07-30T08:30;20;22|23|7|5;AT000109
V00321;2102;A031708;U02;2026-07-30T08:50;20;22|23|7|5;AT000110
V00322;2102;A031708;U02;2026-07-30T09:10;20;22|23|7|5;AT000111
V00323;2102;A031708;U02;2026-07-30T09:30;20;22|23|7|5;AT000112
V00324;2102;A031708;U02;2026-07-30T09:50;20;22|23|7|5;AT000113
V00325;2102;A031708;U02;2026-07-30T10:10;20;22|23|7|5;AT000114
V00326;2102;A031708;U02;2026-07-30T10:30;20;22|23|7|5;AT000115
V00327;2102;A031708;U02;2026-07-30T10:50;20;22|23|7|5;AT000116
V00328;2102;A031708;U02;2026-07-30T11:10;20;22|23|7|5;AT000117
V00329;2102;A031708;U02;2026-07-30T11:30;20;22|23|7|5;AT000118
V00330;2102;A031708;U02;2026-07-30T11:50;20;22|23|7|5;
V00331;2102;A031708;U02;2026-07-30T12:10;20;22|23|7|5;
V00332;1300;A032101;U04;2026-07-30T09:00;40;1;AT001221
V00333;1300;A032101;U04;2026-07-30T09:40;40;1;
V00334;1300;A032101;U04;2026-07-30T10:20;20;2;
V00335;1300;A032101;U04;2026-07-30T10:40;20;2;AT001222
V00336;1300;A032101;U04;2026-07-30T11:00;20;2;AT001223
V00337;1300;A032101;U04;2026-07-30T11:20;20;2;AT001224
V00338;1300;A032101;U04;2026-07-30T11:40;20;2;
V00339;1300;A032101;U04;2026-07-30T12:00;20;2;
V00340;1300;A032101;U04;2026-07-30T12:20;20;2;
V00341;1300;A032101;U04;2026-07-30T12:40;20;2;AT001225
V00342;7000_2;A033403;;2026-07-30T08:00;20;1;AT000058
V00343;7000_2;A033403;;2026-07-30T08:20;20;1;AT000066
V00344;7000_2;A033403;;2026-07-30T08:40;20;1;AT000076
V00345;7000_2;A033403;;2026-07-30T09:00;20;1;AT000069
V00346;7000_2;A033403;;2026-07-30T09:20;20;1;
V00347;7000_2;A033403;;2026-07-30T09:40;20;1;AT001226
V00348;7000_2;A033403;;2026-07-30T10:00;20;1;AT001227
V00349;7000_2;A033403;;2026-07-30T10:20;20;1;AT001228
V00350;7000_2;A033403;;2026-07-30T10:40;20;1;AT001229
V00351;7000_2;A033403;;2026-07-30T11:00;20;1;AT001230
V00352;7000_2;A033403;;2026-07-30T11:20;20;1;
V00353;7000_2;A033403;;2026-07-30T11:40;20;1;AT001231
V00354;7000_2;A033403;;2026-07-30T12:00;20;1;AT001232
V00355;7000_2;A033403;;2026-07-30T12:20;20;1;
V00356;7000_2;A033403;;2026-07-30T12:40;20;1;AT001233
V00357;7000_2;A033403;;2026-07-30T13:00;20;1;AT001234
V00358;7000_2;A033403;;2026-07-30T13:20;20;1;AT001235
V00359;7000_2;A033403;;2026-07-30T13:40;20;1;AT001236
V00360;7000_2;A033403;;2026-07-30T14:00;20;1;AT001237
V00361;7000_2;A033403;;2026-07-30T14:20;20;1;AT001238
V00362;7000_2;A033403;;2026-07-30T14:40;20;1;AT001239
V00363;7000_2;A033403;;2026-07-30T15:00;20;1;AT001240
V00364;7000_2;A033403;;2026-07-30T15:20;20;1;AT001241
V00365;7000_2;A033403;;2026-07-30T15:40;20;1;AT001242
V00366;7000_3;A033410;;2026-07-30T09:00;20;1;AT001243
V00367;7000_3;A033410;;2026-07-30T09:20;20;1;AT001244
V00368;7000_3;A033410;;2026-07-30T09:40;20;1;AT001245
V00369;7000_3;A033410;;2026-07-30T10:00;20;1;
V00370;7000_3;A033410;;2026-07-30T10:20;20;1;AT001246
V00371;7000_3;A033410;;2026-07-30T10:40;20;1;AT001247
V00372;7000_3;A033410;;2026-07-30T11:00;20;1;AT001248
V00373;7000_3;A033410;;2026-07-30T11:20;20;1;AT001249
V00374;7000_3;A033410;;2026-07-30T11:40;20;1;AT001250
V00375;7000_3;A033410;;2026-07-30T12:00;20;1;AT001251
V00376;7000_3;A033410;;2026-07-30T12:20;20;1;AT001252
V00377;7000_3;A033410;;2026-07-30T12:40;20;1;AT001253
V00378;6100;E020305;;2026-07-30T07:30;10;4|9;
V00379;6100;E020305;;2026-07-30T07:40;10;4|9;AT000092
V00380;6100;E020305;;2026-07-30T07:50;10;4|9;AT000102
V00381;6100;E020305;;2026-07-30T08:00;10;4|9;AT000010
V00382;6100;E020305;;2026-07-30T08:10;10;4|9;
V00383;6100;E020305;;2026-07-30T08:20;10;4|9;
V00384;6100;E020305;;2026-07-30T08:30;10;4|9;AT001254
V00385;6100;E020305;;2026-07-30T08:40;10;4|9;
V00386;6100;E020305;;2026-07-30T08:50;10;4|9;AT001255
V00387;6100;E020305;;2026-07-30T09:00;10;4|9;AT001256
V00388;6100;E020305;;2026-07-30T09:10;10;4|9;AT001257
V00389;6100;E020305;;2026-07-30T09:20;10;4|9;AT001258
V00390;6100;E020305;;2026-07-30T09:30;10;4|9;AT001259
V00391;6100;E020305;;2026-07-30T09:40;10;4|9;
V00392;6100;E020305;;2026-07-30T09:50;10;4|9;AT001260
V00393;6100;E020305;;2026-07-30T10:00;10;4|9;AT001261
V00394;6100;E020305;;2026-07-30T10:10;10;4|9;
V00395;6100;E020305;;2026-07-30T10:20;10;4|9;
V00396;6100;E020306;;2026-07-30T07:30;10;4|9;AT000100
V00397;6100;E020306;;2026-07-30T07:40;10;4|9;AT000104
V00398;6100;E020306;;2026-07-30T07:50;10;4|9;AT001262
V00399;6100;E020306;;2026-07-30T08:00;10;4|9;AT000106
V00400;6100;E020306;;2026-07-30T08:10;10;4|9;
V00401;6100;E020306;;2026-07-30T08:20;10;4|9;AT001263
V00402;6100;E020306;;2026-07-30T08:30;10;4|9;
V00403;6100;E020306;;2026-07-30T08:40;10;4|9;AT001264
V00404;6100;E020306;;2026-07-30T08:50;10;4|9;
V00405;6100;E020306;;2026-07-30T09:00;10;4|9;AT001265
V00406;6100;E020306;;2026-07-30T09:10;10;4|9;
V00407;6100;E020306;;2026-07-30T09:20;10;4|9;
V00408;6100;E020306;;2026-07-30T09:30;10;4|9;
V00409;6100;E020306;;2026-07-30T09:40;10;4|9;AT001266
V00410;6100;E020306;;2026-07-30T09:50;10;4|9;
V00411;6100;E020306;;2026-07-30T10:00;10;4|9;
V00412;6100;E020306;;2026-07-30T10:10;10;4|9;AT001267
V00413;6100;E020306;;2026-07-30T10:20;10;4|9;
V00414;9610;H010101;;2026-07-30T08:30;240;1;AT001268
V00415;9610;H010101;;2026-07-30T13:30;240;1;AT001269
V00416;9610;H010102;;2026-07-30T08:30;240;1;AT001270
V00417;9610;H010102;;2026-07-30T13:30;240;1;AT001271
V00418;9610;H010103;;2026-07-30T08:30;240;1;AT001272
V00419;9610;H010103;;2026-07-30T13:30;240;1;AT001273
V00420;9610;H010104;;2026-07-30T08:30;240;1;AT001274
V00421;9610;H010104;;2026-07-30T13:30;240;1;
V00422;9602;A031903;U09;2026-07-30T09:00;30;3|1;
V00423;9602;A031903;U09;2026-07-30T09:30;30;3|1;AT000095
V00424;9602;A031903;U09;2026-07-30T10:00;30;3|1;
V00425;9602;A031903;U09;2026-07-30T10:30;30;3|1;AT000098
V00426;9602;A031903;U09;2026-07-30T11:00;30;3|1;AT001275
V00427;9602;A031903;U09;2026-07-30T11:30;30;3|1;
V00428;2102;A031707;U01;2026-07-31T08:30;20;22|23|7|5;AT000134
V00429;2102;A031707;U01;2026-07-31T08:50;20;22|23|7|5;AT000135
V00430;2102;A031707;U01;2026-07-31T09:10;20;22|23|7|5;AT000136
V00431;2102;A031707;U01;2026-07-31T09:30;20;22|23|7|5;AT000137
V00432;2102;A031707;U01;2026-07-31T09:50;20;22|23|7|5;AT000138
V00433;2102;A031707;U01;2026-07-31T10:10;20;22|23|7|5;AT000139
V00434;2102;A031707;U01;2026-07-31T10:30;20;22|23|7|5;AT000140
V00435;2102;A031707;U01;2026-07-31T10:50;20;22|23|7|5;AT000141
V00436;2102;A031707;U01;2026-07-31T11:10;20;22|23|7|5;AT000142
V00437;2102;A031707;U01;2026-07-31T11:30;20;22|23|7|5;AT000143
V00438;2102;A031707;U01;2026-07-31T11:50;20;22|23|7|5;
V00439;2102;A031707;U01;2026-07-31T12:10;20;22|23|7|5;
V00440;1300;A032102;U05;2026-07-31T09:00;40;1;AT000032
V00441;1300;A032102;U05;2026-07-31T09:40;40;1;AT001276
V00442;1300;A032102;U05;2026-07-31T10:20;20;2;AT001277
V00443;1300;A032102;U05;2026-07-31T10:40;20;2;AT001278
V00444;1300;A032102;U05;2026-07-31T11:00;20;2;AT001279
V00445;1300;A032102;U05;2026-07-31T11:20;20;2;AT001280
V00446;1300;A032102;U05;2026-07-31T11:40;20;2;AT001281
V00447;1300;A032102;U05;2026-07-31T12:00;20;2;
V00448;1300;A032102;U05;2026-07-31T12:20;20;2;AT001282
V00449;1300;A032102;U05;2026-07-31T12:40;20;2;AT001283
V00450;7000_2;A033403;;2026-07-31T08:00;20;1;AT001284
V00451;7000_2;A033403;;2026-07-31T08:20;20;1;
V00452;7000_2;A033403;;2026-07-31T08:40;20;1;AT001285
V00453;7000_2;A033403;;2026-07-31T09:00;20;1;AT001286
V00454;7000_2;A033403;;2026-07-31T09:20;20;1;AT001287
V00455;7000_2;A033403;;2026-07-31T09:40;20;1;AT001288
V00456;7000_2;A033403;;2026-07-31T10:00;20;1;AT001289
V00457;7000_2;A033403;;2026-07-31T10:20;20;1;AT001290
V00458;7000_2;A033403;;2026-07-31T10:40;20;1;AT001291
V00459;7000_2;A033403;;2026-07-31T11:00;20;1;AT001292
V00460;7000_2;A033403;;2026-07-31T11:20;20;1;AT001293
V00461;7000_2;A033403;;2026-07-31T11:40;20;1;AT001294
V00462;7000_2;A033403;;2026-07-31T12:00;20;1;
V00463;7000_2;A033403;;2026-07-31T12:20;20;1;AT001295
V00464;7000_2;A033403;;2026-07-31T12:40;20;1;
V00465;7000_2;A033403;;2026-07-31T13:00;20;1;
V00466;7000_2;A033403;;2026-07-31T13:20;20;1;AT001296
V00467;7000_2;A033403;;2026-07-31T13:40;20;1;
V00468;7000_2;A033403;;2026-07-31T14:00;20;1;AT001297
V00469;7000_2;A033403;;2026-07-31T14:20;20;1;AT001298
V00470;7000_2;A033403;;2026-07-31T14:40;20;1;AT001299
V00471;7000_2;A033403;;2026-07-31T15:00;20;1;AT001300
V00472;7000_2;A033403;;2026-07-31T15:20;20;1;
V00473;7000_2;A033403;;2026-07-31T15:40;20;1;AT001301
V00474;7000_3;A033410;;2026-07-31T09:00;20;1;AT001302
V00475;7000_3;A033410;;2026-07-31T09:20;20;1;AT001303
V00476;7000_3;A033410;;2026-07-31T09:40;20;1;AT001304
V00477;7000_3;A033410;;2026-07-31T10:00;20;1;AT001305
V00478;7000_3;A033410;;2026-07-31T10:20;20;1;AT001306
V00479;7000_3;A033410;;2026-07-31T10:40;20;1;AT001307
V00480;7000_3;A033410;;2026-07-31T11:00;20;1;
V00481;7000_3;A033410;;2026-07-31T11:20;20;1;AT001308
V00482;7000_3;A033410;;2026-07-31T11:40;20;1;AT001309
V00483;7000_3;A033410;;2026-07-31T12:00;20;1;AT001310
V00484;7000_3;A033410;;2026-07-31T12:20;20;1;AT001311
V00485;7000_3;A033410;;2026-07-31T12:40;20;1;
V00486;6100;E020305;;2026-07-31T07:30;10;4|9;AT000072
V00487;6100;E020305;;2026-07-31T07:40;10;4|9;AT000120
V00488;6100;E020305;;2026-07-31T07:50;10;4|9;AT001312
V00489;6100;E020305;;2026-07-31T08:00;10;4|9;
V00490;6100;E020305;;2026-07-31T08:10;10;4|9;
V00491;6100;E020305;;2026-07-31T08:20;10;4|9;
V00492;6100;E020305;;2026-07-31T08:30;10;4|9;
V00493;6100;E020305;;2026-07-31T08:40;10;4|9;AT001313
V00494;6100;E020305;;2026-07-31T08:50;10;4|9;
V00495;6100;E020305;;2026-07-31T09:00;10;4|9;AT001314
V00496;6100;E020305;;2026-07-31T09:10;10;4|9;AT001315
V00497;6100;E020305;;2026-07-31T09:20;10;4|9;AT001316
V00498;6100;E020305;;2026-07-31T09:30;10;4|9;AT001317
V00499;6100;E020305;;2026-07-31T09:40;10;4|9;
V00500;6100;E020305;;2026-07-31T09:50;10;4|9;AT001318
V00501;6100;E020305;;2026-07-31T10:00;10;4|9;
V00502;6100;E020305;;2026-07-31T10:10;10;4|9;
V00503;6100;E020305;;2026-07-31T10:20;10;4|9;AT001319
V00504;6100;E020306;;2026-07-31T07:30;10;4|9;AT000130
V00505;6100;E020306;;2026-07-31T07:40;10;4|9;
V00506;6100;E020306;;2026-07-31T07:50;10;4|9;AT001320
V00507;6100;E020306;;2026-07-31T08:00;10;4|9;AT001321
V00508;6100;E020306;;2026-07-31T08:10;10;4|9;AT001322
V00509;6100;E020306;;2026-07-31T08:20;10;4|9;
V00510;6100;E020306;;2026-07-31T08:30;10;4|9;AT001323
V00511;6100;E020306;;2026-07-31T08:40;10;4|9;AT001324
V00512;6100;E020306;;2026-07-31T08:50;10;4|9;AT001325
V00513;6100;E020306;;2026-07-31T09:00;10;4|9;AT001326
V00514;6100;E020306;;2026-07-31T09:10;10;4|9;
V00515;6100;E020306;;2026-07-31T09:20;10;4|9;AT001327
V00516;6100;E020306;;2026-07-31T09:30;10;4|9;
V00517;6100;E020306;;2026-07-31T09:40;10;4|9;
V00518;6100;E020306;;2026-07-31T09:50;10;4|9;AT001328
V00519;6100;E020306;;2026-07-31T10:00;10;4|9;
V00520;6100;E020306;;2026-07-31T10:10;10;4|9;
V00521;6100;E020306;;2026-07-31T10:20;10;4|9;AT001329
V00522;9610;H010101;;2026-07-31T08:30;240;1;AT001330
V00523;9610;H010101;;2026-07-31T13:30;240;1;AT001331
V00524;9610;H010102;;2026-07-31T08:30;240;1;AT001332
V00525;9610;H010102;;2026-07-31T13:30;240;1;AT001333
V00526;9610;H010103;;2026-07-31T08:30;240;1;
V00527;9610;H010103;;2026-07-31T13:30;240;1;AT001334
V00528;9610;H010104;;2026-07-31T08:30;240;1;
V00529;9610;H010104;;2026-07-31T13:30;240;1;AT001335
V00530;9602;A031903;U09;2026-07-31T09:00;30;3|1;AT000129
V00531;9602;A031903;U09;2026-07-31T09:30;30;3|1;AT000119
V00532;9602;A031903;U09;2026-07-31T10:00;30;3|1;
V00533;9602;A031903;U09;2026-07-31T10:30;30;3|1;AT001336
V00534;9602;A031903;U09;2026-07-31T11:00;30;3|1;AT001337
V00535;9602;A031903;U09;2026-07-31T11:30;30;3|1;AT001338
V00536;2102;A031707;U01;2026-08-03T08:30;20;22|23|7|5;AT000165
V00537;2102;A031707;U01;2026-08-03T08:50;20;22|23|7|5;AT000166
V00538;2102;A031707;U01;2026-08-03T09:10;20;22|23|7|5;AT000167
V00539;2102;A031707;U01;2026-08-03T09:30;20;22|23|7|5;AT000168
V00540;2102;A031707;U01;2026-08-03T09:50;20;22|23|7|5;AT000169
V00541;2102;A031707;U01;2026-08-03T10:10;20;22|23|7|5;AT000170
V00542;2102;A031707;U01;2026-08-03T10:30;20;22|23|7|5;AT000171
V00543;2102;A031707;U01;2026-08-03T10:50;20;22|23|7|5;AT000172
V00544;2102;A031707;U01;2026-08-03T11:10;20;22|23|7|5;AT000173
V00545;2102;A031707;U01;2026-08-03T11:30;20;22|23|7|5;AT000174
V00546;2102;A031707;U01;2026-08-03T11:50;20;22|23|7|5;
V00547;2102;A031707;U01;2026-08-03T12:10;20;22|23|7|5;
V00548;1300;A032101;U04;2026-08-03T09:00;40;1;AT000108
V00549;1300;A032101;U04;2026-08-03T09:40;40;1;
V00550;1300;A032101;U04;2026-08-03T10:20;20;2;AT001339
V00551;1300;A032101;U04;2026-08-03T10:40;20;2;AT001340
V00552;1300;A032101;U04;2026-08-03T11:00;20;2;AT001341
V00553;1300;A032101;U04;2026-08-03T11:20;20;2;AT001342
V00554;1300;A032101;U04;2026-08-03T11:40;20;2;AT001343
V00555;1300;A032101;U04;2026-08-03T12:00;20;2;AT001344
V00556;1300;A032101;U04;2026-08-03T12:20;20;2;AT001345
V00557;1300;A032101;U04;2026-08-03T12:40;20;2;AT001346
V00558;7000_2;A033403;;2026-08-03T08:00;20;1;AT000131
V00559;7000_2;A033403;;2026-08-03T08:20;20;1;AT001347
V00560;7000_2;A033403;;2026-08-03T08:40;20;1;AT000073
V00561;7000_2;A033403;;2026-08-03T09:00;20;1;AT001348
V00562;7000_2;A033403;;2026-08-03T09:20;20;1;AT001349
V00563;7000_2;A033403;;2026-08-03T09:40;20;1;AT001350
V00564;7000_2;A033403;;2026-08-03T10:00;20;1;AT001351
V00565;7000_2;A033403;;2026-08-03T10:20;20;1;AT001352
V00566;7000_2;A033403;;2026-08-03T10:40;20;1;AT001353
V00567;7000_2;A033403;;2026-08-03T11:00;20;1;AT001354
V00568;7000_2;A033403;;2026-08-03T11:20;20;1;AT001355
V00569;7000_2;A033403;;2026-08-03T11:40;20;1;AT001356
V00570;7000_2;A033403;;2026-08-03T12:00;20;1;AT001357
V00571;7000_2;A033403;;2026-08-03T12:20;20;1;AT001358
V00572;7000_2;A033403;;2026-08-03T12:40;20;1;AT001359
V00573;7000_2;A033403;;2026-08-03T13:00;20;1;AT001360
V00574;7000_2;A033403;;2026-08-03T13:20;20;1;AT001361
V00575;7000_2;A033403;;2026-08-03T13:40;20;1;AT001362
V00576;7000_2;A033403;;2026-08-03T14:00;20;1;AT001363
V00577;7000_2;A033403;;2026-08-03T14:20;20;1;AT001364
V00578;7000_2;A033403;;2026-08-03T14:40;20;1;AT001365
V00579;7000_2;A033403;;2026-08-03T15:00;20;1;
V00580;7000_2;A033403;;2026-08-03T15:20;20;1;
V00581;7000_2;A033403;;2026-08-03T15:40;20;1;AT001366
V00582;7000_3;A033410;;2026-08-03T09:00;20;1;AT000150
V00583;7000_3;A033410;;2026-08-03T09:20;20;1;AT001367
V00584;7000_3;A033410;;2026-08-03T09:40;20;1;AT001368
V00585;7000_3;A033410;;2026-08-03T10:00;20;1;AT001369
V00586;7000_3;A033410;;2026-08-03T10:20;20;1;AT001370
V00587;7000_3;A033410;;2026-08-03T10:40;20;1;AT001371
V00588;7000_3;A033410;;2026-08-03T11:00;20;1;AT001372
V00589;7000_3;A033410;;2026-08-03T11:20;20;1;
V00590;7000_3;A033410;;2026-08-03T11:40;20;1;AT001373
V00591;7000_3;A033410;;2026-08-03T12:00;20;1;AT001374
V00592;7000_3;A033410;;2026-08-03T12:20;20;1;AT001375
V00593;7000_3;A033410;;2026-08-03T12:40;20;1;
V00594;6100;E020305;;2026-08-03T07:30;10;4|9;AT000153
V00595;6100;E020305;;2026-08-03T07:40;10;4|9;AT000157
V00596;6100;E020305;;2026-08-03T07:50;10;4|9;
V00597;6100;E020305;;2026-08-03T08:00;10;4|9;AT001376
V00598;6100;E020305;;2026-08-03T08:10;10;4|9;AT001377
V00599;6100;E020305;;2026-08-03T08:20;10;4|9;
V00600;6100;E020305;;2026-08-03T08:30;10;4|9;
V00601;6100;E020305;;2026-08-03T08:40;10;4|9;AT001378
V00602;6100;E020305;;2026-08-03T08:50;10;4|9;AT001379
V00603;6100;E020305;;2026-08-03T09:00;10;4|9;AT001380
V00604;6100;E020305;;2026-08-03T09:10;10;4|9;
V00605;6100;E020305;;2026-08-03T09:20;10;4|9;AT001381
V00606;6100;E020305;;2026-08-03T09:30;10;4|9;
V00607;6100;E020305;;2026-08-03T09:40;10;4|9;
V00608;6100;E020305;;2026-08-03T09:50;10;4|9;AT001382
V00609;6100;E020305;;2026-08-03T10:00;10;4|9;AT001383
V00610;6100;E020305;;2026-08-03T10:10;10;4|9;AT001384
V00611;6100;E020305;;2026-08-03T10:20;10;4|9;
V00612;6100;E020306;;2026-08-03T07:30;10;4|9;AT000146
V00613;6100;E020306;;2026-08-03T07:40;10;4|9;AT000160
V00614;6100;E020306;;2026-08-03T07:50;10;4|9;
V00615;6100;E020306;;2026-08-03T08:00;10;4|9;
V00616;6100;E020306;;2026-08-03T08:10;10;4|9;AT001385
V00617;6100;E020306;;2026-08-03T08:20;10;4|9;
V00618;6100;E020306;;2026-08-03T08:30;10;4|9;
V00619;6100;E020306;;2026-08-03T08:40;10;4|9;
V00620;6100;E020306;;2026-08-03T08:50;10;4|9;AT001386
V00621;6100;E020306;;2026-08-03T09:00;10;4|9;
V00622;6100;E020306;;2026-08-03T09:10;10;4|9;
V00623;6100;E020306;;2026-08-03T09:20;10;4|9;AT001387
V00624;6100;E020306;;2026-08-03T09:30;10;4|9;
V00625;6100;E020306;;2026-08-03T09:40;10;4|9;
V00626;6100;E020306;;2026-08-03T09:50;10;4|9;AT001388
V00627;6100;E020306;;2026-08-03T10:00;10;4|9;
V00628;6100;E020306;;2026-08-03T10:10;10;4|9;
V00629;6100;E020306;;2026-08-03T10:20;10;4|9;AT001389
V00630;9610;H010101;;2026-08-03T08:30;240;1;AT001390
V00631;9610;H010101;;2026-08-03T13:30;240;1;AT001391
V00632;9610;H010102;;2026-08-03T08:30;240;1;AT000127
V00633;9610;H010102;;2026-08-03T13:30;240;1;AT001392
V00634;9610;H010103;;2026-08-03T08:30;240;1;AT001393
V00635;9610;H010103;;2026-08-03T13:30;240;1;
V00636;9610;H010104;;2026-08-03T08:30;240;1;AT001394
V00637;9610;H010104;;2026-08-03T13:30;240;1;AT001395
V00638;9602;A031903;U09;2026-08-03T09:00;30;3|1;AT000156
V00639;9602;A031903;U09;2026-08-03T09:30;30;3|1;
V00640;9602;A031903;U09;2026-08-03T10:00;30;3|1;
V00641;9602;A031903;U09;2026-08-03T10:30;30;3|1;
V00642;9602;A031903;U09;2026-08-03T11:00;30;3|1;AT001396
V00643;9602;A031903;U09;2026-08-03T11:30;30;3|1;
V00644;2102;A031708;U02;2026-08-04T08:30;20;22|23|7|5;AT000195
V00645;2102;A031708;U02;2026-08-04T08:50;20;22|23|7|5;AT000196
V00646;2102;A031708;U02;2026-08-04T09:10;20;22|23|7|5;AT000197
V00647;2102;A031708;U02;2026-08-04T09:30;20;22|23|7|5;AT000198
V00648;2102;A031708;U02;2026-08-04T09:50;20;22|23|7|5;AT000199
V00649;2102;A031708;U02;2026-08-04T10:10;20;22|23|7|5;AT000200
V00650;2102;A031708;U02;2026-08-04T10:30;20;22|23|7|5;AT000201
V00651;2102;A031708;U02;2026-08-04T10:50;20;22|23|7|5;AT000202
V00652;2102;A031708;U02;2026-08-04T11:10;20;22|23|7|5;AT000203
V00653;2102;A031708;U02;2026-08-04T11:30;20;22|23|7|5;AT000204
V00654;2102;A031708;U02;2026-08-04T11:50;20;22|23|7|5;
V00655;2102;A031708;U02;2026-08-04T12:10;20;22|23|7|5;
V00656;1300;A032102;U05;2026-08-04T09:00;40;1;AT000099
V00657;1300;A032102;U05;2026-08-04T09:40;40;1;AT000128
V00658;1300;A032102;U05;2026-08-04T10:20;20;2;AT001397
V00659;1300;A032102;U05;2026-08-04T10:40;20;2;AT001398
V00660;1300;A032102;U05;2026-08-04T11:00;20;2;
V00661;1300;A032102;U05;2026-08-04T11:20;20;2;AT001399
V00662;1300;A032102;U05;2026-08-04T11:40;20;2;AT001400
V00663;1300;A032102;U05;2026-08-04T12:00;20;2;
V00664;1300;A032102;U05;2026-08-04T12:20;20;2;AT001401
V00665;1300;A032102;U05;2026-08-04T12:40;20;2;
V00666;7000_2;A033403;;2026-08-04T08:00;20;1;AT000147
V00667;7000_2;A033403;;2026-08-04T08:20;20;1;AT000154
V00668;7000_2;A033403;;2026-08-04T08:40;20;1;AT000161
V00669;7000_2;A033403;;2026-08-04T09:00;20;1;AT001402
V00670;7000_2;A033403;;2026-08-04T09:20;20;1;AT001403
V00671;7000_2;A033403;;2026-08-04T09:40;20;1;
V00672;7000_2;A033403;;2026-08-04T10:00;20;1;AT001404
V00673;7000_2;A033403;;2026-08-04T10:20;20;1;AT001405
V00674;7000_2;A033403;;2026-08-04T10:40;20;1;AT001406
V00675;7000_2;A033403;;2026-08-04T11:00;20;1;AT001407
V00676;7000_2;A033403;;2026-08-04T11:20;20;1;AT001408
V00677;7000_2;A033403;;2026-08-04T11:40;20;1;AT001409
V00678;7000_2;A033403;;2026-08-04T12:00;20;1;
V00679;7000_2;A033403;;2026-08-04T12:20;20;1;AT001410
V00680;7000_2;A033403;;2026-08-04T12:40;20;1;AT001411
V00681;7000_2;A033403;;2026-08-04T13:00;20;1;AT001412
V00682;7000_2;A033403;;2026-08-04T13:20;20;1;AT001413
V00683;7000_2;A033403;;2026-08-04T13:40;20;1;AT001414
V00684;7000_2;A033403;;2026-08-04T14:00;20;1;AT001415
V00685;7000_2;A033403;;2026-08-04T14:20;20;1;AT001416
V00686;7000_2;A033403;;2026-08-04T14:40;20;1;AT001417
V00687;7000_2;A033403;;2026-08-04T15:00;20;1;AT001418
V00688;7000_2;A033403;;2026-08-04T15:20;20;1;AT001419
V00689;7000_2;A033403;;2026-08-04T15:40;20;1;AT001420
V00690;7000_3;A033410;;2026-08-04T09:00;20;1;
V00691;7000_3;A033410;;2026-08-04T09:20;20;1;
V00692;7000_3;A033410;;2026-08-04T09:40;20;1;
V00693;7000_3;A033410;;2026-08-04T10:00;20;1;
V00694;7000_3;A033410;;2026-08-04T10:20;20;1;AT001421
V00695;7000_3;A033410;;2026-08-04T10:40;20;1;AT001422
V00696;7000_3;A033410;;2026-08-04T11:00;20;1;AT001423
V00697;7000_3;A033410;;2026-08-04T11:20;20;1;AT001424
V00698;7000_3;A033410;;2026-08-04T11:40;20;1;AT001425
V00699;7000_3;A033410;;2026-08-04T12:00;20;1;AT001426
V00700;7000_3;A033410;;2026-08-04T12:20;20;1;AT001427
V00701;7000_3;A033410;;2026-08-04T12:40;20;1;AT001428
V00702;6100;E020305;;2026-08-04T07:30;10;4|9;AT000125
V00703;6100;E020305;;2026-08-04T07:40;10;4|9;AT000182
V00704;6100;E020305;;2026-08-04T07:50;10;4|9;AT000178
V00705;6100;E020305;;2026-08-04T08:00;10;4|9;AT000192
V00706;6100;E020305;;2026-08-04T08:10;10;4|9;
V00707;6100;E020305;;2026-08-04T08:20;10;4|9;AT001429
V00708;6100;E020305;;2026-08-04T08:30;10;4|9;AT001430
V00709;6100;E020305;;2026-08-04T08:40;10;4|9;
V00710;6100;E020305;;2026-08-04T08:50;10;4|9;AT001431
V00711;6100;E020305;;2026-08-04T09:00;10;4|9;AT001432
V00712;6100;E020305;;2026-08-04T09:10;10;4|9;AT001433
V00713;6100;E020305;;2026-08-04T09:20;10;4|9;AT001434
V00714;6100;E020305;;2026-08-04T09:30;10;4|9;AT001435
V00715;6100;E020305;;2026-08-04T09:40;10;4|9;
V00716;6100;E020305;;2026-08-04T09:50;10;4|9;
V00717;6100;E020305;;2026-08-04T10:00;10;4|9;AT001436
V00718;6100;E020305;;2026-08-04T10:10;10;4|9;AT001437
V00719;6100;E020305;;2026-08-04T10:20;10;4|9;
V00720;6100;E020306;;2026-08-04T07:30;10;4|9;AT000175
V00721;6100;E020306;;2026-08-04T07:40;10;4|9;AT000185
V00722;6100;E020306;;2026-08-04T07:50;10;4|9;AT000189
V00723;6100;E020306;;2026-08-04T08:00;10;4|9;AT001438
V00724;6100;E020306;;2026-08-04T08:10;10;4|9;AT001439
V00725;6100;E020306;;2026-08-04T08:20;10;4|9;AT001440
V00726;6100;E020306;;2026-08-04T08:30;10;4|9;
V00727;6100;E020306;;2026-08-04T08:40;10;4|9;
V00728;6100;E020306;;2026-08-04T08:50;10;4|9;AT001441
V00729;6100;E020306;;2026-08-04T09:00;10;4|9;AT001442
V00730;6100;E020306;;2026-08-04T09:10;10;4|9;AT001443
V00731;6100;E020306;;2026-08-04T09:20;10;4|9;AT001444
V00732;6100;E020306;;2026-08-04T09:30;10;4|9;AT001445
V00733;6100;E020306;;2026-08-04T09:40;10;4|9;
V00734;6100;E020306;;2026-08-04T09:50;10;4|9;
V00735;6100;E020306;;2026-08-04T10:00;10;4|9;
V00736;6100;E020306;;2026-08-04T10:10;10;4|9;AT001446
V00737;6100;E020306;;2026-08-04T10:20;10;4|9;
V00738;9610;H010101;;2026-08-04T08:30;240;1;AT001447
V00739;9610;H010101;;2026-08-04T13:30;240;1;AT001448
V00740;9610;H010102;;2026-08-04T08:30;240;1;
V00741;9610;H010102;;2026-08-04T13:30;240;1;AT001449
V00742;9610;H010103;;2026-08-04T08:30;240;1;AT001450
V00743;9610;H010103;;2026-08-04T13:30;240;1;AT001451
V00744;9610;H010104;;2026-08-04T08:30;240;1;AT001452
V00745;9610;H010104;;2026-08-04T13:30;240;1;
V00746;9602;A031903;U09;2026-08-04T09:00;30;3|1;AT001453
V00747;9602;A031903;U09;2026-08-04T09:30;30;3|1;AT001454
V00748;9602;A031903;U09;2026-08-04T10:00;30;3|1;
V00749;9602;A031903;U09;2026-08-04T10:30;30;3|1;
V00750;9602;A031903;U09;2026-08-04T11:00;30;3|1;
V00751;9602;A031903;U09;2026-08-04T11:30;30;3|1;AT001455
V00752;2102;A031707;U01;2026-08-05T08:30;20;22|23|7|5;AT000225
V00753;2102;A031707;U01;2026-08-05T08:50;20;22|23|7|5;AT000226
V00754;2102;A031707;U01;2026-08-05T09:10;20;22|23|7|5;AT000227
V00755;2102;A031707;U01;2026-08-05T09:30;20;22|23|7|5;AT000228
V00756;2102;A031707;U01;2026-08-05T09:50;20;22|23|7|5;AT000229
V00757;2102;A031707;U01;2026-08-05T10:10;20;22|23|7|5;AT000230
V00758;2102;A031707;U01;2026-08-05T10:30;20;22|23|7|5;AT000231
V00759;2102;A031707;U01;2026-08-05T10:50;20;22|23|7|5;AT000232
V00760;2102;A031707;U01;2026-08-05T11:10;20;22|23|7|5;AT000233
V00761;2102;A031707;U01;2026-08-05T11:30;20;22|23|7|5;AT000234
V00762;2102;A031707;U01;2026-08-05T11:50;20;22|23|7|5;
V00763;2102;A031707;U01;2026-08-05T12:10;20;22|23|7|5;
V00764;2300;A032501;U06;2026-08-05T09:00;40;1;AT000126
V00765;2300;A032501;U06;2026-08-05T09:40;40;1;AT001456
V00766;2300;A032501;U06;2026-08-05T10:20;40;1;AT001457
V00767;2300;A032501;U06;2026-08-05T11:00;40;1;AT001458
V00768;2300;A032501;U06;2026-08-05T11:40;40;1;AT001459
V00769;7000_2;A033403;;2026-08-05T08:00;20;1;AT000176
V00770;7000_2;A033403;;2026-08-05T08:20;20;1;AT000190
V00771;7000_2;A033403;;2026-08-05T08:40;20;1;AT000193
V00772;7000_2;A033403;;2026-08-05T09:00;20;1;AT000186
V00773;7000_2;A033403;;2026-08-05T09:20;20;1;AT001460
V00774;7000_2;A033403;;2026-08-05T09:40;20;1;AT001461
V00775;7000_2;A033403;;2026-08-05T10:00;20;1;AT001462
V00776;7000_2;A033403;;2026-08-05T10:20;20;1;AT001463
V00777;7000_2;A033403;;2026-08-05T10:40;20;1;AT001464
V00778;7000_2;A033403;;2026-08-05T11:00;20;1;AT001465
V00779;7000_2;A033403;;2026-08-05T11:20;20;1;AT001466
V00780;7000_2;A033403;;2026-08-05T11:40;20;1;AT001467
V00781;7000_2;A033403;;2026-08-05T12:00;20;1;AT001468
V00782;7000_2;A033403;;2026-08-05T12:20;20;1;AT001469
V00783;7000_2;A033403;;2026-08-05T12:40;20;1;AT001470
V00784;7000_2;A033403;;2026-08-05T13:00;20;1;AT001471
V00785;7000_2;A033403;;2026-08-05T13:20;20;1;AT001472
V00786;7000_2;A033403;;2026-08-05T13:40;20;1;AT001473
V00787;7000_2;A033403;;2026-08-05T14:00;20;1;
V00788;7000_2;A033403;;2026-08-05T14:20;20;1;AT001474
V00789;7000_2;A033403;;2026-08-05T14:40;20;1;AT001475
V00790;7000_2;A033403;;2026-08-05T15:00;20;1;AT001476
V00791;7000_2;A033403;;2026-08-05T15:20;20;1;AT001477
V00792;7000_2;A033403;;2026-08-05T15:40;20;1;AT001478
V00793;7000_3;A033410;;2026-08-05T09:00;20;1;AT000216
V00794;7000_3;A033410;;2026-08-05T09:20;20;1;AT001479
V00795;7000_3;A033410;;2026-08-05T09:40;20;1;
V00796;7000_3;A033410;;2026-08-05T10:00;20;1;AT001480
V00797;7000_3;A033410;;2026-08-05T10:20;20;1;
V00798;7000_3;A033410;;2026-08-05T10:40;20;1;AT001481
V00799;7000_3;A033410;;2026-08-05T11:00;20;1;AT001482
V00800;7000_3;A033410;;2026-08-05T11:20;20;1;
V00801;7000_3;A033410;;2026-08-05T11:40;20;1;AT001483
V00802;7000_3;A033410;;2026-08-05T12:00;20;1;AT001484
V00803;7000_3;A033410;;2026-08-05T12:20;20;1;AT001485
V00804;7000_3;A033410;;2026-08-05T12:40;20;1;AT001486
V00805;6100;E020305;;2026-08-05T07:30;10;4|9;AT000205
V00806;6100;E020305;;2026-08-05T07:40;10;4|9;AT000213
V00807;6100;E020305;;2026-08-05T07:50;10;4|9;AT000222
V00808;6100;E020305;;2026-08-05T08:00;10;4|9;AT001487
V00809;6100;E020305;;2026-08-05T08:10;10;4|9;
V00810;6100;E020305;;2026-08-05T08:20;10;4|9;AT001488
V00811;6100;E020305;;2026-08-05T08:30;10;4|9;AT001489
V00812;6100;E020305;;2026-08-05T08:40;10;4|9;
V00813;6100;E020305;;2026-08-05T08:50;10;4|9;AT001490
V00814;6100;E020305;;2026-08-05T09:00;10;4|9;AT001491
V00815;6100;E020305;;2026-08-05T09:10;10;4|9;AT001492
V00816;6100;E020305;;2026-08-05T09:20;10;4|9;
V00817;6100;E020305;;2026-08-05T09:30;10;4|9;AT001493
V00818;6100;E020305;;2026-08-05T09:40;10;4|9;AT001494
V00819;6100;E020305;;2026-08-05T09:50;10;4|9;AT001495
V00820;6100;E020305;;2026-08-05T10:00;10;4|9;AT001496
V00821;6100;E020305;;2026-08-05T10:10;10;4|9;
V00822;6100;E020305;;2026-08-05T10:20;10;4|9;
V00823;6100;E020306;;2026-08-05T07:30;10;4|9;AT000210
V00824;6100;E020306;;2026-08-05T07:40;10;4|9;AT000218
V00825;6100;E020306;;2026-08-05T07:50;10;4|9;AT001497
V00826;6100;E020306;;2026-08-05T08:00;10;4|9;AT001498
V00827;6100;E020306;;2026-08-05T08:10;10;4|9;
V00828;6100;E020306;;2026-08-05T08:20;10;4|9;AT001499
V00829;6100;E020306;;2026-08-05T08:30;10;4|9;AT001500
V00830;6100;E020306;;2026-08-05T08:40;10;4|9;
V00831;6100;E020306;;2026-08-05T08:50;10;4|9;AT001501
V00832;6100;E020306;;2026-08-05T09:00;10;4|9;AT001502
V00833;6100;E020306;;2026-08-05T09:10;10;4|9;AT001503
V00834;6100;E020306;;2026-08-05T09:20;10;4|9;AT001504
V00835;6100;E020306;;2026-08-05T09:30;10;4|9;AT001505
V00836;6100;E020306;;2026-08-05T09:40;10;4|9;AT001506
V00837;6100;E020306;;2026-08-05T09:50;10;4|9;
V00838;6100;E020306;;2026-08-05T10:00;10;4|9;AT001507
V00839;6100;E020306;;2026-08-05T10:10;10;4|9;AT001508
V00840;6100;E020306;;2026-08-05T10:20;10;4|9;AT001509
V00841;9610;H010101;;2026-08-05T08:30;240;1;AT001510
V00842;9610;H010101;;2026-08-05T13:30;240;1;AT001511
V00843;9610;H010102;;2026-08-05T08:30;240;1;AT000124
V00844;9610;H010102;;2026-08-05T13:30;240;1;AT001512
V00845;9610;H010103;;2026-08-05T08:30;240;1;
V00846;9610;H010103;;2026-08-05T13:30;240;1;AT001513
V00847;9610;H010104;;2026-08-05T08:30;240;1;AT001514
V00848;9610;H010104;;2026-08-05T13:30;240;1;AT001515
V00849;9602;A031903;U09;2026-08-05T09:00;30;3|1;
V00850;9602;A031903;U09;2026-08-05T09:30;30;3|1;AT000208
V00851;9602;A031903;U09;2026-08-05T10:00;30;3|1;AT001516
V00852;9602;A031903;U09;2026-08-05T10:30;30;3|1;AT001517
V00853;9602;A031903;U09;2026-08-05T11:00;30;3|1;AT001518
V00854;9602;A031903;U09;2026-08-05T11:30;30;3|1;
V00855;2102;A031708;U02;2026-08-06T08:30;20;22|23|7|5;AT000255
V00856;2102;A031708;U02;2026-08-06T08:50;20;22|23|7|5;AT000256
V00857;2102;A031708;U02;2026-08-06T09:10;20;22|23|7|5;AT000257
V00858;2102;A031708;U02;2026-08-06T09:30;20;22|23|7|5;AT000258
V00859;2102;A031708;U02;2026-08-06T09:50;20;22|23|7|5;AT000259
V00860;2102;A031708;U02;2026-08-06T10:10;20;22|23|7|5;AT000260
V00861;2102;A031708;U02;2026-08-06T10:30;20;22|23|7|5;AT000261
V00862;2102;A031708;U02;2026-08-06T10:50;20;22|23|7|5;AT000262
V00863;2102;A031708;U02;2026-08-06T11:10;20;22|23|7|5;AT000263
V00864;2102;A031708;U02;2026-08-06T11:30;20;22|23|7|5;AT000264
V00865;2102;A031708;U02;2026-08-06T11:50;20;22|23|7|5;
V00866;2102;A031708;U02;2026-08-06T12:10;20;22|23|7|5;
V00867;1300;A032101;U04;2026-08-06T09:00;40;1;AT000163
V00868;1300;A032101;U04;2026-08-06T09:40;40;1;AT000144
V00869;1300;A032101;U04;2026-08-06T10:20;20;2;AT001519
V00870;1300;A032101;U04;2026-08-06T10:40;20;2;AT001520
V00871;1300;A032101;U04;2026-08-06T11:00;20;2;
V00872;1300;A032101;U04;2026-08-06T11:20;20;2;AT001521
V00873;1300;A032101;U04;2026-08-06T11:40;20;2;AT001522
V00874;1300;A032101;U04;2026-08-06T12:00;20;2;AT001523
V00875;1300;A032101;U04;2026-08-06T12:20;20;2;AT001524
V00876;1300;A032101;U04;2026-08-06T12:40;20;2;AT001525
V00877;7000_2;A033403;;2026-08-06T08:00;20;1;AT000211
V00878;7000_2;A033403;;2026-08-06T08:20;20;1;AT000219
V00879;7000_2;A033403;;2026-08-06T08:40;20;1;AT000223
V00880;7000_2;A033403;;2026-08-06T09:00;20;1;AT000214
V00881;7000_2;A033403;;2026-08-06T09:20;20;1;
V00882;7000_2;A033403;;2026-08-06T09:40;20;1;AT001526
V00883;7000_2;A033403;;2026-08-06T10:00;20;1;AT001527
V00884;7000_2;A033403;;2026-08-06T10:20;20;1;AT001528
V00885;7000_2;A033403;;2026-08-06T10:40;20;1;AT001529
V00886;7000_2;A033403;;2026-08-06T11:00;20;1;
V00887;7000_2;A033403;;2026-08-06T11:20;20;1;AT001530
V00888;7000_2;A033403;;2026-08-06T11:40;20;1;AT001531
V00889;7000_2;A033403;;2026-08-06T12:00;20;1;AT001532
V00890;7000_2;A033403;;2026-08-06T12:20;20;1;AT001533
V00891;7000_2;A033403;;2026-08-06T12:40;20;1;AT001534
V00892;7000_2;A033403;;2026-08-06T13:00;20;1;AT001535
V00893;7000_2;A033403;;2026-08-06T13:20;20;1;AT001536
V00894;7000_2;A033403;;2026-08-06T13:40;20;1;AT001537
V00895;7000_2;A033403;;2026-08-06T14:00;20;1;AT001538
V00896;7000_2;A033403;;2026-08-06T14:20;20;1;AT001539
V00897;7000_2;A033403;;2026-08-06T14:40;20;1;AT001540
V00898;7000_2;A033403;;2026-08-06T15:00;20;1;AT001541
V00899;7000_2;A033403;;2026-08-06T15:20;20;1;AT001542
V00900;7000_2;A033403;;2026-08-06T15:40;20;1;AT001543
V00901;7000_3;A033410;;2026-08-06T09:00;20;1;
V00902;7000_3;A033410;;2026-08-06T09:20;20;1;AT001544
V00903;7000_3;A033410;;2026-08-06T09:40;20;1;AT001545
V00904;7000_3;A033410;;2026-08-06T10:00;20;1;AT001546
V00905;7000_3;A033410;;2026-08-06T10:20;20;1;AT001547
V00906;7000_3;A033410;;2026-08-06T10:40;20;1;AT001548
V00907;7000_3;A033410;;2026-08-06T11:00;20;1;AT001549
V00908;7000_3;A033410;;2026-08-06T11:20;20;1;AT001550
V00909;7000_3;A033410;;2026-08-06T11:40;20;1;AT001551
V00910;7000_3;A033410;;2026-08-06T12:00;20;1;AT001552
V00911;7000_3;A033410;;2026-08-06T12:20;20;1;AT001553
V00912;7000_3;A033410;;2026-08-06T12:40;20;1;
V00913;6100;E020305;;2026-08-06T07:30;10;4|9;AT000243
V00914;6100;E020305;;2026-08-06T07:40;10;4|9;AT000246
V00915;6100;E020305;;2026-08-06T07:50;10;4|9;AT001554
V00916;6100;E020305;;2026-08-06T08:00;10;4|9;
V00917;6100;E020305;;2026-08-06T08:10;10;4|9;
V00918;6100;E020305;;2026-08-06T08:20;10;4|9;
V00919;6100;E020305;;2026-08-06T08:30;10;4|9;AT001555
V00920;6100;E020305;;2026-08-06T08:40;10;4|9;AT001556
V00921;6100;E020305;;2026-08-06T08:50;10;4|9;AT001557
V00922;6100;E020305;;2026-08-06T09:00;10;4|9;AT001558
V00923;6100;E020305;;2026-08-06T09:10;10;4|9;AT001559
V00924;6100;E020305;;2026-08-06T09:20;10;4|9;AT001560
V00925;6100;E020305;;2026-08-06T09:30;10;4|9;AT001561
V00926;6100;E020305;;2026-08-06T09:40;10;4|9;
V00927;6100;E020305;;2026-08-06T09:50;10;4|9;AT001562
V00928;6100;E020305;;2026-08-06T10:00;10;4|9;AT001563
V00929;6100;E020305;;2026-08-06T10:10;10;4|9;
V00930;6100;E020305;;2026-08-06T10:20;10;4|9;AT001564
V00931;6100;E020306;;2026-08-06T07:30;10;4|9;AT000241
V00932;6100;E020306;;2026-08-06T07:40;10;4|9;AT000249
V00933;6100;E020306;;2026-08-06T07:50;10;4|9;AT001565
V00934;6100;E020306;;2026-08-06T08:00;10;4|9;AT001566
V00935;6100;E020306;;2026-08-06T08:10;10;4|9;AT001567
V00936;6100;E020306;;2026-08-06T08:20;10;4|9;AT001568
V00937;6100;E020306;;2026-08-06T08:30;10;4|9;
V00938;6100;E020306;;2026-08-06T08:40;10;4|9;AT001569
V00939;6100;E020306;;2026-08-06T08:50;10;4|9;AT001570
V00940;6100;E020306;;2026-08-06T09:00;10;4|9;AT001571
V00941;6100;E020306;;2026-08-06T09:10;10;4|9;AT001572
V00942;6100;E020306;;2026-08-06T09:20;10;4|9;AT001573
V00943;6100;E020306;;2026-08-06T09:30;10;4|9;
V00944;6100;E020306;;2026-08-06T09:40;10;4|9;AT001574
V00945;6100;E020306;;2026-08-06T09:50;10;4|9;AT001575
V00946;6100;E020306;;2026-08-06T10:00;10;4|9;AT001576
V00947;6100;E020306;;2026-08-06T10:10;10;4|9;
V00948;6100;E020306;;2026-08-06T10:20;10;4|9;AT001577
V00949;9610;H010101;;2026-08-06T08:30;240;1;AT001578
V00950;9610;H010101;;2026-08-06T13:30;240;1;AT001579
V00951;9610;H010102;;2026-08-06T08:30;240;1;AT001580
V00952;9610;H010102;;2026-08-06T13:30;240;1;
V00953;9610;H010103;;2026-08-06T08:30;240;1;AT001581
V00954;9610;H010103;;2026-08-06T13:30;240;1;AT001582
V00955;9610;H010104;;2026-08-06T08:30;240;1;AT001583
V00956;9610;H010104;;2026-08-06T13:30;240;1;AT001584
V00957;9602;A031903;U09;2026-08-06T09:00;30;3|1;
V00958;9602;A031903;U09;2026-08-06T09:30;30;3|1;AT001585
V00959;9602;A031903;U09;2026-08-06T10:00;30;3|1;
V00960;9602;A031903;U09;2026-08-06T10:30;30;3|1;AT001586
V00961;9602;A031903;U09;2026-08-06T11:00;30;3|1;AT001587
V00962;9602;A031903;U09;2026-08-06T11:30;30;3|1;AT001588
V00963;2102;A031707;U01;2026-08-07T08:30;20;22|23|7|5;AT000282
V00964;2102;A031707;U01;2026-08-07T08:50;20;22|23|7|5;AT000283
V00965;2102;A031707;U01;2026-08-07T09:10;20;22|23|7|5;AT000284
V00966;2102;A031707;U01;2026-08-07T09:30;20;22|23|7|5;AT000285
V00967;2102;A031707;U01;2026-08-07T09:50;20;22|23|7|5;AT000286
V00968;2102;A031707;U01;2026-08-07T10:10;20;22|23|7|5;AT000287
V00969;2102;A031707;U01;2026-08-07T10:30;20;22|23|7|5;AT000288
V00970;2102;A031707;U01;2026-08-07T10:50;20;22|23|7|5;AT000289
V00971;2102;A031707;U01;2026-08-07T11:10;20;22|23|7|5;AT000290
V00972;2102;A031707;U01;2026-08-07T11:30;20;22|23|7|5;AT000291
V00973;2102;A031707;U01;2026-08-07T11:50;20;22|23|7|5;
V00974;2102;A031707;U01;2026-08-07T12:10;20;22|23|7|5;
V00975;1300;A032102;U05;2026-08-07T09:00;40;1;AT000164
V00976;1300;A032102;U05;2026-08-07T09:40;40;1;AT000184
V00977;1300;A032102;U05;2026-08-07T10:20;20;2;AT001589
V00978;1300;A032102;U05;2026-08-07T10:40;20;2;AT001590
V00979;1300;A032102;U05;2026-08-07T11:00;20;2;AT001591
V00980;1300;A032102;U05;2026-08-07T11:20;20;2;AT001592
V00981;1300;A032102;U05;2026-08-07T11:40;20;2;AT001593
V00982;1300;A032102;U05;2026-08-07T12:00;20;2;AT001594
V00983;1300;A032102;U05;2026-08-07T12:20;20;2;AT001595
V00984;1300;A032102;U05;2026-08-07T12:40;20;2;AT001596
V00985;7000_2;A033403;;2026-08-07T08:00;20;1;AT000247
V00986;7000_2;A033403;;2026-08-07T08:20;20;1;AT000250
V00987;7000_2;A033403;;2026-08-07T08:40;20;1;
V00988;7000_2;A033403;;2026-08-07T09:00;20;1;AT001597
V00989;7000_2;A033403;;2026-08-07T09:20;20;1;AT001598
V00990;7000_2;A033403;;2026-08-07T09:40;20;1;AT001599
V00991;7000_2;A033403;;2026-08-07T10:00;20;1;AT001600
V00992;7000_2;A033403;;2026-08-07T10:20;20;1;AT001601
V00993;7000_2;A033403;;2026-08-07T10:40;20;1;AT001602
V00994;7000_2;A033403;;2026-08-07T11:00;20;1;AT001603
V00995;7000_2;A033403;;2026-08-07T11:20;20;1;AT001604
V00996;7000_2;A033403;;2026-08-07T11:40;20;1;AT001605
V00997;7000_2;A033403;;2026-08-07T12:00;20;1;AT001606
V00998;7000_2;A033403;;2026-08-07T12:20;20;1;AT001607
V00999;7000_2;A033403;;2026-08-07T12:40;20;1;AT001608
V01000;7000_2;A033403;;2026-08-07T13:00;20;1;AT001609
V01001;7000_2;A033403;;2026-08-07T13:20;20;1;AT001610
V01002;7000_2;A033403;;2026-08-07T13:40;20;1;AT001611
V01003;7000_2;A033403;;2026-08-07T14:00;20;1;AT001612
V01004;7000_2;A033403;;2026-08-07T14:20;20;1;
V01005;7000_2;A033403;;2026-08-07T14:40;20;1;AT001613
V01006;7000_2;A033403;;2026-08-07T15:00;20;1;AT001614
V01007;7000_2;A033403;;2026-08-07T15:20;20;1;AT001615
V01008;7000_2;A033403;;2026-08-07T15:40;20;1;AT001616
V01009;7000_3;A033410;;2026-08-07T09:00;20;1;AT001617
V01010;7000_3;A033410;;2026-08-07T09:20;20;1;AT001618
V01011;7000_3;A033410;;2026-08-07T09:40;20;1;AT001619
V01012;7000_3;A033410;;2026-08-07T10:00;20;1;
V01013;7000_3;A033410;;2026-08-07T10:20;20;1;AT001620
V01014;7000_3;A033410;;2026-08-07T10:40;20;1;
V01015;7000_3;A033410;;2026-08-07T11:00;20;1;AT001621
V01016;7000_3;A033410;;2026-08-07T11:20;20;1;
V01017;7000_3;A033410;;2026-08-07T11:40;20;1;AT001622
V01018;7000_3;A033410;;2026-08-07T12:00;20;1;
V01019;7000_3;A033410;;2026-08-07T12:20;20;1;
V01020;7000_3;A033410;;2026-08-07T12:40;20;1;AT001623
V01021;6100;E020305;;2026-08-07T07:30;10;4|9;AT000270
V01022;6100;E020305;;2026-08-07T07:40;10;4|9;AT000206
V01023;6100;E020305;;2026-08-07T07:50;10;4|9;AT000274
V01024;6100;E020305;;2026-08-07T08:00;10;4|9;AT000279
V01025;6100;E020305;;2026-08-07T08:10;10;4|9;
V01026;6100;E020305;;2026-08-07T08:20;10;4|9;
V01027;6100;E020305;;2026-08-07T08:30;10;4|9;AT001624
V01028;6100;E020305;;2026-08-07T08:40;10;4|9;AT001625
V01029;6100;E020305;;2026-08-07T08:50;10;4|9;AT001626
V01030;6100;E020305;;2026-08-07T09:00;10;4|9;AT001627
V01031;6100;E020305;;2026-08-07T09:10;10;4|9;AT001628
V01032;6100;E020305;;2026-08-07T09:20;10;4|9;
V01033;6100;E020305;;2026-08-07T09:30;10;4|9;
V01034;6100;E020305;;2026-08-07T09:40;10;4|9;
V01035;6100;E020305;;2026-08-07T09:50;10;4|9;AT001629
V01036;6100;E020305;;2026-08-07T10:00;10;4|9;AT001630
V01037;6100;E020305;;2026-08-07T10:10;10;4|9;
V01038;6100;E020305;;2026-08-07T10:20;10;4|9;AT001631
V01039;6100;E020306;;2026-08-07T07:30;10;4|9;AT000267
V01040;6100;E020306;;2026-08-07T07:40;10;4|9;AT000272
V01041;6100;E020306;;2026-08-07T07:50;10;4|9;AT001632
V01042;6100;E020306;;2026-08-07T08:00;10;4|9;AT001633
V01043;6100;E020306;;2026-08-07T08:10;10;4|9;AT001634
V01044;6100;E020306;;2026-08-07T08:20;10;4|9;AT001635
V01045;6100;E020306;;2026-08-07T08:30;10;4|9;AT001636
V01046;6100;E020306;;2026-08-07T08:40;10;4|9;AT001637
V01047;6100;E020306;;2026-08-07T08:50;10;4|9;AT001638
V01048;6100;E020306;;2026-08-07T09:00;10;4|9;AT001639
V01049;6100;E020306;;2026-08-07T09:10;10;4|9;
V01050;6100;E020306;;2026-08-07T09:20;10;4|9;AT001640
V01051;6100;E020306;;2026-08-07T09:30;10;4|9;AT001641
V01052;6100;E020306;;2026-08-07T09:40;10;4|9;
V01053;6100;E020306;;2026-08-07T09:50;10;4|9;
V01054;6100;E020306;;2026-08-07T10:00;10;4|9;AT001642
V01055;6100;E020306;;2026-08-07T10:10;10;4|9;AT001643
V01056;6100;E020306;;2026-08-07T10:20;10;4|9;AT001644
V01057;9610;H010101;;2026-08-07T08:30;240;1;
V01058;9610;H010101;;2026-08-07T13:30;240;1;AT001645
V01059;9610;H010102;;2026-08-07T08:30;240;1;
V01060;9610;H010102;;2026-08-07T13:30;240;1;AT001646
V01061;9610;H010103;;2026-08-07T08:30;240;1;AT001647
V01062;9610;H010103;;2026-08-07T13:30;240;1;
V01063;9610;H010104;;2026-08-07T08:30;240;1;AT001648
V01064;9610;H010104;;2026-08-07T13:30;240;1;AT001649
V01065;9602;A031903;U09;2026-08-07T09:00;30;3|1;
V01066;9602;A031903;U09;2026-08-07T09:30;30;3|1;AT000269
V01067;9602;A031903;U09;2026-08-07T10:00;30;3|1;AT001650
V01068;9602;A031903;U09;2026-08-07T10:30;30;3|1;AT001651
V01069;9602;A031903;U09;2026-08-07T11:00;30;3|1;
V01070;9602;A031903;U09;2026-08-07T11:30;30;3|1;
V01071;2102;A031707;U01;2026-08-10T08:30;20;22|23|7|5;AT000315
V01072;2102;A031707;U01;2026-08-10T08:50;20;22|23|7|5;AT000316
V01073;2102;A031707;U01;2026-08-10T09:10;20;22|23|7|5;AT000317
V01074;2102;A031707;U01;2026-08-10T09:30;20;22|23|7|5;AT000318
V01075;2102;A031707;U01;2026-08-10T09:50;20;22|23|7|5;AT000319
V01076;2102;A031707;U01;2026-08-10T10:10;20;22|23|7|5;AT000320
V01077;2102;A031707;U01;2026-08-10T10:30;20;22|23|7|5;AT000321
V01078;2102;A031707;U01;2026-08-10T10:50;20;22|23|7|5;AT000322
V01079;2102;A031707;U01;2026-08-10T11:10;20;22|23|7|5;AT000323
V01080;2102;A031707;U01;2026-08-10T11:30;20;22|23|7|5;AT000324
V01081;2102;A031707;U01;2026-08-10T11:50;20;22|23|7|5;
V01082;2102;A031707;U01;2026-08-10T12:10;20;22|23|7|5;
V01083;1300;A032101;U04;2026-08-10T09:00;40;1;AT000181
V01084;1300;A032101;U04;2026-08-10T09:40;40;1;AT000188
V01085;1300;A032101;U04;2026-08-10T10:20;20;2;AT001652
V01086;1300;A032101;U04;2026-08-10T10:40;20;2;AT001653
V01087;1300;A032101;U04;2026-08-10T11:00;20;2;AT001654
V01088;1300;A032101;U04;2026-08-10T11:20;20;2;AT001655
V01089;1300;A032101;U04;2026-08-10T11:40;20;2;AT001656
V01090;1300;A032101;U04;2026-08-10T12:00;20;2;
V01091;1300;A032101;U04;2026-08-10T12:20;20;2;AT001657
V01092;1300;A032101;U04;2026-08-10T12:40;20;2;
V01093;7000_2;A033403;;2026-08-10T08:00;20;1;AT000280
V01094;7000_2;A033403;;2026-08-10T08:20;20;1;AT001658
V01095;7000_2;A033403;;2026-08-10T08:40;20;1;AT001659
V01096;7000_2;A033403;;2026-08-10T09:00;20;1;AT001660
V01097;7000_2;A033403;;2026-08-10T09:20;20;1;AT001661
V01098;7000_2;A033403;;2026-08-10T09:40;20;1;AT001662
V01099;7000_2;A033403;;2026-08-10T10:00;20;1;AT001663
V01100;7000_2;A033403;;2026-08-10T10:20;20;1;AT001664
V01101;7000_2;A033403;;2026-08-10T10:40;20;1;AT001665
V01102;7000_2;A033403;;2026-08-10T11:00;20;1;
V01103;7000_2;A033403;;2026-08-10T11:20;20;1;AT001666
V01104;7000_2;A033403;;2026-08-10T11:40;20;1;
V01105;7000_2;A033403;;2026-08-10T12:00;20;1;AT001667
V01106;7000_2;A033403;;2026-08-10T12:20;20;1;
V01107;7000_2;A033403;;2026-08-10T12:40;20;1;AT001668
V01108;7000_2;A033403;;2026-08-10T13:00;20;1;AT001669
V01109;7000_2;A033403;;2026-08-10T13:20;20;1;AT001670
V01110;7000_2;A033403;;2026-08-10T13:40;20;1;
V01111;7000_2;A033403;;2026-08-10T14:00;20;1;
V01112;7000_2;A033403;;2026-08-10T14:20;20;1;AT001671
V01113;7000_2;A033403;;2026-08-10T14:40;20;1;AT001672
V01114;7000_2;A033403;;2026-08-10T15:00;20;1;
V01115;7000_2;A033403;;2026-08-10T15:20;20;1;AT001673
V01116;7000_2;A033403;;2026-08-10T15:40;20;1;AT001674
V01117;7000_3;A033410;;2026-08-10T09:00;20;1;AT001675
V01118;7000_3;A033410;;2026-08-10T09:20;20;1;AT001676
V01119;7000_3;A033410;;2026-08-10T09:40;20;1;AT000305
V01120;7000_3;A033410;;2026-08-10T10:00;20;1;
V01121;7000_3;A033410;;2026-08-10T10:20;20;1;AT001677
V01122;7000_3;A033410;;2026-08-10T10:40;20;1;AT001678
V01123;7000_3;A033410;;2026-08-10T11:00;20;1;
V01124;7000_3;A033410;;2026-08-10T11:20;20;1;
V01125;7000_3;A033410;;2026-08-10T11:40;20;1;
V01126;7000_3;A033410;;2026-08-10T12:00;20;1;AT001679
V01127;7000_3;A033410;;2026-08-10T12:20;20;1;AT001680
V01128;7000_3;A033410;;2026-08-10T12:40;20;1;AT001681
V01129;6100;E020305;;2026-08-10T07:30;10;4|9;AT000294
V01130;6100;E020305;;2026-08-10T07:40;10;4|9;AT000297
V01131;6100;E020305;;2026-08-10T07:50;10;4|9;AT000311
V01132;6100;E020305;;2026-08-10T08:00;10;4|9;AT001682
V01133;6100;E020305;;2026-08-10T08:10;10;4|9;
V01134;6100;E020305;;2026-08-10T08:20;10;4|9;AT001683
V01135;6100;E020305;;2026-08-10T08:30;10;4|9;AT001684
V01136;6100;E020305;;2026-08-10T08:40;10;4|9;
V01137;6100;E020305;;2026-08-10T08:50;10;4|9;AT001685
V01138;6100;E020305;;2026-08-10T09:00;10;4|9;AT001686
V01139;6100;E020305;;2026-08-10T09:10;10;4|9;AT001687
V01140;6100;E020305;;2026-08-10T09:20;10;4|9;AT001688
V01141;6100;E020305;;2026-08-10T09:30;10;4|9;AT001689
V01142;6100;E020305;;2026-08-10T09:40;10;4|9;AT001690
V01143;6100;E020305;;2026-08-10T09:50;10;4|9;
V01144;6100;E020305;;2026-08-10T10:00;10;4|9;AT001691
V01145;6100;E020305;;2026-08-10T10:10;10;4|9;AT001692
V01146;6100;E020305;;2026-08-10T10:20;10;4|9;AT001693
V01147;6100;E020306;;2026-08-10T07:30;10;4|9;AT000299
V01148;6100;E020306;;2026-08-10T07:40;10;4|9;AT000313
V01149;6100;E020306;;2026-08-10T07:50;10;4|9;AT000308
V01150;6100;E020306;;2026-08-10T08:00;10;4|9;
V01151;6100;E020306;;2026-08-10T08:10;10;4|9;
V01152;6100;E020306;;2026-08-10T08:20;10;4|9;AT001694
V01153;6100;E020306;;2026-08-10T08:30;10;4|9;AT001695
V01154;6100;E020306;;2026-08-10T08:40;10;4|9;AT001696
V01155;6100;E020306;;2026-08-10T08:50;10;4|9;AT001697
V01156;6100;E020306;;2026-08-10T09:00;10;4|9;AT001698
V01157;6100;E020306;;2026-08-10T09:10;10;4|9;AT001699
V01158;6100;E020306;;2026-08-10T09:20;10;4|9;AT001700
V01159;6100;E020306;;2026-08-10T09:30;10;4|9;
V01160;6100;E020306;;2026-08-10T09:40;10;4|9;AT001701
V01161;6100;E020306;;2026-08-10T09:50;10;4|9;
V01162;6100;E020306;;2026-08-10T10:00;10;4|9;AT001702
V01163;6100;E020306;;2026-08-10T10:10;10;4|9;AT001703
V01164;6100;E020306;;2026-08-10T10:20;10;4|9;AT001704
V01165;9610;H010101;;2026-08-10T08:30;240;1;AT001705
V01166;9610;H010101;;2026-08-10T13:30;240;1;AT001706
V01167;9610;H010102;;2026-08-10T08:30;240;1;AT001707
V01168;9610;H010102;;2026-08-10T13:30;240;1;AT001708
V01169;9610;H010103;;2026-08-10T08:30;240;1;AT001709
V01170;9610;H010103;;2026-08-10T13:30;240;1;AT001710
V01171;9610;H010104;;2026-08-10T08:30;240;1;AT001711
V01172;9610;H010104;;2026-08-10T13:30;240;1;AT001712
V01173;9602;A031903;U09;2026-08-10T09:00;30;3|1;AT001713
V01174;9602;A031903;U09;2026-08-10T09:30;30;3|1;
V01175;9602;A031903;U09;2026-08-10T10:00;30;3|1;AT001714
V01176;9602;A031903;U09;2026-08-10T10:30;30;3|1;AT001715
V01177;9602;A031903;U09;2026-08-10T11:00;30;3|1;AT001716
V01178;9602;A031903;U09;2026-08-10T11:30;30;3|1;AT001717
V01179;2102;A031708;U02;2026-08-11T08:30;20;22|23|7|5;AT000345
V01180;2102;A031708;U02;2026-08-11T08:50;20;22|23|7|5;AT000346
V01181;2102;A031708;U02;2026-08-11T09:10;20;22|23|7|5;AT000347
V01182;2102;A031708;U02;2026-08-11T09:30;20;22|23|7|5;AT000348
V01183;2102;A031708;U02;2026-08-11T09:50;20;22|23|7|5;AT000349
V01184;2102;A031708;U02;2026-08-11T10:10;20;22|23|7|5;AT000350
V01185;2102;A031708;U02;2026-08-11T10:30;20;22|23|7|5;AT000351
V01186;2102;A031708;U02;2026-08-11T10:50;20;22|23|7|5;AT000352
V01187;2102;A031708;U02;2026-08-11T11:10;20;22|23|7|5;AT000353
V01188;2102;A031708;U02;2026-08-11T11:30;20;22|23|7|5;AT000354
V01189;2102;A031708;U02;2026-08-11T11:50;20;22|23|7|5;
V01190;2102;A031708;U02;2026-08-11T12:10;20;22|23|7|5;
V01191;1300;A032102;U05;2026-08-11T09:00;40;1;AT000209
V01192;1300;A032102;U05;2026-08-11T09:40;40;1;AT000245
V01193;1300;A032102;U05;2026-08-11T10:20;20;2;AT001718
V01194;1300;A032102;U05;2026-08-11T10:40;20;2;AT001719
V01195;1300;A032102;U05;2026-08-11T11:00;20;2;AT001720
V01196;1300;A032102;U05;2026-08-11T11:20;20;2;AT001721
V01197;1300;A032102;U05;2026-08-11T11:40;20;2;AT001722
V01198;1300;A032102;U05;2026-08-11T12:00;20;2;
V01199;1300;A032102;U05;2026-08-11T12:20;20;2;
V01200;1300;A032102;U05;2026-08-11T12:40;20;2;AT001723
V01201;7000_2;A033403;;2026-08-11T08:00;20;1;AT000295
V01202;7000_2;A033403;;2026-08-11T08:20;20;1;AT000300
V01203;7000_2;A033403;;2026-08-11T08:40;20;1;AT001724
V01204;7000_2;A033403;;2026-08-11T09:00;20;1;AT000309
V01205;7000_2;A033403;;2026-08-11T09:20;20;1;AT001725
V01206;7000_2;A033403;;2026-08-11T09:40;20;1;AT001726
V01207;7000_2;A033403;;2026-08-11T10:00;20;1;AT001727
V01208;7000_2;A033403;;2026-08-11T10:20;20;1;AT001728
V01209;7000_2;A033403;;2026-08-11T10:40;20;1;
V01210;7000_2;A033403;;2026-08-11T11:00;20;1;AT001729
V01211;7000_2;A033403;;2026-08-11T11:20;20;1;AT001730
V01212;7000_2;A033403;;2026-08-11T11:40;20;1;AT001731
V01213;7000_2;A033403;;2026-08-11T12:00;20;1;AT001732
V01214;7000_2;A033403;;2026-08-11T12:20;20;1;AT001733
V01215;7000_2;A033403;;2026-08-11T12:40;20;1;AT001734
V01216;7000_2;A033403;;2026-08-11T13:00;20;1;AT001735
V01217;7000_2;A033403;;2026-08-11T13:20;20;1;AT001736
V01218;7000_2;A033403;;2026-08-11T13:40;20;1;AT001737
V01219;7000_2;A033403;;2026-08-11T14:00;20;1;AT001738
V01220;7000_2;A033403;;2026-08-11T14:20;20;1;AT001739
V01221;7000_2;A033403;;2026-08-11T14:40;20;1;AT001740
V01222;7000_2;A033403;;2026-08-11T15:00;20;1;AT001741
V01223;7000_2;A033403;;2026-08-11T15:20;20;1;AT001742
V01224;7000_2;A033403;;2026-08-11T15:40;20;1;AT001743
V01225;7000_3;A033410;;2026-08-11T09:00;20;1;AT000341
V01226;7000_3;A033410;;2026-08-11T09:20;20;1;AT001744
V01227;7000_3;A033410;;2026-08-11T09:40;20;1;AT001745
V01228;7000_3;A033410;;2026-08-11T10:00;20;1;AT001746
V01229;7000_3;A033410;;2026-08-11T10:20;20;1;AT001747
V01230;7000_3;A033410;;2026-08-11T10:40;20;1;
V01231;7000_3;A033410;;2026-08-11T11:00;20;1;AT001748
V01232;7000_3;A033410;;2026-08-11T11:20;20;1;AT001749
V01233;7000_3;A033410;;2026-08-11T11:40;20;1;AT001750
V01234;7000_3;A033410;;2026-08-11T12:00;20;1;
V01235;7000_3;A033410;;2026-08-11T12:20;20;1;AT001751
V01236;7000_3;A033410;;2026-08-11T12:40;20;1;AT001752
V01237;6100;E020305;;2026-08-11T07:30;10;4|9;AT000325
V01238;6100;E020305;;2026-08-11T07:40;10;4|9;AT000331
V01239;6100;E020305;;2026-08-11T07:50;10;4|9;AT001753
V01240;6100;E020305;;2026-08-11T08:00;10;4|9;AT000343
V01241;6100;E020305;;2026-08-11T08:10;10;4|9;AT001754
V01242;6100;E020305;;2026-08-11T08:20;10;4|9;
V01243;6100;E020305;;2026-08-11T08:30;10;4|9;
V01244;6100;E020305;;2026-08-11T08:40;10;4|9;AT001755
V01245;6100;E020305;;2026-08-11T08:50;10;4|9;AT001756
V01246;6100;E020305;;2026-08-11T09:00;10;4|9;
V01247;6100;E020305;;2026-08-11T09:10;10;4|9;
V01248;6100;E020305;;2026-08-11T09:20;10;4|9;AT001757
V01249;6100;E020305;;2026-08-11T09:30;10;4|9;AT001758
V01250;6100;E020305;;2026-08-11T09:40;10;4|9;
V01251;6100;E020305;;2026-08-11T09:50;10;4|9;AT001759
V01252;6100;E020305;;2026-08-11T10:00;10;4|9;AT001760
V01253;6100;E020305;;2026-08-11T10:10;10;4|9;AT001761
V01254;6100;E020305;;2026-08-11T10:20;10;4|9;AT001762
V01255;6100;E020306;;2026-08-11T07:30;10;4|9;AT000328
V01256;6100;E020306;;2026-08-11T07:40;10;4|9;AT000333
V01257;6100;E020306;;2026-08-11T07:50;10;4|9;AT000336
V01258;6100;E020306;;2026-08-11T08:00;10;4|9;AT001763
V01259;6100;E020306;;2026-08-11T08:10;10;4|9;AT001764
V01260;6100;E020306;;2026-08-11T08:20;10;4|9;
V01261;6100;E020306;;2026-08-11T08:30;10;4|9;
V01262;6100;E020306;;2026-08-11T08:40;10;4|9;AT001765
V01263;6100;E020306;;2026-08-11T08:50;10;4|9;
V01264;6100;E020306;;2026-08-11T09:00;10;4|9;AT001766
V01265;6100;E020306;;2026-08-11T09:10;10;4|9;AT001767
V01266;6100;E020306;;2026-08-11T09:20;10;4|9;AT001768
V01267;6100;E020306;;2026-08-11T09:30;10;4|9;
V01268;6100;E020306;;2026-08-11T09:40;10;4|9;AT001769
V01269;6100;E020306;;2026-08-11T09:50;10;4|9;
V01270;6100;E020306;;2026-08-11T10:00;10;4|9;AT001770
V01271;6100;E020306;;2026-08-11T10:10;10;4|9;AT001771
V01272;6100;E020306;;2026-08-11T10:20;10;4|9;AT001772
V01273;9610;H010101;;2026-08-11T08:30;240;1;AT001773
V01274;9610;H010101;;2026-08-11T13:30;240;1;AT001774
V01275;9610;H010102;;2026-08-11T08:30;240;1;AT001775
V01276;9610;H010102;;2026-08-11T13:30;240;1;AT001776
V01277;9610;H010103;;2026-08-11T08:30;240;1;AT001777
V01278;9610;H010103;;2026-08-11T13:30;240;1;AT001778
V01279;9610;H010104;;2026-08-11T08:30;240;1;
V01280;9610;H010104;;2026-08-11T13:30;240;1;AT001779
V01281;9602;A031903;U09;2026-08-11T09:00;30;3|1;AT001780
V01282;9602;A031903;U09;2026-08-11T09:30;30;3|1;
V01283;9602;A031903;U09;2026-08-11T10:00;30;3|1;AT001781
V01284;9602;A031903;U09;2026-08-11T10:30;30;3|1;AT001782
V01285;9602;A031903;U09;2026-08-11T11:00;30;3|1;
V01286;9602;A031903;U09;2026-08-11T11:30;30;3|1;AT001783
V01287;2102;A031707;U01;2026-08-12T08:30;20;22|23|7|5;AT000373
V01288;2102;A031707;U01;2026-08-12T08:50;20;22|23|7|5;AT000374
V01289;2102;A031707;U01;2026-08-12T09:10;20;22|23|7|5;AT000375
V01290;2102;A031707;U01;2026-08-12T09:30;20;22|23|7|5;AT000376
V01291;2102;A031707;U01;2026-08-12T09:50;20;22|23|7|5;AT000377
V01292;2102;A031707;U01;2026-08-12T10:10;20;22|23|7|5;AT000378
V01293;2102;A031707;U01;2026-08-12T10:30;20;22|23|7|5;AT000379
V01294;2102;A031707;U01;2026-08-12T10:50;20;22|23|7|5;AT000380
V01295;2102;A031707;U01;2026-08-12T11:10;20;22|23|7|5;AT000381
V01296;2102;A031707;U01;2026-08-12T11:30;20;22|23|7|5;AT000382
V01297;2102;A031707;U01;2026-08-12T11:50;20;22|23|7|5;
V01298;2102;A031707;U01;2026-08-12T12:10;20;22|23|7|5;
V01299;2300;A032501;U06;2026-08-12T09:00;40;1;AT001784
V01300;2300;A032501;U06;2026-08-12T09:40;40;1;
V01301;2300;A032501;U06;2026-08-12T10:20;40;1;AT001785
V01302;2300;A032501;U06;2026-08-12T11:00;40;1;AT001786
V01303;2300;A032501;U06;2026-08-12T11:40;40;1;AT001787
V01304;7000_2;A033403;;2026-08-12T08:00;20;1;AT001788
V01305;7000_2;A033403;;2026-08-12T08:20;20;1;AT000326
V01306;7000_2;A033403;;2026-08-12T08:40;20;1;AT001789
V01307;7000_2;A033403;;2026-08-12T09:00;20;1;AT000329
V01308;7000_2;A033403;;2026-08-12T09:20;20;1;AT000334
V01309;7000_2;A033403;;2026-08-12T09:40;20;1;AT001790
V01310;7000_2;A033403;;2026-08-12T10:00;20;1;AT001791
V01311;7000_2;A033403;;2026-08-12T10:20;20;1;AT001792
V01312;7000_2;A033403;;2026-08-12T10:40;20;1;AT001793
V01313;7000_2;A033403;;2026-08-12T11:00;20;1;AT001794
V01314;7000_2;A033403;;2026-08-12T11:20;20;1;AT001795
V01315;7000_2;A033403;;2026-08-12T11:40;20;1;AT001796
V01316;7000_2;A033403;;2026-08-12T12:00;20;1;AT001797
V01317;7000_2;A033403;;2026-08-12T12:20;20;1;AT001798
V01318;7000_2;A033403;;2026-08-12T12:40;20;1;AT001799
V01319;7000_2;A033403;;2026-08-12T13:00;20;1;AT001800
V01320;7000_2;A033403;;2026-08-12T13:20;20;1;AT001801
V01321;7000_2;A033403;;2026-08-12T13:40;20;1;AT001802
V01322;7000_2;A033403;;2026-08-12T14:00;20;1;
V01323;7000_2;A033403;;2026-08-12T14:20;20;1;
V01324;7000_2;A033403;;2026-08-12T14:40;20;1;
V01325;7000_2;A033403;;2026-08-12T15:00;20;1;
V01326;7000_2;A033403;;2026-08-12T15:20;20;1;AT001803
V01327;7000_2;A033403;;2026-08-12T15:40;20;1;
V01328;7000_3;A033410;;2026-08-12T09:00;20;1;AT001804
V01329;7000_3;A033410;;2026-08-12T09:20;20;1;
V01330;7000_3;A033410;;2026-08-12T09:40;20;1;AT001805
V01331;7000_3;A033410;;2026-08-12T10:00;20;1;
V01332;7000_3;A033410;;2026-08-12T10:20;20;1;AT001806
V01333;7000_3;A033410;;2026-08-12T10:40;20;1;AT001807
V01334;7000_3;A033410;;2026-08-12T11:00;20;1;
V01335;7000_3;A033410;;2026-08-12T11:20;20;1;AT001808
V01336;7000_3;A033410;;2026-08-12T11:40;20;1;
V01337;7000_3;A033410;;2026-08-12T12:00;20;1;AT001809
V01338;7000_3;A033410;;2026-08-12T12:20;20;1;
V01339;7000_3;A033410;;2026-08-12T12:40;20;1;
V01340;6100;E020305;;2026-08-12T07:30;10;4|9;AT000355
V01341;6100;E020305;;2026-08-12T07:40;10;4|9;AT000364
V01342;6100;E020305;;2026-08-12T07:50;10;4|9;AT000371
V01343;6100;E020305;;2026-08-12T08:00;10;4|9;AT001810
V01344;6100;E020305;;2026-08-12T08:10;10;4|9;
V01345;6100;E020305;;2026-08-12T08:20;10;4|9;
V01346;6100;E020305;;2026-08-12T08:30;10;4|9;
V01347;6100;E020305;;2026-08-12T08:40;10;4|9;AT001811
V01348;6100;E020305;;2026-08-12T08:50;10;4|9;
V01349;6100;E020305;;2026-08-12T09:00;10;4|9;
V01350;6100;E020305;;2026-08-12T09:10;10;4|9;
V01351;6100;E020305;;2026-08-12T09:20;10;4|9;
V01352;6100;E020305;;2026-08-12T09:30;10;4|9;
V01353;6100;E020305;;2026-08-12T09:40;10;4|9;
V01354;6100;E020305;;2026-08-12T09:50;10;4|9;
V01355;6100;E020305;;2026-08-12T10:00;10;4|9;AT001812
V01356;6100;E020305;;2026-08-12T10:10;10;4|9;
V01357;6100;E020305;;2026-08-12T10:20;10;4|9;AT001813
V01358;6100;E020306;;2026-08-12T07:30;10;4|9;AT000362
V01359;6100;E020306;;2026-08-12T07:40;10;4|9;AT000368
V01360;6100;E020306;;2026-08-12T07:50;10;4|9;AT001814
V01361;6100;E020306;;2026-08-12T08:00;10;4|9;AT001815
V01362;6100;E020306;;2026-08-12T08:10;10;4|9;AT001816
V01363;6100;E020306;;2026-08-12T08:20;10;4|9;
V01364;6100;E020306;;2026-08-12T08:30;10;4|9;
V01365;6100;E020306;;2026-08-12T08:40;10;4|9;
V01366;6100;E020306;;2026-08-12T08:50;10;4|9;AT001817
V01367;6100;E020306;;2026-08-12T09:00;10;4|9;
V01368;6100;E020306;;2026-08-12T09:10;10;4|9;AT001818
V01369;6100;E020306;;2026-08-12T09:20;10;4|9;
V01370;6100;E020306;;2026-08-12T09:30;10;4|9;AT001819
V01371;6100;E020306;;2026-08-12T09:40;10;4|9;
V01372;6100;E020306;;2026-08-12T09:50;10;4|9;AT001820
V01373;6100;E020306;;2026-08-12T10:00;10;4|9;
V01374;6100;E020306;;2026-08-12T10:10;10;4|9;
V01375;6100;E020306;;2026-08-12T10:20;10;4|9;
V01376;9610;H010101;;2026-08-12T08:30;240;1;AT001821
V01377;9610;H010101;;2026-08-12T13:30;240;1;
V01378;9610;H010102;;2026-08-12T08:30;240;1;
V01379;9610;H010102;;2026-08-12T13:30;240;1;AT001822
V01380;9610;H010103;;2026-08-12T08:30;240;1;
V01381;9610;H010103;;2026-08-12T13:30;240;1;AT001823
V01382;9610;H010104;;2026-08-12T08:30;240;1;AT001824
V01383;9610;H010104;;2026-08-12T13:30;240;1;AT001825
V01384;9602;A031903;U09;2026-08-12T09:00;30;3|1;AT000360
V01385;9602;A031903;U09;2026-08-12T09:30;30;3|1;AT001826
V01386;9602;A031903;U09;2026-08-12T10:00;30;3|1;
V01387;9602;A031903;U09;2026-08-12T10:30;30;3|1;
V01388;9602;A031903;U09;2026-08-12T11:00;30;3|1;AT001827
V01389;9602;A031903;U09;2026-08-12T11:30;30;3|1;AT001828
V01390;2102;A031708;U02;2026-08-13T08:30;20;22|23|7|5;AT000398
V01391;2102;A031708;U02;2026-08-13T08:50;20;22|23|7|5;AT000399
V01392;2102;A031708;U02;2026-08-13T09:10;20;22|23|7|5;AT000400
V01393;2102;A031708;U02;2026-08-13T09:30;20;22|23|7|5;AT000401
V01394;2102;A031708;U02;2026-08-13T09:50;20;22|23|7|5;AT000402
V01395;2102;A031708;U02;2026-08-13T10:10;20;22|23|7|5;AT000403
V01396;2102;A031708;U02;2026-08-13T10:30;20;22|23|7|5;AT000404
V01397;2102;A031708;U02;2026-08-13T10:50;20;22|23|7|5;AT000405
V01398;2102;A031708;U02;2026-08-13T11:10;20;22|23|7|5;AT000406
V01399;2102;A031708;U02;2026-08-13T11:30;20;22|23|7|5;AT000407
V01400;2102;A031708;U02;2026-08-13T11:50;20;22|23|7|5;
V01401;2102;A031708;U02;2026-08-13T12:10;20;22|23|7|5;
V01402;1300;A032101;U04;2026-08-13T09:00;40;1;AT000221
V01403;1300;A032101;U04;2026-08-13T09:40;40;1;AT000240
V01404;1300;A032101;U04;2026-08-13T10:20;20;2;AT001829
V01405;1300;A032101;U04;2026-08-13T10:40;20;2;AT001830
V01406;1300;A032101;U04;2026-08-13T11:00;20;2;
V01407;1300;A032101;U04;2026-08-13T11:20;20;2;
V01408;1300;A032101;U04;2026-08-13T11:40;20;2;AT001831
V01409;1300;A032101;U04;2026-08-13T12:00;20;2;AT001832
V01410;1300;A032101;U04;2026-08-13T12:20;20;2;AT001833
V01411;1300;A032101;U04;2026-08-13T12:40;20;2;
V01412;7000_2;A033403;;2026-08-13T08:00;20;1;AT000356
V01413;7000_2;A033403;;2026-08-13T08:20;20;1;AT000365
V01414;7000_2;A033403;;2026-08-13T08:40;20;1;AT001834
V01415;7000_2;A033403;;2026-08-13T09:00;20;1;AT000369
V01416;7000_2;A033403;;2026-08-13T09:20;20;1;AT001835
V01417;7000_2;A033403;;2026-08-13T09:40;20;1;
V01418;7000_2;A033403;;2026-08-13T10:00;20;1;AT001836
V01419;7000_2;A033403;;2026-08-13T10:20;20;1;AT001837
V01420;7000_2;A033403;;2026-08-13T10:40;20;1;AT001838
V01421;7000_2;A033403;;2026-08-13T11:00;20;1;AT001839
V01422;7000_2;A033403;;2026-08-13T11:20;20;1;AT001840
V01423;7000_2;A033403;;2026-08-13T11:40;20;1;AT001841
V01424;7000_2;A033403;;2026-08-13T12:00;20;1;AT001842
V01425;7000_2;A033403;;2026-08-13T12:20;20;1;
V01426;7000_2;A033403;;2026-08-13T12:40;20;1;AT001843
V01427;7000_2;A033403;;2026-08-13T13:00;20;1;AT001844
V01428;7000_2;A033403;;2026-08-13T13:20;20;1;
V01429;7000_2;A033403;;2026-08-13T13:40;20;1;
V01430;7000_2;A033403;;2026-08-13T14:00;20;1;AT001845
V01431;7000_2;A033403;;2026-08-13T14:20;20;1;AT001846
V01432;7000_2;A033403;;2026-08-13T14:40;20;1;
V01433;7000_2;A033403;;2026-08-13T15:00;20;1;AT001847
V01434;7000_2;A033403;;2026-08-13T15:20;20;1;AT001848
V01435;7000_2;A033403;;2026-08-13T15:40;20;1;AT001849
V01436;7000_3;A033410;;2026-08-13T09:00;20;1;AT001850
V01437;7000_3;A033410;;2026-08-13T09:20;20;1;AT000392
V01438;7000_3;A033410;;2026-08-13T09:40;20;1;AT001851
V01439;7000_3;A033410;;2026-08-13T10:00;20;1;
V01440;7000_3;A033410;;2026-08-13T10:20;20;1;AT001852
V01441;7000_3;A033410;;2026-08-13T10:40;20;1;AT001853
V01442;7000_3;A033410;;2026-08-13T11:00;20;1;AT001854
V01443;7000_3;A033410;;2026-08-13T11:20;20;1;AT001855
V01444;7000_3;A033410;;2026-08-13T11:40;20;1;AT001856
V01445;7000_3;A033410;;2026-08-13T12:00;20;1;AT001857
V01446;7000_3;A033410;;2026-08-13T12:20;20;1;AT001858
V01447;7000_3;A033410;;2026-08-13T12:40;20;1;AT001859
V01448;6100;E020305;;2026-08-13T07:30;10;4|9;AT000337
V01449;6100;E020305;;2026-08-13T07:40;10;4|9;AT000383
V01450;6100;E020305;;2026-08-13T07:50;10;4|9;AT000395
V01451;6100;E020305;;2026-08-13T08:00;10;4|9;AT001860
V01452;6100;E020305;;2026-08-13T08:10;10;4|9;
V01453;6100;E020305;;2026-08-13T08:20;10;4|9;AT001861
V01454;6100;E020305;;2026-08-13T08:30;10;4|9;AT001862
V01455;6100;E020305;;2026-08-13T08:40;10;4|9;AT001863
V01456;6100;E020305;;2026-08-13T08:50;10;4|9;AT001864
V01457;6100;E020305;;2026-08-13T09:00;10;4|9;AT001865
V01458;6100;E020305;;2026-08-13T09:10;10;4|9;AT001866
V01459;6100;E020305;;2026-08-13T09:20;10;4|9;AT001867
V01460;6100;E020305;;2026-08-13T09:30;10;4|9;AT001868
V01461;6100;E020305;;2026-08-13T09:40;10;4|9;AT001869
V01462;6100;E020305;;2026-08-13T09:50;10;4|9;
V01463;6100;E020305;;2026-08-13T10:00;10;4|9;AT001870
V01464;6100;E020305;;2026-08-13T10:10;10;4|9;
V01465;6100;E020305;;2026-08-13T10:20;10;4|9;
V01466;6100;E020306;;2026-08-13T07:30;10;4|9;AT000387
V01467;6100;E020306;;2026-08-13T07:40;10;4|9;AT001871
V01468;6100;E020306;;2026-08-13T07:50;10;4|9;AT001872
V01469;6100;E020306;;2026-08-13T08:00;10;4|9;AT001873
V01470;6100;E020306;;2026-08-13T08:10;10;4|9;AT001874
V01471;6100;E020306;;2026-08-13T08:20;10;4|9;AT001875
V01472;6100;E020306;;2026-08-13T08:30;10;4|9;
V01473;6100;E020306;;2026-08-13T08:40;10;4|9;
V01474;6100;E020306;;2026-08-13T08:50;10;4|9;AT001876
V01475;6100;E020306;;2026-08-13T09:00;10;4|9;
V01476;6100;E020306;;2026-08-13T09:10;10;4|9;AT001877
V01477;6100;E020306;;2026-08-13T09:20;10;4|9;AT001878
V01478;6100;E020306;;2026-08-13T09:30;10;4|9;AT001879
V01479;6100;E020306;;2026-08-13T09:40;10;4|9;
V01480;6100;E020306;;2026-08-13T09:50;10;4|9;AT001880
V01481;6100;E020306;;2026-08-13T10:00;10;4|9;AT001881
V01482;6100;E020306;;2026-08-13T10:10;10;4|9;AT001882
V01483;6100;E020306;;2026-08-13T10:20;10;4|9;AT001883
V01484;9610;H010101;;2026-08-13T08:30;240;1;AT001884
V01485;9610;H010101;;2026-08-13T13:30;240;1;
V01486;9610;H010102;;2026-08-13T08:30;240;1;AT001885
V01487;9610;H010102;;2026-08-13T13:30;240;1;AT001886
V01488;9610;H010103;;2026-08-13T08:30;240;1;
V01489;9610;H010103;;2026-08-13T13:30;240;1;AT001887
V01490;9610;H010104;;2026-08-13T08:30;240;1;AT001888
V01491;9610;H010104;;2026-08-13T13:30;240;1;AT001889
V01492;9602;A031903;U09;2026-08-13T09:00;30;3|1;AT000386
V01493;9602;A031903;U09;2026-08-13T09:30;30;3|1;
V01494;9602;A031903;U09;2026-08-13T10:00;30;3|1;
V01495;9602;A031903;U09;2026-08-13T10:30;30;3|1;AT000391
V01496;9602;A031903;U09;2026-08-13T11:00;30;3|1;
V01497;9602;A031903;U09;2026-08-13T11:30;30;3|1;
V01498;2102;A031707;U01;2026-08-14T08:30;20;22|23|7|5;AT000426
V01499;2102;A031707;U01;2026-08-14T08:50;20;22|23|7|5;AT000427
V01500;2102;A031707;U01;2026-08-14T09:10;20;22|23|7|5;AT000428
V01501;2102;A031707;U01;2026-08-14T09:30;20;22|23|7|5;AT000429
V01502;2102;A031707;U01;2026-08-14T09:50;20;22|23|7|5;AT000430
V01503;2102;A031707;U01;2026-08-14T10:10;20;22|23|7|5;AT000431
V01504;2102;A031707;U01;2026-08-14T10:30;20;22|23|7|5;AT000432
V01505;2102;A031707;U01;2026-08-14T10:50;20;22|23|7|5;AT000433
V01506;2102;A031707;U01;2026-08-14T11:10;20;22|23|7|5;AT000434
V01507;2102;A031707;U01;2026-08-14T11:30;20;22|23|7|5;AT000435
V01508;2102;A031707;U01;2026-08-14T11:50;20;22|23|7|5;
V01509;2102;A031707;U01;2026-08-14T12:10;20;22|23|7|5;
V01510;1300;A032102;U05;2026-08-14T09:00;40;1;AT000361
V01511;1300;A032102;U05;2026-08-14T09:40;40;1;AT000278
V01512;1300;A032102;U05;2026-08-14T10:20;20;2;
V01513;1300;A032102;U05;2026-08-14T10:40;20;2;
V01514;1300;A032102;U05;2026-08-14T11:00;20;2;AT001890
V01515;1300;A032102;U05;2026-08-14T11:20;20;2;AT001891
V01516;1300;A032102;U05;2026-08-14T11:40;20;2;
V01517;1300;A032102;U05;2026-08-14T12:00;20;2;AT001892
V01518;1300;A032102;U05;2026-08-14T12:20;20;2;AT001893
V01519;1300;A032102;U05;2026-08-14T12:40;20;2;AT001894
V01520;7000_2;A033403;;2026-08-14T08:00;20;1;AT000338
V01521;7000_2;A033403;;2026-08-14T08:20;20;1;AT000388
V01522;7000_2;A033403;;2026-08-14T08:40;20;1;AT000384
V01523;7000_2;A033403;;2026-08-14T09:00;20;1;AT001895
V01524;7000_2;A033403;;2026-08-14T09:20;20;1;AT001896
V01525;7000_2;A033403;;2026-08-14T09:40;20;1;
V01526;7000_2;A033403;;2026-08-14T10:00;20;1;AT001897
V01527;7000_2;A033403;;2026-08-14T10:20;20;1;AT001898
V01528;7000_2;A033403;;2026-08-14T10:40;20;1;
V01529;7000_2;A033403;;2026-08-14T11:00;20;1;AT001899
V01530;7000_2;A033403;;2026-08-14T11:20;20;1;AT001900
V01531;7000_2;A033403;;2026-08-14T11:40;20;1;AT001901
V01532;7000_2;A033403;;2026-08-14T12:00;20;1;AT001902
V01533;7000_2;A033403;;2026-08-14T12:20;20;1;AT001903
V01534;7000_2;A033403;;2026-08-14T12:40;20;1;AT001904
V01535;7000_2;A033403;;2026-08-14T13:00;20;1;
V01536;7000_2;A033403;;2026-08-14T13:20;20;1;
V01537;7000_2;A033403;;2026-08-14T13:40;20;1;AT001905
V01538;7000_2;A033403;;2026-08-14T14:00;20;1;
V01539;7000_2;A033403;;2026-08-14T14:20;20;1;AT001906
V01540;7000_2;A033403;;2026-08-14T14:40;20;1;AT001907
V01541;7000_2;A033403;;2026-08-14T15:00;20;1;AT001908
V01542;7000_2;A033403;;2026-08-14T15:20;20;1;AT001909
V01543;7000_2;A033403;;2026-08-14T15:40;20;1;AT001910
V01544;7000_3;A033410;;2026-08-14T09:00;20;1;
V01545;7000_3;A033410;;2026-08-14T09:20;20;1;AT001911
V01546;7000_3;A033410;;2026-08-14T09:40;20;1;AT001912
V01547;7000_3;A033410;;2026-08-14T10:00;20;1;
V01548;7000_3;A033410;;2026-08-14T10:20;20;1;
V01549;7000_3;A033410;;2026-08-14T10:40;20;1;
V01550;7000_3;A033410;;2026-08-14T11:00;20;1;AT001913
V01551;7000_3;A033410;;2026-08-14T11:20;20;1;AT001914
V01552;7000_3;A033410;;2026-08-14T11:40;20;1;
V01553;7000_3;A033410;;2026-08-14T12:00;20;1;AT001915
V01554;7000_3;A033410;;2026-08-14T12:20;20;1;
V01555;7000_3;A033410;;2026-08-14T12:40;20;1;AT001916
V01556;6100;E020305;;2026-08-14T07:30;10;4|9;
V01557;6100;E020305;;2026-08-14T07:40;10;4|9;AT000421
V01558;6100;E020305;;2026-08-14T07:50;10;4|9;AT001917
V01559;6100;E020305;;2026-08-14T08:00;10;4|9;
V01560;6100;E020305;;2026-08-14T08:10;10;4|9;AT001918
V01561;6100;E020305;;2026-08-14T08:20;10;4|9;AT001919
V01562;6100;E020305;;2026-08-14T08:30;10;4|9;AT001920
V01563;6100;E020305;;2026-08-14T08:40;10;4|9;AT001921
V01564;6100;E020305;;2026-08-14T08:50;10;4|9;
V01565;6100;E020305;;2026-08-14T09:00;10;4|9;AT001922
V01566;6100;E020305;;2026-08-14T09:10;10;4|9;
V01567;6100;E020305;;2026-08-14T09:20;10;4|9;
V01568;6100;E020305;;2026-08-14T09:30;10;4|9;AT001923
V01569;6100;E020305;;2026-08-14T09:40;10;4|9;
V01570;6100;E020305;;2026-08-14T09:50;10;4|9;AT001924
V01571;6100;E020305;;2026-08-14T10:00;10;4|9;AT001925
V01572;6100;E020305;;2026-08-14T10:10;10;4|9;AT001926
V01573;6100;E020305;;2026-08-14T10:20;10;4|9;AT001927
V01574;6100;E020306;;2026-08-14T07:30;10;4|9;AT000409
V01575;6100;E020306;;2026-08-14T07:40;10;4|9;AT000413
V01576;6100;E020306;;2026-08-14T07:50;10;4|9;AT001928
V01577;6100;E020306;;2026-08-14T08:00;10;4|9;AT001929
V01578;6100;E020306;;2026-08-14T08:10;10;4|9;
V01579;6100;E020306;;2026-08-14T08:20;10;4|9;AT001930
V01580;6100;E020306;;2026-08-14T08:30;10;4|9;
V01581;6100;E020306;;2026-08-14T08:40;10;4|9;AT001931
V01582;6100;E020306;;2026-08-14T08:50;10;4|9;AT001932
V01583;6100;E020306;;2026-08-14T09:00;10;4|9;
V01584;6100;E020306;;2026-08-14T09:10;10;4|9;
V01585;6100;E020306;;2026-08-14T09:20;10;4|9;AT001933
V01586;6100;E020306;;2026-08-14T09:30;10;4|9;AT001934
V01587;6100;E020306;;2026-08-14T09:40;10;4|9;AT001935
V01588;6100;E020306;;2026-08-14T09:50;10;4|9;AT001936
V01589;6100;E020306;;2026-08-14T10:00;10;4|9;AT001937
V01590;6100;E020306;;2026-08-14T10:10;10;4|9;AT001938
V01591;6100;E020306;;2026-08-14T10:20;10;4|9;AT001939
V01592;9610;H010101;;2026-08-14T08:30;240;1;AT001940
V01593;9610;H010101;;2026-08-14T13:30;240;1;AT001941
V01594;9610;H010102;;2026-08-14T08:30;240;1;AT001942
V01595;9610;H010102;;2026-08-14T13:30;240;1;AT001943
V01596;9610;H010103;;2026-08-14T08:30;240;1;AT001944
V01597;9610;H010103;;2026-08-14T13:30;240;1;
V01598;9610;H010104;;2026-08-14T08:30;240;1;AT001945
V01599;9610;H010104;;2026-08-14T13:30;240;1;AT001946
V01600;9602;A031903;U09;2026-08-14T09:00;30;3|1;AT000412
V01601;9602;A031903;U09;2026-08-14T09:30;30;3|1;AT000408
V01602;9602;A031903;U09;2026-08-14T10:00;30;3|1;AT000416
V01603;9602;A031903;U09;2026-08-14T10:30;30;3|1;
V01604;9602;A031903;U09;2026-08-14T11:00;30;3|1;AT000425
V01605;9602;A031903;U09;2026-08-14T11:30;30;3|1;AT001947
V01606;2102;A031707;U01;2026-08-17T08:30;20;22|23|7|5;AT000034
V01607;2102;A031707;U01;2026-08-17T08:50;20;22|23|7|5;AT000031
V01608;2102;A031707;U01;2026-08-17T09:10;20;22|23|7|5;AT000036
V01609;2102;A031707;U01;2026-08-17T09:30;20;22|23|7|5;AT000039
V01610;2102;A031707;U01;2026-08-17T09:50;20;22|23|7|5;AT000043
V01611;2102;A031707;U01;2026-08-17T10:10;20;22|23|7|5;AT000455
V01612;2102;A031707;U01;2026-08-17T10:30;20;22|23|7|5;AT000456
V01613;2102;A031707;U01;2026-08-17T10:50;20;22|23|7|5;AT000457
V01614;2102;A031707;U01;2026-08-17T11:10;20;22|23|7|5;AT000458
V01615;2102;A031707;U01;2026-08-17T11:30;20;22|23|7|5;AT000459
V01616;2102;A031707;U01;2026-08-17T11:50;20;22|23|7|5;
V01617;2102;A031707;U01;2026-08-17T12:10;20;22|23|7|5;
V01618;1300;A032101;U04;2026-08-17T09:00;40;1;AT000040
V01619;1300;A032101;U04;2026-08-17T09:40;40;1;AT000367
V01620;1300;A032101;U04;2026-08-17T10:20;20;2;AT001948
V01621;1300;A032101;U04;2026-08-17T10:40;20;2;AT001949
V01622;1300;A032101;U04;2026-08-17T11:00;20;2;AT001950
V01623;1300;A032101;U04;2026-08-17T11:20;20;2;AT001951
V01624;1300;A032101;U04;2026-08-17T11:40;20;2;AT001952
V01625;1300;A032101;U04;2026-08-17T12:00;20;2;AT001953
V01626;1300;A032101;U04;2026-08-17T12:20;20;2;AT001954
V01627;1300;A032101;U04;2026-08-17T12:40;20;2;
V01628;7000_2;A033403;;2026-08-17T08:00;20;1;AT000414
V01629;7000_2;A033403;;2026-08-17T08:20;20;1;AT000410
V01630;7000_2;A033403;;2026-08-17T08:40;20;1;AT000357
V01631;7000_2;A033403;;2026-08-17T09:00;20;1;AT001955
V01632;7000_2;A033403;;2026-08-17T09:20;20;1;AT001956
V01633;7000_2;A033403;;2026-08-17T09:40;20;1;AT001957
V01634;7000_2;A033403;;2026-08-17T10:00;20;1;AT001958
V01635;7000_2;A033403;;2026-08-17T10:20;20;1;AT001959
V01636;7000_2;A033403;;2026-08-17T10:40;20;1;AT001960
V01637;7000_2;A033403;;2026-08-17T11:00;20;1;AT001961
V01638;7000_2;A033403;;2026-08-17T11:20;20;1;AT001962
V01639;7000_2;A033403;;2026-08-17T11:40;20;1;AT001963
V01640;7000_2;A033403;;2026-08-17T12:00;20;1;AT001964
V01641;7000_2;A033403;;2026-08-17T12:20;20;1;AT001965
V01642;7000_2;A033403;;2026-08-17T12:40;20;1;AT001966
V01643;7000_2;A033403;;2026-08-17T13:00;20;1;AT001967
V01644;7000_2;A033403;;2026-08-17T13:20;20;1;AT001968
V01645;7000_2;A033403;;2026-08-17T13:40;20;1;AT001969
V01646;7000_2;A033403;;2026-08-17T14:00;20;1;AT001970
V01647;7000_2;A033403;;2026-08-17T14:20;20;1;
V01648;7000_2;A033403;;2026-08-17T14:40;20;1;AT001971
V01649;7000_2;A033403;;2026-08-17T15:00;20;1;AT001972
V01650;7000_2;A033403;;2026-08-17T15:20;20;1;AT001973
V01651;7000_2;A033403;;2026-08-17T15:40;20;1;AT001974
V01652;7000_3;A033410;;2026-08-17T09:00;20;1;AT001975
V01653;7000_3;A033410;;2026-08-17T09:20;20;1;AT000393
V01654;7000_3;A033410;;2026-08-17T09:40;20;1;AT000450
V01655;7000_3;A033410;;2026-08-17T10:00;20;1;AT001976
V01656;7000_3;A033410;;2026-08-17T10:20;20;1;AT001977
V01657;7000_3;A033410;;2026-08-17T10:40;20;1;AT001978
V01658;7000_3;A033410;;2026-08-17T11:00;20;1;AT001979
V01659;7000_3;A033410;;2026-08-17T11:20;20;1;
V01660;7000_3;A033410;;2026-08-17T11:40;20;1;AT001980
V01661;7000_3;A033410;;2026-08-17T12:00;20;1;
V01662;7000_3;A033410;;2026-08-17T12:20;20;1;
V01663;7000_3;A033410;;2026-08-17T12:40;20;1;AT001981
V01664;6100;E020305;;2026-08-17T07:30;10;4|9;AT000436
V01665;6100;E020305;;2026-08-17T07:40;10;4|9;AT000444
V01666;6100;E020305;;2026-08-17T07:50;10;4|9;AT001982
V01667;6100;E020305;;2026-08-17T08:00;10;4|9;AT000452
V01668;6100;E020305;;2026-08-17T08:10;10;4|9;
V01669;6100;E020305;;2026-08-17T08:20;10;4|9;AT001983
V01670;6100;E020305;;2026-08-17T08:30;10;4|9;AT001984
V01671;6100;E020305;;2026-08-17T08:40;10;4|9;AT001985
V01672;6100;E020305;;2026-08-17T08:50;10;4|9;AT001986
V01673;6100;E020305;;2026-08-17T09:00;10;4|9;AT001987
V01674;6100;E020305;;2026-08-17T09:10;10;4|9;AT001988
V01675;6100;E020305;;2026-08-17T09:20;10;4|9;
V01676;6100;E020305;;2026-08-17T09:30;10;4|9;
V01677;6100;E020305;;2026-08-17T09:40;10;4|9;AT001989
V01678;6100;E020305;;2026-08-17T09:50;10;4|9;
V01679;6100;E020305;;2026-08-17T10:00;10;4|9;AT001990
V01680;6100;E020305;;2026-08-17T10:10;10;4|9;AT001991
V01681;6100;E020305;;2026-08-17T10:20;10;4|9;AT001992
V01682;6100;E020306;;2026-08-17T07:30;10;4|9;AT000440
V01683;6100;E020306;;2026-08-17T07:40;10;4|9;AT000442
V01684;6100;E020306;;2026-08-17T07:50;10;4|9;AT000447
V01685;6100;E020306;;2026-08-17T08:00;10;4|9;AT001993
V01686;6100;E020306;;2026-08-17T08:10;10;4|9;AT001994
V01687;6100;E020306;;2026-08-17T08:20;10;4|9;AT001995
V01688;6100;E020306;;2026-08-17T08:30;10;4|9;
V01689;6100;E020306;;2026-08-17T08:40;10;4|9;
V01690;6100;E020306;;2026-08-17T08:50;10;4|9;AT001996
V01691;6100;E020306;;2026-08-17T09:00;10;4|9;
V01692;6100;E020306;;2026-08-17T09:10;10;4|9;AT001997
V01693;6100;E020306;;2026-08-17T09:20;10;4|9;
V01694;6100;E020306;;2026-08-17T09:30;10;4|9;AT001998
V01695;6100;E020306;;2026-08-17T09:40;10;4|9;AT001999
V01696;6100;E020306;;2026-08-17T09:50;10;4|9;AT002000
V01697;6100;E020306;;2026-08-17T10:00;10;4|9;AT002001
V01698;6100;E020306;;2026-08-17T10:10;10;4|9;
V01699;6100;E020306;;2026-08-17T10:20;10;4|9;
V01700;9610;H010101;;2026-08-17T08:30;240;1;AT002002
V01701;9610;H010101;;2026-08-17T13:30;240;1;AT002003
V01702;9610;H010102;;2026-08-17T08:30;240;1;AT002004
V01703;9610;H010102;;2026-08-17T13:30;240;1;
V01704;9610;H010103;;2026-08-17T08:30;240;1;
V01705;9610;H010103;;2026-08-17T13:30;240;1;
V01706;9610;H010104;;2026-08-17T08:30;240;1;AT002005
V01707;9610;H010104;;2026-08-17T13:30;240;1;AT002006
V01708;9602;A031903;U09;2026-08-17T09:00;30;3|1;AT000439
V01709;9602;A031903;U09;2026-08-17T09:30;30;3|1;
V01710;9602;A031903;U09;2026-08-17T10:00;30;3|1;AT002007
V01711;9602;A031903;U09;2026-08-17T10:30;30;3|1;
V01712;9602;A031903;U09;2026-08-17T11:00;30;3|1;
V01713;9602;A031903;U09;2026-08-17T11:30;30;3|1;
V01714;2102;A031708;U02;2026-08-18T08:30;20;22|23|7|5;AT000059
V01715;2102;A031708;U02;2026-08-18T08:50;20;22|23|7|5;AT000067
V01716;2102;A031708;U02;2026-08-18T09:10;20;22|23|7|5;AT000074
V01717;2102;A031708;U02;2026-08-18T09:30;20;22|23|7|5;AT000070
V01718;2102;A031708;U02;2026-08-18T09:50;20;22|23|7|5;AT000077
V01719;2102;A031708;U02;2026-08-18T10:10;20;22|23|7|5;AT000479
V01720;2102;A031708;U02;2026-08-18T10:30;20;22|23|7|5;AT000480
V01721;2102;A031708;U02;2026-08-18T10:50;20;22|23|7|5;AT000481
V01722;2102;A031708;U02;2026-08-18T11:10;20;22|23|7|5;AT000482
V01723;2102;A031708;U02;2026-08-18T11:30;20;22|23|7|5;AT000483
V01724;2102;A031708;U02;2026-08-18T11:50;20;22|23|7|5;
V01725;2102;A031708;U02;2026-08-18T12:10;20;22|23|7|5;
V01726;1300;A032102;U05;2026-08-18T09:00;40;1;AT000060
V01727;1300;A032102;U05;2026-08-18T09:40;40;1;AT000359
V01728;1300;A032102;U05;2026-08-18T10:20;20;2;AT002008
V01729;1300;A032102;U05;2026-08-18T10:40;20;2;AT002009
V01730;1300;A032102;U05;2026-08-18T11:00;20;2;AT002010
V01731;1300;A032102;U05;2026-08-18T11:20;20;2;
V01732;1300;A032102;U05;2026-08-18T11:40;20;2;AT002011
V01733;1300;A032102;U05;2026-08-18T12:00;20;2;AT002012
V01734;1300;A032102;U05;2026-08-18T12:20;20;2;AT002013
V01735;1300;A032102;U05;2026-08-18T12:40;20;2;AT002014
V01736;7000_2;A033403;;2026-08-18T08:00;20;1;AT000445
V01737;7000_2;A033403;;2026-08-18T08:20;20;1;AT000437
V01738;7000_2;A033403;;2026-08-18T08:40;20;1;AT002015
V01739;7000_2;A033403;;2026-08-18T09:00;20;1;
V01740;7000_2;A033403;;2026-08-18T09:20;20;1;AT000448
V01741;7000_2;A033403;;2026-08-18T09:40;20;1;AT002016
V01742;7000_2;A033403;;2026-08-18T10:00;20;1;
V01743;7000_2;A033403;;2026-08-18T10:20;20;1;AT002017
V01744;7000_2;A033403;;2026-08-18T10:40;20;1;AT002018
V01745;7000_2;A033403;;2026-08-18T11:00;20;1;AT002019
V01746;7000_2;A033403;;2026-08-18T11:20;20;1;
V01747;7000_2;A033403;;2026-08-18T11:40;20;1;AT002020
V01748;7000_2;A033403;;2026-08-18T12:00;20;1;AT002021
V01749;7000_2;A033403;;2026-08-18T12:20;20;1;AT002022
V01750;7000_2;A033403;;2026-08-18T12:40;20;1;AT002023
V01751;7000_2;A033403;;2026-08-18T13:00;20;1;AT002024
V01752;7000_2;A033403;;2026-08-18T13:20;20;1;AT002025
V01753;7000_2;A033403;;2026-08-18T13:40;20;1;AT002026
V01754;7000_2;A033403;;2026-08-18T14:00;20;1;AT002027
V01755;7000_2;A033403;;2026-08-18T14:20;20;1;AT002028
V01756;7000_2;A033403;;2026-08-18T14:40;20;1;AT002029
V01757;7000_2;A033403;;2026-08-18T15:00;20;1;AT002030
V01758;7000_2;A033403;;2026-08-18T15:20;20;1;AT002031
V01759;7000_2;A033403;;2026-08-18T15:40;20;1;AT002032
V01760;7000_3;A033410;;2026-08-18T09:00;20;1;AT002033
V01761;7000_3;A033410;;2026-08-18T09:20;20;1;AT002034
V01762;7000_3;A033410;;2026-08-18T09:40;20;1;
V01763;7000_3;A033410;;2026-08-18T10:00;20;1;AT002035
V01764;7000_3;A033410;;2026-08-18T10:20;20;1;AT002036
V01765;7000_3;A033410;;2026-08-18T10:40;20;1;AT002037
V01766;7000_3;A033410;;2026-08-18T11:00;20;1;
V01767;7000_3;A033410;;2026-08-18T11:20;20;1;
V01768;7000_3;A033410;;2026-08-18T11:40;20;1;
V01769;7000_3;A033410;;2026-08-18T12:00;20;1;
V01770;7000_3;A033410;;2026-08-18T12:20;20;1;
V01771;7000_3;A033410;;2026-08-18T12:40;20;1;AT002038
V01772;6100;E020305;;2026-08-18T07:30;10;4|9;AT000420
V01773;6100;E020305;;2026-08-18T07:40;10;4|9;AT000467
V01774;6100;E020305;;2026-08-18T07:50;10;4|9;AT000472
V01775;6100;E020305;;2026-08-18T08:00;10;4|9;AT002039
V01776;6100;E020305;;2026-08-18T08:10;10;4|9;
V01777;6100;E020305;;2026-08-18T08:20;10;4|9;
V01778;6100;E020305;;2026-08-18T08:30;10;4|9;
V01779;6100;E020305;;2026-08-18T08:40;10;4|9;AT002040
V01780;6100;E020305;;2026-08-18T08:50;10;4|9;AT002041
V01781;6100;E020305;;2026-08-18T09:00;10;4|9;
V01782;6100;E020305;;2026-08-18T09:10;10;4|9;AT002042
V01783;6100;E020305;;2026-08-18T09:20;10;4|9;AT002043
V01784;6100;E020305;;2026-08-18T09:30;10;4|9;AT002044
V01785;6100;E020305;;2026-08-18T09:40;10;4|9;
V01786;6100;E020305;;2026-08-18T09:50;10;4|9;
V01787;6100;E020305;;2026-08-18T10:00;10;4|9;AT002045
V01788;6100;E020305;;2026-08-18T10:10;10;4|9;AT002046
V01789;6100;E020305;;2026-08-18T10:20;10;4|9;AT002047
V01790;6100;E020306;;2026-08-18T07:30;10;4|9;AT000464
V01791;6100;E020306;;2026-08-18T07:40;10;4|9;AT000475
V01792;6100;E020306;;2026-08-18T07:50;10;4|9;AT000470
V01793;6100;E020306;;2026-08-18T08:00;10;4|9;
V01794;6100;E020306;;2026-08-18T08:10;10;4|9;AT002048
V01795;6100;E020306;;2026-08-18T08:20;10;4|9;
V01796;6100;E020306;;2026-08-18T08:30;10;4|9;AT002049
V01797;6100;E020306;;2026-08-18T08:40;10;4|9;AT002050
V01798;6100;E020306;;2026-08-18T08:50;10;4|9;AT002051
V01799;6100;E020306;;2026-08-18T09:00;10;4|9;AT002052
V01800;6100;E020306;;2026-08-18T09:10;10;4|9;AT002053
V01801;6100;E020306;;2026-08-18T09:20;10;4|9;AT002054
V01802;6100;E020306;;2026-08-18T09:30;10;4|9;
V01803;6100;E020306;;2026-08-18T09:40;10;4|9;
V01804;6100;E020306;;2026-08-18T09:50;10;4|9;AT002055
V01805;6100;E020306;;2026-08-18T10:00;10;4|9;AT002056
V01806;6100;E020306;;2026-08-18T10:10;10;4|9;AT002057
V01807;6100;E020306;;2026-08-18T10:20;10;4|9;
V01808;9610;H010101;;2026-08-18T08:30;240;1;AT002058
V01809;9610;H010101;;2026-08-18T13:30;240;1;
V01810;9610;H010102;;2026-08-18T08:30;240;1;AT002059
V01811;9610;H010102;;2026-08-18T13:30;240;1;AT002060
V01812;9610;H010103;;2026-08-18T08:30;240;1;AT002061
V01813;9610;H010103;;2026-08-18T13:30;240;1;AT002062
V01814;9610;H010104;;2026-08-18T08:30;240;1;AT002063
V01815;9610;H010104;;2026-08-18T13:30;240;1;AT002064
V01816;9602;A031903;U09;2026-08-18T09:00;30;3|1;AT000463
V01817;9602;A031903;U09;2026-08-18T09:30;30;3|1;AT000478
V01818;9602;A031903;U09;2026-08-18T10:00;30;3|1;
V01819;9602;A031903;U09;2026-08-18T10:30;30;3|1;AT002065
V01820;9602;A031903;U09;2026-08-18T11:00;30;3|1;AT002066
V01821;9602;A031903;U09;2026-08-18T11:30;30;3|1;
V01822;2102;A031707;U01;2026-08-19T08:30;20;22|23|7|5;AT000101
V01823;2102;A031707;U01;2026-08-19T08:50;20;22|23|7|5;AT000105
V01824;2102;A031707;U01;2026-08-19T09:10;20;22|23|7|5;AT000107
V01825;2102;A031707;U01;2026-08-19T09:30;20;22|23|7|5;AT000103
V01826;2102;A031707;U01;2026-08-19T09:50;20;22|23|7|5;AT000506
V01827;2102;A031707;U01;2026-08-19T10:10;20;22|23|7|5;AT000507
V01828;2102;A031707;U01;2026-08-19T10:30;20;22|23|7|5;AT000508
V01829;2102;A031707;U01;2026-08-19T10:50;20;22|23|7|5;AT000509
V01830;2102;A031707;U01;2026-08-19T11:10;20;22|23|7|5;AT000510
V01831;2102;A031707;U01;2026-08-19T11:30;20;22|23|7|5;AT000511
V01832;2102;A031707;U01;2026-08-19T11:50;20;22|23|7|5;
V01833;2102;A031707;U01;2026-08-19T12:10;20;22|23|7|5;
V01834;2300;A032501;U06;2026-08-19T09:00;40;1;AT002067
V01835;2300;A032501;U06;2026-08-19T09:40;40;1;AT002068
V01836;2300;A032501;U06;2026-08-19T10:20;40;1;
V01837;2300;A032501;U06;2026-08-19T11:00;40;1;
V01838;2300;A032501;U06;2026-08-19T11:40;40;1;AT002069
V01839;7000_2;A033403;;2026-08-19T08:00;20;1;AT000468
V01840;7000_2;A033403;;2026-08-19T08:20;20;1;AT000473
V01841;7000_2;A033403;;2026-08-19T08:40;20;1;AT000465
V01842;7000_2;A033403;;2026-08-19T09:00;20;1;AT000476
V01843;7000_2;A033403;;2026-08-19T09:20;20;1;AT002070
V01844;7000_2;A033403;;2026-08-19T09:40;20;1;
V01845;7000_2;A033403;;2026-08-19T10:00;20;1;AT002071
V01846;7000_2;A033403;;2026-08-19T10:20;20;1;AT002072
V01847;7000_2;A033403;;2026-08-19T10:40;20;1;AT002073
V01848;7000_2;A033403;;2026-08-19T11:00;20;1;AT002074
V01849;7000_2;A033403;;2026-08-19T11:20;20;1;AT002075
V01850;7000_2;A033403;;2026-08-19T11:40;20;1;AT002076
V01851;7000_2;A033403;;2026-08-19T12:00;20;1;AT002077
V01852;7000_2;A033403;;2026-08-19T12:20;20;1;AT002078
V01853;7000_2;A033403;;2026-08-19T12:40;20;1;
V01854;7000_2;A033403;;2026-08-19T13:00;20;1;AT002079
V01855;7000_2;A033403;;2026-08-19T13:20;20;1;AT002080
V01856;7000_2;A033403;;2026-08-19T13:40;20;1;AT002081
V01857;7000_2;A033403;;2026-08-19T14:00;20;1;AT002082
V01858;7000_2;A033403;;2026-08-19T14:20;20;1;
V01859;7000_2;A033403;;2026-08-19T14:40;20;1;AT002083
V01860;7000_2;A033403;;2026-08-19T15:00;20;1;AT002084
V01861;7000_2;A033403;;2026-08-19T15:20;20;1;AT002085
V01862;7000_2;A033403;;2026-08-19T15:40;20;1;AT002086
V01863;7000_3;A033410;;2026-08-19T09:00;20;1;AT002087
V01864;7000_3;A033410;;2026-08-19T09:20;20;1;AT002088
V01865;7000_3;A033410;;2026-08-19T09:40;20;1;AT002089
V01866;7000_3;A033410;;2026-08-19T10:00;20;1;
V01867;7000_3;A033410;;2026-08-19T10:20;20;1;AT002090
V01868;7000_3;A033410;;2026-08-19T10:40;20;1;AT002091
V01869;7000_3;A033410;;2026-08-19T11:00;20;1;AT002092
V01870;7000_3;A033410;;2026-08-19T11:20;20;1;AT002093
V01871;7000_3;A033410;;2026-08-19T11:40;20;1;AT002094
V01872;7000_3;A033410;;2026-08-19T12:00;20;1;AT002095
V01873;7000_3;A033410;;2026-08-19T12:20;20;1;AT002096
V01874;7000_3;A033410;;2026-08-19T12:40;20;1;AT002097
V01875;6100;E020305;;2026-08-19T07:30;10;4|9;AT000484
V01876;6100;E020305;;2026-08-19T07:40;10;4|9;AT000492
V01877;6100;E020305;;2026-08-19T07:50;10;4|9;AT002098
V01878;6100;E020305;;2026-08-19T08:00;10;4|9;AT000498
V01879;6100;E020305;;2026-08-19T08:10;10;4|9;AT002099
V01880;6100;E020305;;2026-08-19T08:20;10;4|9;AT002100
V01881;6100;E020305;;2026-08-19T08:30;10;4|9;
V01882;6100;E020305;;2026-08-19T08:40;10;4|9;
V01883;6100;E020305;;2026-08-19T08:50;10;4|9;AT002101
V01884;6100;E020305;;2026-08-19T09:00;10;4|9;
V01885;6100;E020305;;2026-08-19T09:10;10;4|9;
V01886;6100;E020305;;2026-08-19T09:20;10;4|9;AT002102
V01887;6100;E020305;;2026-08-19T09:30;10;4|9;AT002103
V01888;6100;E020305;;2026-08-19T09:40;10;4|9;AT002104
V01889;6100;E020305;;2026-08-19T09:50;10;4|9;
V01890;6100;E020305;;2026-08-19T10:00;10;4|9;
V01891;6100;E020305;;2026-08-19T10:10;10;4|9;AT002105
V01892;6100;E020305;;2026-08-19T10:20;10;4|9;
V01893;6100;E020306;;2026-08-19T07:30;10;4|9;AT000487
V01894;6100;E020306;;2026-08-19T07:40;10;4|9;AT000489
V01895;6100;E020306;;2026-08-19T07:50;10;4|9;
V01896;6100;E020306;;2026-08-19T08:00;10;4|9;AT002106
V01897;6100;E020306;;2026-08-19T08:10;10;4|9;AT002107
V01898;6100;E020306;;2026-08-19T08:20;10;4|9;
V01899;6100;E020306;;2026-08-19T08:30;10;4|9;AT002108
V01900;6100;E020306;;2026-08-19T08:40;10;4|9;AT002109
V01901;6100;E020306;;2026-08-19T08:50;10;4|9;AT002110
V01902;6100;E020306;;2026-08-19T09:00;10;4|9;AT002111
V01903;6100;E020306;;2026-08-19T09:10;10;4|9;AT002112
V01904;6100;E020306;;2026-08-19T09:20;10;4|9;AT002113
V01905;6100;E020306;;2026-08-19T09:30;10;4|9;AT002114
V01906;6100;E020306;;2026-08-19T09:40;10;4|9;AT002115
V01907;6100;E020306;;2026-08-19T09:50;10;4|9;
V01908;6100;E020306;;2026-08-19T10:00;10;4|9;AT002116
V01909;6100;E020306;;2026-08-19T10:10;10;4|9;AT002117
V01910;6100;E020306;;2026-08-19T10:20;10;4|9;AT002118
V01911;9610;H010101;;2026-08-19T08:30;240;1;AT000419
V01912;9610;H010101;;2026-08-19T13:30;240;1;AT002119
V01913;9610;H010102;;2026-08-19T08:30;240;1;AT002120
V01914;9610;H010102;;2026-08-19T13:30;240;1;AT002121
V01915;9610;H010103;;2026-08-19T08:30;240;1;AT002122
V01916;9610;H010103;;2026-08-19T13:30;240;1;AT002123
V01917;9610;H010104;;2026-08-19T08:30;240;1;AT002124
V01918;9610;H010104;;2026-08-19T13:30;240;1;AT002125
V01919;9602;A031903;U09;2026-08-19T09:00;30;3|1;AT002126
V01920;9602;A031903;U09;2026-08-19T09:30;30;3|1;AT002127
V01921;9602;A031903;U09;2026-08-19T10:00;30;3|1;AT002128
V01922;9602;A031903;U09;2026-08-19T10:30;30;3|1;AT002129
V01923;9602;A031903;U09;2026-08-19T11:00;30;3|1;AT002130
V01924;9602;A031903;U09;2026-08-19T11:30;30;3|1;
V01925;2102;A031708;U02;2026-08-20T08:30;20;22|23|7|5;AT000533
V01926;2102;A031708;U02;2026-08-20T08:50;20;22|23|7|5;AT000121
V01927;2102;A031708;U02;2026-08-20T09:10;20;22|23|7|5;AT000132
V01928;2102;A031708;U02;2026-08-20T09:30;20;22|23|7|5;AT000534
V01929;2102;A031708;U02;2026-08-20T09:50;20;22|23|7|5;AT000535
V01930;2102;A031708;U02;2026-08-20T10:10;20;22|23|7|5;AT000536
V01931;2102;A031708;U02;2026-08-20T10:30;20;22|23|7|5;AT000537
V01932;2102;A031708;U02;2026-08-20T10:50;20;22|23|7|5;AT000538
V01933;2102;A031708;U02;2026-08-20T11:10;20;22|23|7|5;AT000539
V01934;2102;A031708;U02;2026-08-20T11:30;20;22|23|7|5;AT000540
V01935;2102;A031708;U02;2026-08-20T11:50;20;22|23|7|5;
V01936;2102;A031708;U02;2026-08-20T12:10;20;22|23|7|5;
V01937;1300;A032101;U04;2026-08-20T09:00;40;1;AT000061
V01938;1300;A032101;U04;2026-08-20T09:40;40;1;AT000390
V01939;1300;A032101;U04;2026-08-20T10:20;20;2;AT002131
V01940;1300;A032101;U04;2026-08-20T10:40;20;2;AT002132
V01941;1300;A032101;U04;2026-08-20T11:00;20;2;AT002133
V01942;1300;A032101;U04;2026-08-20T11:20;20;2;
V01943;1300;A032101;U04;2026-08-20T11:40;20;2;
V01944;1300;A032101;U04;2026-08-20T12:00;20;2;AT002134
V01945;1300;A032101;U04;2026-08-20T12:20;20;2;AT002135
V01946;1300;A032101;U04;2026-08-20T12:40;20;2;
V01947;7000_2;A033403;;2026-08-20T08:00;20;1;AT000485
V01948;7000_2;A033403;;2026-08-20T08:20;20;1;AT000490
V01949;7000_2;A033403;;2026-08-20T08:40;20;1;AT000493
V01950;7000_2;A033403;;2026-08-20T09:00;20;1;AT002136
V01951;7000_2;A033403;;2026-08-20T09:20;20;1;AT000499
V01952;7000_2;A033403;;2026-08-20T09:40;20;1;AT002137
V01953;7000_2;A033403;;2026-08-20T10:00;20;1;AT002138
V01954;7000_2;A033403;;2026-08-20T10:20;20;1;AT002139
V01955;7000_2;A033403;;2026-08-20T10:40;20;1;
V01956;7000_2;A033403;;2026-08-20T11:00;20;1;AT002140
V01957;7000_2;A033403;;2026-08-20T11:20;20;1;
V01958;7000_2;A033403;;2026-08-20T11:40;20;1;AT002141
V01959;7000_2;A033403;;2026-08-20T12:00;20;1;AT002142
V01960;7000_2;A033403;;2026-08-20T12:20;20;1;AT002143
V01961;7000_2;A033403;;2026-08-20T12:40;20;1;AT002144
V01962;7000_2;A033403;;2026-08-20T13:00;20;1;AT002145
V01963;7000_2;A033403;;2026-08-20T13:20;20;1;AT002146
V01964;7000_2;A033403;;2026-08-20T13:40;20;1;AT002147
V01965;7000_2;A033403;;2026-08-20T14:00;20;1;AT002148
V01966;7000_2;A033403;;2026-08-20T14:20;20;1;AT002149
V01967;7000_2;A033403;;2026-08-20T14:40;20;1;AT002150
V01968;7000_2;A033403;;2026-08-20T15:00;20;1;AT002151
V01969;7000_2;A033403;;2026-08-20T15:20;20;1;AT002152
V01970;7000_2;A033403;;2026-08-20T15:40;20;1;AT002153
V01971;7000_3;A033410;;2026-08-20T09:00;20;1;AT002154
V01972;7000_3;A033410;;2026-08-20T09:20;20;1;
V01973;7000_3;A033410;;2026-08-20T09:40;20;1;
V01974;7000_3;A033410;;2026-08-20T10:00;20;1;AT002155
V01975;7000_3;A033410;;2026-08-20T10:20;20;1;
V01976;7000_3;A033410;;2026-08-20T10:40;20;1;AT002156
V01977;7000_3;A033410;;2026-08-20T11:00;20;1;
V01978;7000_3;A033410;;2026-08-20T11:20;20;1;AT002157
V01979;7000_3;A033410;;2026-08-20T11:40;20;1;AT002158
V01980;7000_3;A033410;;2026-08-20T12:00;20;1;AT002159
V01981;7000_3;A033410;;2026-08-20T12:20;20;1;AT002160
V01982;7000_3;A033410;;2026-08-20T12:40;20;1;
V01983;6100;E020305;;2026-08-20T07:30;10;4|9;AT000502
V01984;6100;E020305;;2026-08-20T07:40;10;4|9;AT000518
V01985;6100;E020305;;2026-08-20T07:50;10;4|9;AT000522
V01986;6100;E020305;;2026-08-20T08:00;10;4|9;
V01987;6100;E020305;;2026-08-20T08:10;10;4|9;AT002161
V01988;6100;E020305;;2026-08-20T08:20;10;4|9;AT002162
V01989;6100;E020305;;2026-08-20T08:30;10;4|9;
V01990;6100;E020305;;2026-08-20T08:40;10;4|9;AT002163
V01991;6100;E020305;;2026-08-20T08:50;10;4|9;AT002164
V01992;6100;E020305;;2026-08-20T09:00;10;4|9;
V01993;6100;E020305;;2026-08-20T09:10;10;4|9;AT002165
V01994;6100;E020305;;2026-08-20T09:20;10;4|9;AT002166
V01995;6100;E020305;;2026-08-20T09:30;10;4|9;AT002167
V01996;6100;E020305;;2026-08-20T09:40;10;4|9;AT002168
V01997;6100;E020305;;2026-08-20T09:50;10;4|9;AT002169
V01998;6100;E020305;;2026-08-20T10:00;10;4|9;AT002170
V01999;6100;E020305;;2026-08-20T10:10;10;4|9;AT002171
V02000;6100;E020305;;2026-08-20T10:20;10;4|9;
V02001;6100;E020306;;2026-08-20T07:30;10;4|9;AT000512
V02002;6100;E020306;;2026-08-20T07:40;10;4|9;AT000516
V02003;6100;E020306;;2026-08-20T07:50;10;4|9;AT000530
V02004;6100;E020306;;2026-08-20T08:00;10;4|9;AT000527
V02005;6100;E020306;;2026-08-20T08:10;10;4|9;
V02006;6100;E020306;;2026-08-20T08:20;10;4|9;
V02007;6100;E020306;;2026-08-20T08:30;10;4|9;
V02008;6100;E020306;;2026-08-20T08:40;10;4|9;AT002172
V02009;6100;E020306;;2026-08-20T08:50;10;4|9;
V02010;6100;E020306;;2026-08-20T09:00;10;4|9;
V02011;6100;E020306;;2026-08-20T09:10;10;4|9;AT002173
V02012;6100;E020306;;2026-08-20T09:20;10;4|9;AT002174
V02013;6100;E020306;;2026-08-20T09:30;10;4|9;
V02014;6100;E020306;;2026-08-20T09:40;10;4|9;AT002175
V02015;6100;E020306;;2026-08-20T09:50;10;4|9;
V02016;6100;E020306;;2026-08-20T10:00;10;4|9;AT002176
V02017;6100;E020306;;2026-08-20T10:10;10;4|9;AT002177
V02018;6100;E020306;;2026-08-20T10:20;10;4|9;AT002178
V02019;9610;H010101;;2026-08-20T08:30;240;1;AT002179
V02020;9610;H010101;;2026-08-20T13:30;240;1;
V02021;9610;H010102;;2026-08-20T08:30;240;1;AT002180
V02022;9610;H010102;;2026-08-20T13:30;240;1;AT002181
V02023;9610;H010103;;2026-08-20T08:30;240;1;AT002182
V02024;9610;H010103;;2026-08-20T13:30;240;1;AT002183
V02025;9610;H010104;;2026-08-20T08:30;240;1;AT002184
V02026;9610;H010104;;2026-08-20T13:30;240;1;AT002185
V02027;9602;A031903;U09;2026-08-20T09:00;30;3|1;
V02028;9602;A031903;U09;2026-08-20T09:30;30;3|1;AT002186
V02029;9602;A031903;U09;2026-08-20T10:00;30;3|1;
V02030;9602;A031903;U09;2026-08-20T10:30;30;3|1;AT002187
V02031;9602;A031903;U09;2026-08-20T11:00;30;3|1;AT002188
V02032;9602;A031903;U09;2026-08-20T11:30;30;3|1;
V02033;2102;A031707;U01;2026-08-21T08:30;20;22|23|7|5;AT000148
V02034;2102;A031707;U01;2026-08-21T08:50;20;22|23|7|5;AT000155
V02035;2102;A031707;U01;2026-08-21T09:10;20;22|23|7|5;AT000151
V02036;2102;A031707;U01;2026-08-21T09:30;20;22|23|7|5;AT000553
V02037;2102;A031707;U01;2026-08-21T09:50;20;22|23|7|5;AT000162
V02038;2102;A031707;U01;2026-08-21T10:10;20;22|23|7|5;AT000554
V02039;2102;A031707;U01;2026-08-21T10:30;20;22|23|7|5;AT000555
V02040;2102;A031707;U01;2026-08-21T10:50;20;22|23|7|5;AT000556
V02041;2102;A031707;U01;2026-08-21T11:10;20;22|23|7|5;AT000557
V02042;2102;A031707;U01;2026-08-21T11:30;20;22|23|7|5;AT000558
V02043;2102;A031707;U01;2026-08-21T11:50;20;22|23|7|5;
V02044;2102;A031707;U01;2026-08-21T12:10;20;22|23|7|5;
V02045;1300;A032102;U05;2026-08-21T09:00;40;1;AT000397
V02046;1300;A032102;U05;2026-08-21T09:40;40;1;AT002189
V02047;1300;A032102;U05;2026-08-21T10:20;20;2;AT002190
V02048;1300;A032102;U05;2026-08-21T10:40;20;2;
V02049;1300;A032102;U05;2026-08-21T11:00;20;2;
V02050;1300;A032102;U05;2026-08-21T11:20;20;2;AT002191
V02051;1300;A032102;U05;2026-08-21T11:40;20;2;AT002192
V02052;1300;A032102;U05;2026-08-21T12:00;20;2;AT002193
V02053;1300;A032102;U05;2026-08-21T12:20;20;2;AT002194
V02054;1300;A032102;U05;2026-08-21T12:40;20;2;AT002195
V02055;7000_2;A033403;;2026-08-21T08:00;20;1;AT000513
V02056;7000_2;A033403;;2026-08-21T08:20;20;1;AT000519
V02057;7000_2;A033403;;2026-08-21T08:40;20;1;AT000528
V02058;7000_2;A033403;;2026-08-21T09:00;20;1;AT000531
V02059;7000_2;A033403;;2026-08-21T09:20;20;1;AT002196
V02060;7000_2;A033403;;2026-08-21T09:40;20;1;AT002197
V02061;7000_2;A033403;;2026-08-21T10:00;20;1;AT002198
V02062;7000_2;A033403;;2026-08-21T10:20;20;1;AT002199
V02063;7000_2;A033403;;2026-08-21T10:40;20;1;AT002200
V02064;7000_2;A033403;;2026-08-21T11:00;20;1;AT002201
V02065;7000_2;A033403;;2026-08-21T11:20;20;1;
V02066;7000_2;A033403;;2026-08-21T11:40;20;1;AT002202
V02067;7000_2;A033403;;2026-08-21T12:00;20;1;AT002203
V02068;7000_2;A033403;;2026-08-21T12:20;20;1;AT002204
V02069;7000_2;A033403;;2026-08-21T12:40;20;1;AT002205
V02070;7000_2;A033403;;2026-08-21T13:00;20;1;AT002206
V02071;7000_2;A033403;;2026-08-21T13:20;20;1;AT002207
V02072;7000_2;A033403;;2026-08-21T13:40;20;1;AT002208
V02073;7000_2;A033403;;2026-08-21T14:00;20;1;AT002209
V02074;7000_2;A033403;;2026-08-21T14:20;20;1;AT002210
V02075;7000_2;A033403;;2026-08-21T14:40;20;1;AT002211
V02076;7000_2;A033403;;2026-08-21T15:00;20;1;AT002212
V02077;7000_2;A033403;;2026-08-21T15:20;20;1;AT002213
V02078;7000_2;A033403;;2026-08-21T15:40;20;1;AT002214
V02079;7000_3;A033410;;2026-08-21T09:00;20;1;
V02080;7000_3;A033410;;2026-08-21T09:20;20;1;AT002215
V02081;7000_3;A033410;;2026-08-21T09:40;20;1;AT002216
V02082;7000_3;A033410;;2026-08-21T10:00;20;1;
V02083;7000_3;A033410;;2026-08-21T10:20;20;1;
V02084;7000_3;A033410;;2026-08-21T10:40;20;1;AT002217
V02085;7000_3;A033410;;2026-08-21T11:00;20;1;AT002218
V02086;7000_3;A033410;;2026-08-21T11:20;20;1;
V02087;7000_3;A033410;;2026-08-21T11:40;20;1;AT002219
V02088;7000_3;A033410;;2026-08-21T12:00;20;1;AT002220
V02089;7000_3;A033410;;2026-08-21T12:20;20;1;AT002221
V02090;7000_3;A033410;;2026-08-21T12:40;20;1;AT002222
V02091;6100;E020305;;2026-08-21T07:30;10;4|9;AT000541
V02092;6100;E020305;;2026-08-21T07:40;10;4|9;AT000548
V02093;6100;E020305;;2026-08-21T07:50;10;4|9;AT002223
V02094;6100;E020305;;2026-08-21T08:00;10;4|9;
V02095;6100;E020305;;2026-08-21T08:10;10;4|9;
V02096;6100;E020305;;2026-08-21T08:20;10;4|9;AT002224
V02097;6100;E020305;;2026-08-21T08:30;10;4|9;AT002225
V02098;6100;E020305;;2026-08-21T08:40;10;4|9;AT002226
V02099;6100;E020305;;2026-08-21T08:50;10;4|9;AT002227
V02100;6100;E020305;;2026-08-21T09:00;10;4|9;AT002228
V02101;6100;E020305;;2026-08-21T09:10;10;4|9;
V02102;6100;E020305;;2026-08-21T09:20;10;4|9;AT002229
V02103;6100;E020305;;2026-08-21T09:30;10;4|9;AT002230
V02104;6100;E020305;;2026-08-21T09:40;10;4|9;AT002231
V02105;6100;E020305;;2026-08-21T09:50;10;4|9;AT002232
V02106;6100;E020305;;2026-08-21T10:00;10;4|9;
V02107;6100;E020305;;2026-08-21T10:10;10;4|9;AT002233
V02108;6100;E020305;;2026-08-21T10:20;10;4|9;AT002234
V02109;6100;E020306;;2026-08-21T07:30;10;4|9;AT000545
V02110;6100;E020306;;2026-08-21T07:40;10;4|9;AT000551
V02111;6100;E020306;;2026-08-21T07:50;10;4|9;AT002235
V02112;6100;E020306;;2026-08-21T08:00;10;4|9;AT002236
V02113;6100;E020306;;2026-08-21T08:10;10;4|9;AT002237
V02114;6100;E020306;;2026-08-21T08:20;10;4|9;AT002238
V02115;6100;E020306;;2026-08-21T08:30;10;4|9;AT002239
V02116;6100;E020306;;2026-08-21T08:40;10;4|9;AT002240
V02117;6100;E020306;;2026-08-21T08:50;10;4|9;
V02118;6100;E020306;;2026-08-21T09:00;10;4|9;AT002241
V02119;6100;E020306;;2026-08-21T09:10;10;4|9;AT002242
V02120;6100;E020306;;2026-08-21T09:20;10;4|9;
V02121;6100;E020306;;2026-08-21T09:30;10;4|9;
V02122;6100;E020306;;2026-08-21T09:40;10;4|9;
V02123;6100;E020306;;2026-08-21T09:50;10;4|9;AT002243
V02124;6100;E020306;;2026-08-21T10:00;10;4|9;
V02125;6100;E020306;;2026-08-21T10:10;10;4|9;
V02126;6100;E020306;;2026-08-21T10:20;10;4|9;AT002244
V02127;9610;H010101;;2026-08-21T08:30;240;1;AT000501
V02128;9610;H010101;;2026-08-21T13:30;240;1;AT002245
V02129;9610;H010102;;2026-08-21T08:30;240;1;AT002246
V02130;9610;H010102;;2026-08-21T13:30;240;1;AT002247
V02131;9610;H010103;;2026-08-21T08:30;240;1;AT002248
V02132;9610;H010103;;2026-08-21T13:30;240;1;AT002249
V02133;9610;H010104;;2026-08-21T08:30;240;1;AT002250
V02134;9610;H010104;;2026-08-21T13:30;240;1;
V02135;9602;A031903;U09;2026-08-21T09:00;30;3|1;AT002251
V02136;9602;A031903;U09;2026-08-21T09:30;30;3|1;
V02137;9602;A031903;U09;2026-08-21T10:00;30;3|1;
V02138;9602;A031903;U09;2026-08-21T10:30;30;3|1;
V02139;9602;A031903;U09;2026-08-21T11:00;30;3|1;
V02140;9602;A031903;U09;2026-08-21T11:30;30;3|1;
V02141;2102;A031707;U01;2026-08-24T08:30;20;22|23|7|5;AT000177
V02142;2102;A031707;U01;2026-08-24T08:50;20;22|23|7|5;AT000152
V02143;2102;A031707;U01;2026-08-24T09:10;20;22|23|7|5;AT000149
V02144;2102;A031707;U01;2026-08-24T09:30;20;22|23|7|5;AT000183
V02145;2102;A031707;U01;2026-08-24T09:50;20;22|23|7|5;AT000191
V02146;2102;A031707;U01;2026-08-24T10:10;20;22|23|7|5;AT000187
V02147;2102;A031707;U01;2026-08-24T10:30;20;22|23|7|5;AT000194
V02148;2102;A031707;U01;2026-08-24T10:50;20;22|23|7|5;AT000574
V02149;2102;A031707;U01;2026-08-24T11:10;20;22|23|7|5;AT000575
V02150;2102;A031707;U01;2026-08-24T11:30;20;22|23|7|5;AT000576
V02151;2102;A031707;U01;2026-08-24T11:50;20;22|23|7|5;
V02152;2102;A031707;U01;2026-08-24T12:10;20;22|23|7|5;
V02153;1300;A032101;U04;2026-08-24T09:00;40;1;AT000423
V02154;1300;A032101;U04;2026-08-24T09:40;40;1;
V02155;1300;A032101;U04;2026-08-24T10:20;20;2;AT002252
V02156;1300;A032101;U04;2026-08-24T10:40;20;2;AT002253
V02157;1300;A032101;U04;2026-08-24T11:00;20;2;AT002254
V02158;1300;A032101;U04;2026-08-24T11:20;20;2;
V02159;1300;A032101;U04;2026-08-24T11:40;20;2;AT002255
V02160;1300;A032101;U04;2026-08-24T12:00;20;2;
V02161;1300;A032101;U04;2026-08-24T12:20;20;2;AT002256
V02162;1300;A032101;U04;2026-08-24T12:40;20;2;AT002257
V02163;7000_2;A033403;;2026-08-24T08:00;20;1;AT000549
V02164;7000_2;A033403;;2026-08-24T08:20;20;1;AT000546
V02165;7000_2;A033403;;2026-08-24T08:40;20;1;AT000514
V02166;7000_2;A033403;;2026-08-24T09:00;20;1;AT002258
V02167;7000_2;A033403;;2026-08-24T09:20;20;1;AT002259
V02168;7000_2;A033403;;2026-08-24T09:40;20;1;AT002260
V02169;7000_2;A033403;;2026-08-24T10:00;20;1;
V02170;7000_2;A033403;;2026-08-24T10:20;20;1;AT002261
V02171;7000_2;A033403;;2026-08-24T10:40;20;1;AT002262
V02172;7000_2;A033403;;2026-08-24T11:00;20;1;AT002263
V02173;7000_2;A033403;;2026-08-24T11:20;20;1;AT002264
V02174;7000_2;A033403;;2026-08-24T11:40;20;1;AT002265
V02175;7000_2;A033403;;2026-08-24T12:00;20;1;AT002266
V02176;7000_2;A033403;;2026-08-24T12:20;20;1;AT002267
V02177;7000_2;A033403;;2026-08-24T12:40;20;1;AT002268
V02178;7000_2;A033403;;2026-08-24T13:00;20;1;AT002269
V02179;7000_2;A033403;;2026-08-24T13:20;20;1;AT002270
V02180;7000_2;A033403;;2026-08-24T13:40;20;1;AT002271
V02181;7000_2;A033403;;2026-08-24T14:00;20;1;
V02182;7000_2;A033403;;2026-08-24T14:20;20;1;
V02183;7000_2;A033403;;2026-08-24T14:40;20;1;
V02184;7000_2;A033403;;2026-08-24T15:00;20;1;AT002272
V02185;7000_2;A033403;;2026-08-24T15:20;20;1;AT002273
V02186;7000_2;A033403;;2026-08-24T15:40;20;1;AT002274
V02187;7000_3;A033410;;2026-08-24T09:00;20;1;
V02188;7000_3;A033410;;2026-08-24T09:20;20;1;AT002275
V02189;7000_3;A033410;;2026-08-24T09:40;20;1;
V02190;7000_3;A033410;;2026-08-24T10:00;20;1;
V02191;7000_3;A033410;;2026-08-24T10:20;20;1;
V02192;7000_3;A033410;;2026-08-24T10:40;20;1;
V02193;7000_3;A033410;;2026-08-24T11:00;20;1;
V02194;7000_3;A033410;;2026-08-24T11:20;20;1;AT002276
V02195;7000_3;A033410;;2026-08-24T11:40;20;1;
V02196;7000_3;A033410;;2026-08-24T12:00;20;1;AT002277
V02197;7000_3;A033410;;2026-08-24T12:20;20;1;
V02198;7000_3;A033410;;2026-08-24T12:40;20;1;AT002278
V02199;6100;E020305;;2026-08-24T07:30;10;4|9;AT000559
V02200;6100;E020305;;2026-08-24T07:40;10;4|9;AT000523
V02201;6100;E020305;;2026-08-24T07:50;10;4|9;AT000570
V02202;6100;E020305;;2026-08-24T08:00;10;4|9;
V02203;6100;E020305;;2026-08-24T08:10;10;4|9;
V02204;6100;E020305;;2026-08-24T08:20;10;4|9;AT002279
V02205;6100;E020305;;2026-08-24T08:30;10;4|9;
V02206;6100;E020305;;2026-08-24T08:40;10;4|9;AT002280
V02207;6100;E020305;;2026-08-24T08:50;10;4|9;AT002281
V02208;6100;E020305;;2026-08-24T09:00;10;4|9;AT002282
V02209;6100;E020305;;2026-08-24T09:10;10;4|9;AT002283
V02210;6100;E020305;;2026-08-24T09:20;10;4|9;AT002284
V02211;6100;E020305;;2026-08-24T09:30;10;4|9;AT002285
V02212;6100;E020305;;2026-08-24T09:40;10;4|9;AT002286
V02213;6100;E020305;;2026-08-24T09:50;10;4|9;AT002287
V02214;6100;E020305;;2026-08-24T10:00;10;4|9;
V02215;6100;E020305;;2026-08-24T10:10;10;4|9;AT002288
V02216;6100;E020305;;2026-08-24T10:20;10;4|9;AT002289
V02217;6100;E020306;;2026-08-24T07:30;10;4|9;AT000562
V02218;6100;E020306;;2026-08-24T07:40;10;4|9;AT000568
V02219;6100;E020306;;2026-08-24T07:50;10;4|9;AT002290
V02220;6100;E020306;;2026-08-24T08:00;10;4|9;
V02221;6100;E020306;;2026-08-24T08:10;10;4|9;
V02222;6100;E020306;;2026-08-24T08:20;10;4|9;
V02223;6100;E020306;;2026-08-24T08:30;10;4|9;AT002291
V02224;6100;E020306;;2026-08-24T08:40;10;4|9;AT002292
V02225;6100;E020306;;2026-08-24T08:50;10;4|9;
V02226;6100;E020306;;2026-08-24T09:00;10;4|9;
V02227;6100;E020306;;2026-08-24T09:10;10;4|9;
V02228;6100;E020306;;2026-08-24T09:20;10;4|9;
V02229;6100;E020306;;2026-08-24T09:30;10;4|9;
V02230;6100;E020306;;2026-08-24T09:40;10;4|9;
V02231;6100;E020306;;2026-08-24T09:50;10;4|9;AT002293
V02232;6100;E020306;;2026-08-24T10:00;10;4|9;AT002294
V02233;6100;E020306;;2026-08-24T10:10;10;4|9;AT002295
V02234;6100;E020306;;2026-08-24T10:20;10;4|9;AT002296
V02235;9610;H010101;;2026-08-24T08:30;240;1;AT002297
V02236;9610;H010101;;2026-08-24T13:30;240;1;AT002298
V02237;9610;H010102;;2026-08-24T08:30;240;1;AT002299
V02238;9610;H010102;;2026-08-24T13:30;240;1;AT002300
V02239;9610;H010103;;2026-08-24T08:30;240;1;
V02240;9610;H010103;;2026-08-24T13:30;240;1;AT002301
V02241;9610;H010104;;2026-08-24T08:30;240;1;AT002302
V02242;9610;H010104;;2026-08-24T13:30;240;1;AT002303
V02243;9602;A031903;U09;2026-08-24T09:00;30;3|1;
V02244;9602;A031903;U09;2026-08-24T09:30;30;3|1;AT002304
V02245;9602;A031903;U09;2026-08-24T10:00;30;3|1;AT002305
V02246;9602;A031903;U09;2026-08-24T10:30;30;3|1;
V02247;9602;A031903;U09;2026-08-24T11:00;30;3|1;
V02248;9602;A031903;U09;2026-08-24T11:30;30;3|1;
V02249;2102;A031708;U02;2026-08-25T08:30;20;22|23|7|5;AT000133
V02250;2102;A031708;U02;2026-08-25T08:50;20;22|23|7|5;AT000207
V02251;2102;A031708;U02;2026-08-25T09:10;20;22|23|7|5;AT000215
V02252;2102;A031708;U02;2026-08-25T09:30;20;22|23|7|5;AT000217
V02253;2102;A031708;U02;2026-08-25T09:50;20;22|23|7|5;AT000212
V02254;2102;A031708;U02;2026-08-25T10:10;20;22|23|7|5;AT000224
V02255;2102;A031708;U02;2026-08-25T10:30;20;22|23|7|5;AT000220
V02256;2102;A031708;U02;2026-08-25T10:50;20;22|23|7|5;AT000601
V02257;2102;A031708;U02;2026-08-25T11:10;20;22|23|7|5;AT000602
V02258;2102;A031708;U02;2026-08-25T11:30;20;22|23|7|5;AT000603
V02259;2102;A031708;U02;2026-08-25T11:50;20;22|23|7|5;
V02260;2102;A031708;U02;2026-08-25T12:10;20;22|23|7|5;
V02261;1300;A032102;U05;2026-08-25T09:00;40;1;AT000521
V02262;1300;A032102;U05;2026-08-25T09:40;40;1;AT000543
V02263;1300;A032102;U05;2026-08-25T10:20;20;2;
V02264;1300;A032102;U05;2026-08-25T10:40;20;2;AT002306
V02265;1300;A032102;U05;2026-08-25T11:00;20;2;AT002307
V02266;1300;A032102;U05;2026-08-25T11:20;20;2;AT002308
V02267;1300;A032102;U05;2026-08-25T11:40;20;2;AT002309
V02268;1300;A032102;U05;2026-08-25T12:00;20;2;AT002310
V02269;1300;A032102;U05;2026-08-25T12:20;20;2;AT002311
V02270;1300;A032102;U05;2026-08-25T12:40;20;2;
V02271;7000_2;A033403;;2026-08-25T08:00;20;1;AT000560
V02272;7000_2;A033403;;2026-08-25T08:20;20;1;AT000524
V02273;7000_2;A033403;;2026-08-25T08:40;20;1;AT000563
V02274;7000_2;A033403;;2026-08-25T09:00;20;1;AT000571
V02275;7000_2;A033403;;2026-08-25T09:20;20;1;AT002312
V02276;7000_2;A033403;;2026-08-25T09:40;20;1;
V02277;7000_2;A033403;;2026-08-25T10:00;20;1;AT002313
V02278;7000_2;A033403;;2026-08-25T10:20;20;1;
V02279;7000_2;A033403;;2026-08-25T10:40;20;1;AT002314
V02280;7000_2;A033403;;2026-08-25T11:00;20;1;AT002315
V02281;7000_2;A033403;;2026-08-25T11:20;20;1;AT002316
V02282;7000_2;A033403;;2026-08-25T11:40;20;1;AT002317
V02283;7000_2;A033403;;2026-08-25T12:00;20;1;
V02284;7000_2;A033403;;2026-08-25T12:20;20;1;AT002318
V02285;7000_2;A033403;;2026-08-25T12:40;20;1;AT002319
V02286;7000_2;A033403;;2026-08-25T13:00;20;1;AT002320
V02287;7000_2;A033403;;2026-08-25T13:20;20;1;AT002321
V02288;7000_2;A033403;;2026-08-25T13:40;20;1;AT002322
V02289;7000_2;A033403;;2026-08-25T14:00;20;1;AT002323
V02290;7000_2;A033403;;2026-08-25T14:20;20;1;AT002324
V02291;7000_2;A033403;;2026-08-25T14:40;20;1;AT002325
V02292;7000_2;A033403;;2026-08-25T15:00;20;1;AT002326
V02293;7000_2;A033403;;2026-08-25T15:20;20;1;AT002327
V02294;7000_2;A033403;;2026-08-25T15:40;20;1;
V02295;7000_3;A033410;;2026-08-25T09:00;20;1;AT000580
V02296;7000_3;A033410;;2026-08-25T09:20;20;1;AT000582
V02297;7000_3;A033410;;2026-08-25T09:40;20;1;
V02298;7000_3;A033410;;2026-08-25T10:00;20;1;AT000596
V02299;7000_3;A033410;;2026-08-25T10:20;20;1;AT002328
V02300;7000_3;A033410;;2026-08-25T10:40;20;1;AT002329
V02301;7000_3;A033410;;2026-08-25T11:00;20;1;AT002330
V02302;7000_3;A033410;;2026-08-25T11:20;20;1;AT002331
V02303;7000_3;A033410;;2026-08-25T11:40;20;1;AT002332
V02304;7000_3;A033410;;2026-08-25T12:00;20;1;AT002333
V02305;7000_3;A033410;;2026-08-25T12:20;20;1;
V02306;7000_3;A033410;;2026-08-25T12:40;20;1;
V02307;6100;E020305;;2026-08-25T07:30;10;4|9;AT000567
V02308;6100;E020305;;2026-08-25T07:40;10;4|9;AT000586
V02309;6100;E020305;;2026-08-25T07:50;10;4|9;
V02310;6100;E020305;;2026-08-25T08:00;10;4|9;AT000598
V02311;6100;E020305;;2026-08-25T08:10;10;4|9;
V02312;6100;E020305;;2026-08-25T08:20;10;4|9;AT002334
V02313;6100;E020305;;2026-08-25T08:30;10;4|9;
V02314;6100;E020305;;2026-08-25T08:40;10;4|9;AT002335
V02315;6100;E020305;;2026-08-25T08:50;10;4|9;
V02316;6100;E020305;;2026-08-25T09:00;10;4|9;AT002336
V02317;6100;E020305;;2026-08-25T09:10;10;4|9;AT002337
V02318;6100;E020305;;2026-08-25T09:20;10;4|9;AT002338
V02319;6100;E020305;;2026-08-25T09:30;10;4|9;AT002339
V02320;6100;E020305;;2026-08-25T09:40;10;4|9;AT002340
V02321;6100;E020305;;2026-08-25T09:50;10;4|9;AT002341
V02322;6100;E020305;;2026-08-25T10:00;10;4|9;
V02323;6100;E020305;;2026-08-25T10:10;10;4|9;AT002342
V02324;6100;E020305;;2026-08-25T10:20;10;4|9;
V02325;6100;E020306;;2026-08-25T07:30;10;4|9;AT000577
V02326;6100;E020306;;2026-08-25T07:40;10;4|9;AT000589
V02327;6100;E020306;;2026-08-25T07:50;10;4|9;
V02328;6100;E020306;;2026-08-25T08:00;10;4|9;AT002343
V02329;6100;E020306;;2026-08-25T08:10;10;4|9;AT002344
V02330;6100;E020306;;2026-08-25T08:20;10;4|9;
V02331;6100;E020306;;2026-08-25T08:30;10;4|9;
V02332;6100;E020306;;2026-08-25T08:40;10;4|9;
V02333;6100;E020306;;2026-08-25T08:50;10;4|9;
V02334;6100;E020306;;2026-08-25T09:00;10;4|9;AT002345
V02335;6100;E020306;;2026-08-25T09:10;10;4|9;
V02336;6100;E020306;;2026-08-25T09:20;10;4|9;
V02337;6100;E020306;;2026-08-25T09:30;10;4|9;AT002346
V02338;6100;E020306;;2026-08-25T09:40;10;4|9;
V02339;6100;E020306;;2026-08-25T09:50;10;4|9;
V02340;6100;E020306;;2026-08-25T10:00;10;4|9;AT002347
V02341;6100;E020306;;2026-08-25T10:10;10;4|9;AT002348
V02342;6100;E020306;;2026-08-25T10:20;10;4|9;AT002349
V02343;9610;H010101;;2026-08-25T08:30;240;1;
V02344;9610;H010101;;2026-08-25T13:30;240;1;AT002350
V02345;9610;H010102;;2026-08-25T08:30;240;1;AT002351
V02346;9610;H010102;;2026-08-25T13:30;240;1;
V02347;9610;H010103;;2026-08-25T08:30;240;1;AT002352
V02348;9610;H010103;;2026-08-25T13:30;240;1;AT002353
V02349;9610;H010104;;2026-08-25T08:30;240;1;AT002354
V02350;9610;H010104;;2026-08-25T13:30;240;1;AT002355
V02351;9602;A031903;U09;2026-08-25T09:00;30;3|1;
V02352;9602;A031903;U09;2026-08-25T09:30;30;3|1;AT000592
V02353;9602;A031903;U09;2026-08-25T10:00;30;3|1;AT002356
V02354;9602;A031903;U09;2026-08-25T10:30;30;3|1;
V02355;9602;A031903;U09;2026-08-25T11:00;30;3|1;AT002357
V02356;9602;A031903;U09;2026-08-25T11:30;30;3|1;
V02357;2102;A031707;U01;2026-08-26T08:30;20;22|23|7|5;AT000242
V02358;2102;A031707;U01;2026-08-26T08:50;20;22|23|7|5;AT000248
V02359;2102;A031707;U01;2026-08-26T09:10;20;22|23|7|5;AT000244
V02360;2102;A031707;U01;2026-08-26T09:30;20;22|23|7|5;AT000619
V02361;2102;A031707;U01;2026-08-26T09:50;20;22|23|7|5;AT000251
V02362;2102;A031707;U01;2026-08-26T10:10;20;22|23|7|5;AT000620
V02363;2102;A031707;U01;2026-08-26T10:30;20;22|23|7|5;AT000621
V02364;2102;A031707;U01;2026-08-26T10:50;20;22|23|7|5;AT000622
V02365;2102;A031707;U01;2026-08-26T11:10;20;22|23|7|5;AT000623
V02366;2102;A031707;U01;2026-08-26T11:30;20;22|23|7|5;AT000624
V02367;2102;A031707;U01;2026-08-26T11:50;20;22|23|7|5;
V02368;2102;A031707;U01;2026-08-26T12:10;20;22|23|7|5;
V02369;2300;A032501;U06;2026-08-26T09:00;40;1;AT002358
V02370;2300;A032501;U06;2026-08-26T09:40;40;1;
V02371;2300;A032501;U06;2026-08-26T10:20;40;1;
V02372;2300;A032501;U06;2026-08-26T11:00;40;1;AT002359
V02373;2300;A032501;U06;2026-08-26T11:40;40;1;
V02374;7000_2;A033403;;2026-08-26T08:00;20;1;AT000179
V02375;7000_2;A033403;;2026-08-26T08:20;20;1;AT000590
V02376;7000_2;A033403;;2026-08-26T08:40;20;1;AT000587
V02377;7000_2;A033403;;2026-08-26T09:00;20;1;AT000599
V02378;7000_2;A033403;;2026-08-26T09:20;20;1;AT002360
V02379;7000_2;A033403;;2026-08-26T09:40;20;1;AT002361
V02380;7000_2;A033403;;2026-08-26T10:00;20;1;AT002362
V02381;7000_2;A033403;;2026-08-26T10:20;20;1;AT002363
V02382;7000_2;A033403;;2026-08-26T10:40;20;1;AT002364
V02383;7000_2;A033403;;2026-08-26T11:00;20;1;AT002365
V02384;7000_2;A033403;;2026-08-26T11:20;20;1;AT002366
V02385;7000_2;A033403;;2026-08-26T11:40;20;1;AT002367
V02386;7000_2;A033403;;2026-08-26T12:00;20;1;AT002368
V02387;7000_2;A033403;;2026-08-26T12:20;20;1;AT002369
V02388;7000_2;A033403;;2026-08-26T12:40;20;1;AT002370
V02389;7000_2;A033403;;2026-08-26T13:00;20;1;
V02390;7000_2;A033403;;2026-08-26T13:20;20;1;AT002371
V02391;7000_2;A033403;;2026-08-26T13:40;20;1;
V02392;7000_2;A033403;;2026-08-26T14:00;20;1;AT002372
V02393;7000_2;A033403;;2026-08-26T14:20;20;1;AT002373
V02394;7000_2;A033403;;2026-08-26T14:40;20;1;AT002374
V02395;7000_2;A033403;;2026-08-26T15:00;20;1;AT002375
V02396;7000_2;A033403;;2026-08-26T15:20;20;1;AT002376
V02397;7000_2;A033403;;2026-08-26T15:40;20;1;
V02398;7000_3;A033410;;2026-08-26T09:00;20;1;AT002377
V02399;7000_3;A033410;;2026-08-26T09:20;20;1;
V02400;7000_3;A033410;;2026-08-26T09:40;20;1;AT002378
V02401;7000_3;A033410;;2026-08-26T10:00;20;1;AT002379
V02402;7000_3;A033410;;2026-08-26T10:20;20;1;AT002380
V02403;7000_3;A033410;;2026-08-26T10:40;20;1;AT002381
V02404;7000_3;A033410;;2026-08-26T11:00;20;1;
V02405;7000_3;A033410;;2026-08-26T11:20;20;1;AT002382
V02406;7000_3;A033410;;2026-08-26T11:40;20;1;
V02407;7000_3;A033410;;2026-08-26T12:00;20;1;AT002383
V02408;7000_3;A033410;;2026-08-26T12:20;20;1;AT002384
V02409;7000_3;A033410;;2026-08-26T12:40;20;1;AT002385
V02410;6100;E020305;;2026-08-26T07:30;10;4|9;AT000303
V02411;6100;E020305;;2026-08-26T07:40;10;4|9;AT000609
V02412;6100;E020305;;2026-08-26T07:50;10;4|9;AT000616
V02413;6100;E020305;;2026-08-26T08:00;10;4|9;
V02414;6100;E020305;;2026-08-26T08:10;10;4|9;AT002386
V02415;6100;E020305;;2026-08-26T08:20;10;4|9;AT002387
V02416;6100;E020305;;2026-08-26T08:30;10;4|9;
V02417;6100;E020305;;2026-08-26T08:40;10;4|9;AT002388
V02418;6100;E020305;;2026-08-26T08:50;10;4|9;
V02419;6100;E020305;;2026-08-26T09:00;10;4|9;
V02420;6100;E020305;;2026-08-26T09:10;10;4|9;AT002389
V02421;6100;E020305;;2026-08-26T09:20;10;4|9;
V02422;6100;E020305;;2026-08-26T09:30;10;4|9;
V02423;6100;E020305;;2026-08-26T09:40;10;4|9;
V02424;6100;E020305;;2026-08-26T09:50;10;4|9;
V02425;6100;E020305;;2026-08-26T10:00;10;4|9;AT002390
V02426;6100;E020305;;2026-08-26T10:10;10;4|9;AT002391
V02427;6100;E020305;;2026-08-26T10:20;10;4|9;AT002392
V02428;6100;E020306;;2026-08-26T07:30;10;4|9;AT000605
V02429;6100;E020306;;2026-08-26T07:40;10;4|9;AT000612
V02430;6100;E020306;;2026-08-26T07:50;10;4|9;
V02431;6100;E020306;;2026-08-26T08:00;10;4|9;
V02432;6100;E020306;;2026-08-26T08:10;10;4|9;
V02433;6100;E020306;;2026-08-26T08:20;10;4|9;AT002393
V02434;6100;E020306;;2026-08-26T08:30;10;4|9;AT002394
V02435;6100;E020306;;2026-08-26T08:40;10;4|9;AT002395
V02436;6100;E020306;;2026-08-26T08:50;10;4|9;AT002396
V02437;6100;E020306;;2026-08-26T09:00;10;4|9;AT002397
V02438;6100;E020306;;2026-08-26T09:10;10;4|9;
V02439;6100;E020306;;2026-08-26T09:20;10;4|9;AT002398
V02440;6100;E020306;;2026-08-26T09:30;10;4|9;AT002399
V02441;6100;E020306;;2026-08-26T09:40;10;4|9;
V02442;6100;E020306;;2026-08-26T09:50;10;4|9;
V02443;6100;E020306;;2026-08-26T10:00;10;4|9;AT002400
V02444;6100;E020306;;2026-08-26T10:10;10;4|9;
V02445;6100;E020306;;2026-08-26T10:20;10;4|9;
V02446;9610;H010101;;2026-08-26T08:30;240;1;AT000566
V02447;9610;H010101;;2026-08-26T13:30;240;1;AT002401
V02448;9610;H010102;;2026-08-26T08:30;240;1;AT002402
V02449;9610;H010102;;2026-08-26T13:30;240;1;AT002403
V02450;9610;H010103;;2026-08-26T08:30;240;1;
V02451;9610;H010103;;2026-08-26T13:30;240;1;AT002404
V02452;9610;H010104;;2026-08-26T08:30;240;1;
V02453;9610;H010104;;2026-08-26T13:30;240;1;AT002405
V02454;9602;A031903;U09;2026-08-26T09:00;30;3|1;AT000608
V02455;9602;A031903;U09;2026-08-26T09:30;30;3|1;AT000007
V02456;9602;A031903;U09;2026-08-26T10:00;30;3|1;AT000008
V02457;9602;A031903;U09;2026-08-26T10:30;30;3|1;AT000615
V02458;9602;A031903;U09;2026-08-26T11:00;30;3|1;
V02459;9602;A031903;U09;2026-08-26T11:30;30;3|1;
V02460;2102;A031708;U02;2026-08-27T08:30;20;22|23|7|5;AT000271
V02461;2102;A031708;U02;2026-08-27T08:50;20;22|23|7|5;AT000268
V02462;2102;A031708;U02;2026-08-27T09:10;20;22|23|7|5;AT000273
V02463;2102;A031708;U02;2026-08-27T09:30;20;22|23|7|5;AT000281
V02464;2102;A031708;U02;2026-08-27T09:50;20;22|23|7|5;AT000644
V02465;2102;A031708;U02;2026-08-27T10:10;20;22|23|7|5;AT000645
V02466;2102;A031708;U02;2026-08-27T10:30;20;22|23|7|5;AT000646
V02467;2102;A031708;U02;2026-08-27T10:50;20;22|23|7|5;AT000647
V02468;2102;A031708;U02;2026-08-27T11:10;20;22|23|7|5;AT000648
V02469;2102;A031708;U02;2026-08-27T11:30;20;22|23|7|5;AT000649
V02470;2102;A031708;U02;2026-08-27T11:50;20;22|23|7|5;
V02471;2102;A031708;U02;2026-08-27T12:10;20;22|23|7|5;
V02472;1300;A032101;U04;2026-08-27T09:00;40;1;AT000526
V02473;1300;A032101;U04;2026-08-27T09:40;40;1;AT000424
V02474;1300;A032101;U04;2026-08-27T10:20;20;2;AT002406
V02475;1300;A032101;U04;2026-08-27T10:40;20;2;AT002407
V02476;1300;A032101;U04;2026-08-27T11:00;20;2;AT002408
V02477;1300;A032101;U04;2026-08-27T11:20;20;2;AT002409
V02478;1300;A032101;U04;2026-08-27T11:40;20;2;AT002410
V02479;1300;A032101;U04;2026-08-27T12:00;20;2;AT002411
V02480;1300;A032101;U04;2026-08-27T12:20;20;2;AT002412
V02481;1300;A032101;U04;2026-08-27T12:40;20;2;AT002413
V02482;7000_2;A033403;;2026-08-27T08:00;20;1;AT000606
V02483;7000_2;A033403;;2026-08-27T08:20;20;1;AT000275
V02484;7000_2;A033403;;2026-08-27T08:40;20;1;AT000613
V02485;7000_2;A033403;;2026-08-27T09:00;20;1;AT002414
V02486;7000_2;A033403;;2026-08-27T09:20;20;1;AT002415
V02487;7000_2;A033403;;2026-08-27T09:40;20;1;AT002416
V02488;7000_2;A033403;;2026-08-27T10:00;20;1;AT002417
V02489;7000_2;A033403;;2026-08-27T10:20;20;1;
V02490;7000_2;A033403;;2026-08-27T10:40;20;1;
V02491;7000_2;A033403;;2026-08-27T11:00;20;1;AT002418
V02492;7000_2;A033403;;2026-08-27T11:20;20;1;AT002419
V02493;7000_2;A033403;;2026-08-27T11:40;20;1;AT002420
V02494;7000_2;A033403;;2026-08-27T12:00;20;1;AT002421
V02495;7000_2;A033403;;2026-08-27T12:20;20;1;
V02496;7000_2;A033403;;2026-08-27T12:40;20;1;AT002422
V02497;7000_2;A033403;;2026-08-27T13:00;20;1;AT002423
V02498;7000_2;A033403;;2026-08-27T13:20;20;1;AT002424
V02499;7000_2;A033403;;2026-08-27T13:40;20;1;AT002425
V02500;7000_2;A033403;;2026-08-27T14:00;20;1;AT002426
V02501;7000_2;A033403;;2026-08-27T14:20;20;1;AT002427
V02502;7000_2;A033403;;2026-08-27T14:40;20;1;
V02503;7000_2;A033403;;2026-08-27T15:00;20;1;AT002428
V02504;7000_2;A033403;;2026-08-27T15:20;20;1;
V02505;7000_2;A033403;;2026-08-27T15:40;20;1;AT002429
V02506;7000_3;A033410;;2026-08-27T09:00;20;1;AT000625
V02507;7000_3;A033410;;2026-08-27T09:20;20;1;AT002430
V02508;7000_3;A033410;;2026-08-27T09:40;20;1;AT002431
V02509;7000_3;A033410;;2026-08-27T10:00;20;1;AT002432
V02510;7000_3;A033410;;2026-08-27T10:20;20;1;
V02511;7000_3;A033410;;2026-08-27T10:40;20;1;AT002433
V02512;7000_3;A033410;;2026-08-27T11:00;20;1;AT002434
V02513;7000_3;A033410;;2026-08-27T11:20;20;1;
V02514;7000_3;A033410;;2026-08-27T11:40;20;1;AT002435
V02515;7000_3;A033410;;2026-08-27T12:00;20;1;
V02516;7000_3;A033410;;2026-08-27T12:20;20;1;
V02517;7000_3;A033410;;2026-08-27T12:40;20;1;AT002436
V02518;6100;E020305;;2026-08-27T07:30;10;4|9;AT000631
V02519;6100;E020305;;2026-08-27T07:40;10;4|9;AT000637
V02520;6100;E020305;;2026-08-27T07:50;10;4|9;AT000640
V02521;6100;E020305;;2026-08-27T08:00;10;4|9;AT000642
V02522;6100;E020305;;2026-08-27T08:10;10;4|9;AT002437
V02523;6100;E020305;;2026-08-27T08:20;10;4|9;AT002438
V02524;6100;E020305;;2026-08-27T08:30;10;4|9;AT002439
V02525;6100;E020305;;2026-08-27T08:40;10;4|9;AT002440
V02526;6100;E020305;;2026-08-27T08:50;10;4|9;
V02527;6100;E020305;;2026-08-27T09:00;10;4|9;AT002441
V02528;6100;E020305;;2026-08-27T09:10;10;4|9;AT002442
V02529;6100;E020305;;2026-08-27T09:20;10;4|9;AT002443
V02530;6100;E020305;;2026-08-27T09:30;10;4|9;AT002444
V02531;6100;E020305;;2026-08-27T09:40;10;4|9;
V02532;6100;E020305;;2026-08-27T09:50;10;4|9;AT002445
V02533;6100;E020305;;2026-08-27T10:00;10;4|9;
V02534;6100;E020305;;2026-08-27T10:10;10;4|9;AT002446
V02535;6100;E020305;;2026-08-27T10:20;10;4|9;AT002447
V02536;6100;E020306;;2026-08-27T07:30;10;4|9;AT000578
V02537;6100;E020306;;2026-08-27T07:40;10;4|9;AT000627
V02538;6100;E020306;;2026-08-27T07:50;10;4|9;AT002448
V02539;6100;E020306;;2026-08-27T08:00;10;4|9;AT002449
V02540;6100;E020306;;2026-08-27T08:10;10;4|9;
V02541;6100;E020306;;2026-08-27T08:20;10;4|9;AT002450
V02542;6100;E020306;;2026-08-27T08:30;10;4|9;AT002451
V02543;6100;E020306;;2026-08-27T08:40;10;4|9;
V02544;6100;E020306;;2026-08-27T08:50;10;4|9;AT002452
V02545;6100;E020306;;2026-08-27T09:00;10;4|9;AT002453
V02546;6100;E020306;;2026-08-27T09:10;10;4|9;AT002454
V02547;6100;E020306;;2026-08-27T09:20;10;4|9;
V02548;6100;E020306;;2026-08-27T09:30;10;4|9;AT002455
V02549;6100;E020306;;2026-08-27T09:40;10;4|9;AT002456
V02550;6100;E020306;;2026-08-27T09:50;10;4|9;
V02551;6100;E020306;;2026-08-27T10:00;10;4|9;
V02552;6100;E020306;;2026-08-27T10:10;10;4|9;AT002457
V02553;6100;E020306;;2026-08-27T10:20;10;4|9;AT002458
V02554;9610;H010101;;2026-08-27T08:30;240;1;AT002459
V02555;9610;H010101;;2026-08-27T13:30;240;1;
V02556;9610;H010102;;2026-08-27T08:30;240;1;
V02557;9610;H010102;;2026-08-27T13:30;240;1;
V02558;9610;H010103;;2026-08-27T08:30;240;1;
V02559;9610;H010103;;2026-08-27T13:30;240;1;
V02560;9610;H010104;;2026-08-27T08:30;240;1;AT002460
V02561;9610;H010104;;2026-08-27T13:30;240;1;AT002461
V02562;9602;A031903;U09;2026-08-27T09:00;30;3|1;AT000636
V02563;9602;A031903;U09;2026-08-27T09:30;30;3|1;
V02564;9602;A031903;U09;2026-08-27T10:00;30;3|1;
V02565;9602;A031903;U09;2026-08-27T10:30;30;3|1;
V02566;9602;A031903;U09;2026-08-27T11:00;30;3|1;
V02567;9602;A031903;U09;2026-08-27T11:30;30;3|1;
V02568;2102;A031707;U01;2026-08-28T08:30;20;22|23|7|5;AT000304
V02569;2102;A031707;U01;2026-08-28T08:50;20;22|23|7|5;AT000312
V02570;2102;A031707;U01;2026-08-28T09:10;20;22|23|7|5;AT000296
V02571;2102;A031707;U01;2026-08-28T09:30;20;22|23|7|5;AT000298
V02572;2102;A031707;U01;2026-08-28T09:50;20;22|23|7|5;AT000301
V02573;2102;A031707;U01;2026-08-28T10:10;20;22|23|7|5;AT000306
V02574;2102;A031707;U01;2026-08-28T10:30;20;22|23|7|5;AT000314
V02575;2102;A031707;U01;2026-08-28T10:50;20;22|23|7|5;AT000310
V02576;2102;A031707;U01;2026-08-28T11:10;20;22|23|7|5;AT000669
V02577;2102;A031707;U01;2026-08-28T11:30;20;22|23|7|5;AT000670
V02578;2102;A031707;U01;2026-08-28T11:50;20;22|23|7|5;
V02579;2102;A031707;U01;2026-08-28T12:10;20;22|23|7|5;
V02580;1300;A032102;U05;2026-08-28T09:00;40;1;AT000544
V02581;1300;A032102;U05;2026-08-28T09:40;40;1;AT000604
V02582;1300;A032102;U05;2026-08-28T10:20;20;2;
V02583;1300;A032102;U05;2026-08-28T10:40;20;2;AT002462
V02584;1300;A032102;U05;2026-08-28T11:00;20;2;
V02585;1300;A032102;U05;2026-08-28T11:20;20;2;AT002463
V02586;1300;A032102;U05;2026-08-28T11:40;20;2;AT002464
V02587;1300;A032102;U05;2026-08-28T12:00;20;2;AT002465
V02588;1300;A032102;U05;2026-08-28T12:20;20;2;
V02589;1300;A032102;U05;2026-08-28T12:40;20;2;AT002466
V02590;7000_2;A033403;;2026-08-28T08:00;20;1;AT000632
V02591;7000_2;A033403;;2026-08-28T08:20;20;1;AT000628
V02592;7000_2;A033403;;2026-08-28T08:40;20;1;AT000638
V02593;7000_2;A033403;;2026-08-28T09:00;20;1;AT002467
V02594;7000_2;A033403;;2026-08-28T09:20;20;1;AT002468
V02595;7000_2;A033403;;2026-08-28T09:40;20;1;AT002469
V02596;7000_2;A033403;;2026-08-28T10:00;20;1;
V02597;7000_2;A033403;;2026-08-28T10:20;20;1;
V02598;7000_2;A033403;;2026-08-28T10:40;20;1;AT002470
V02599;7000_2;A033403;;2026-08-28T11:00;20;1;AT002471
V02600;7000_2;A033403;;2026-08-28T11:20;20;1;AT002472
V02601;7000_2;A033403;;2026-08-28T11:40;20;1;AT002473
V02602;7000_2;A033403;;2026-08-28T12:00;20;1;AT002474
V02603;7000_2;A033403;;2026-08-28T12:20;20;1;AT002475
V02604;7000_2;A033403;;2026-08-28T12:40;20;1;AT002476
V02605;7000_2;A033403;;2026-08-28T13:00;20;1;AT002477
V02606;7000_2;A033403;;2026-08-28T13:20;20;1;AT002478
V02607;7000_2;A033403;;2026-08-28T13:40;20;1;AT002479
V02608;7000_2;A033403;;2026-08-28T14:00;20;1;AT002480
V02609;7000_2;A033403;;2026-08-28T14:20;20;1;AT002481
V02610;7000_2;A033403;;2026-08-28T14:40;20;1;
V02611;7000_2;A033403;;2026-08-28T15:00;20;1;AT002482
V02612;7000_2;A033403;;2026-08-28T15:20;20;1;
V02613;7000_2;A033403;;2026-08-28T15:40;20;1;AT002483
V02614;7000_3;A033410;;2026-08-28T09:00;20;1;AT000653
V02615;7000_3;A033410;;2026-08-28T09:20;20;1;AT002484
V02616;7000_3;A033410;;2026-08-28T09:40;20;1;AT002485
V02617;7000_3;A033410;;2026-08-28T10:00;20;1;
V02618;7000_3;A033410;;2026-08-28T10:20;20;1;AT002486
V02619;7000_3;A033410;;2026-08-28T10:40;20;1;AT002487
V02620;7000_3;A033410;;2026-08-28T11:00;20;1;AT002488
V02621;7000_3;A033410;;2026-08-28T11:20;20;1;
V02622;7000_3;A033410;;2026-08-28T11:40;20;1;AT002489
V02623;7000_3;A033410;;2026-08-28T12:00;20;1;AT002490
V02624;7000_3;A033410;;2026-08-28T12:20;20;1;AT002491
V02625;7000_3;A033410;;2026-08-28T12:40;20;1;AT002492
V02626;6100;E020305;;2026-08-28T07:30;10;4|9;AT000655
V02627;6100;E020305;;2026-08-28T07:40;10;4|9;AT000650
V02628;6100;E020305;;2026-08-28T07:50;10;4|9;AT002493
V02629;6100;E020305;;2026-08-28T08:00;10;4|9;AT002494
V02630;6100;E020305;;2026-08-28T08:10;10;4|9;AT002495
V02631;6100;E020305;;2026-08-28T08:20;10;4|9;AT002496
V02632;6100;E020305;;2026-08-28T08:30;10;4|9;AT002497
V02633;6100;E020305;;2026-08-28T08:40;10;4|9;AT002498
V02634;6100;E020305;;2026-08-28T08:50;10;4|9;
V02635;6100;E020305;;2026-08-28T09:00;10;4|9;
V02636;6100;E020305;;2026-08-28T09:10;10;4|9;AT002499
V02637;6100;E020305;;2026-08-28T09:20;10;4|9;
V02638;6100;E020305;;2026-08-28T09:30;10;4|9;
V02639;6100;E020305;;2026-08-28T09:40;10;4|9;AT002500
V02640;6100;E020305;;2026-08-28T09:50;10;4|9;AT002501
V02641;6100;E020305;;2026-08-28T10:00;10;4|9;
V02642;6100;E020305;;2026-08-28T10:10;10;4|9;
V02643;6100;E020305;;2026-08-28T10:20;10;4|9;AT002502
V02644;6100;E020306;;2026-08-28T07:30;10;4|9;AT000665
V02645;6100;E020306;;2026-08-28T07:40;10;4|9;AT000659
V02646;6100;E020306;;2026-08-28T07:50;10;4|9;AT002503
V02647;6100;E020306;;2026-08-28T08:00;10;4|9;AT002504
V02648;6100;E020306;;2026-08-28T08:10;10;4|9;AT002505
V02649;6100;E020306;;2026-08-28T08:20;10;4|9;
V02650;6100;E020306;;2026-08-28T08:30;10;4|9;AT002506
V02651;6100;E020306;;2026-08-28T08:40;10;4|9;AT002507
V02652;6100;E020306;;2026-08-28T08:50;10;4|9;AT002508
V02653;6100;E020306;;2026-08-28T09:00;10;4|9;
V02654;6100;E020306;;2026-08-28T09:10;10;4|9;AT002509
V02655;6100;E020306;;2026-08-28T09:20;10;4|9;
V02656;6100;E020306;;2026-08-28T09:30;10;4|9;AT002510
V02657;6100;E020306;;2026-08-28T09:40;10;4|9;
V02658;6100;E020306;;2026-08-28T09:50;10;4|9;AT002511
V02659;6100;E020306;;2026-08-28T10:00;10;4|9;AT002512
V02660;6100;E020306;;2026-08-28T10:10;10;4|9;AT002513
V02661;6100;E020306;;2026-08-28T10:20;10;4|9;AT002514
V02662;9610;H010101;;2026-08-28T08:30;240;1;AT002515
V02663;9610;H010101;;2026-08-28T13:30;240;1;AT002516
V02664;9610;H010102;;2026-08-28T08:30;240;1;AT002517
V02665;9610;H010102;;2026-08-28T13:30;240;1;
V02666;9610;H010103;;2026-08-28T08:30;240;1;
V02667;9610;H010103;;2026-08-28T13:30;240;1;AT002518
V02668;9610;H010104;;2026-08-28T08:30;240;1;AT002519
V02669;9610;H010104;;2026-08-28T13:30;240;1;AT002520
V02670;9602;A031903;U09;2026-08-28T09:00;30;3|1;AT000668
V02671;9602;A031903;U09;2026-08-28T09:30;30;3|1;
V02672;9602;A031903;U09;2026-08-28T10:00;30;3|1;AT002521
V02673;9602;A031903;U09;2026-08-28T10:30;30;3|1;
V02674;9602;A031903;U09;2026-08-28T11:00;30;3|1;
V02675;9602;A031903;U09;2026-08-28T11:30;30;3|1;
V02676;2102;A031707;U01;2026-08-31T08:30;20;22|23|7|5;AT000302
V02677;2102;A031707;U01;2026-08-31T08:50;20;22|23|7|5;AT000327
V02678;2102;A031707;U01;2026-08-31T09:10;20;22|23|7|5;AT000330
V02679;2102;A031707;U01;2026-08-31T09:30;20;22|23|7|5;AT000332
V02680;2102;A031707;U01;2026-08-31T09:50;20;22|23|7|5;AT000342
V02681;2102;A031707;U01;2026-08-31T10:10;20;22|23|7|5;AT000335
V02682;2102;A031707;U01;2026-08-31T10:30;20;22|23|7|5;AT000344
V02683;2102;A031707;U01;2026-08-31T10:50;20;22|23|7|5;AT000339
V02684;2102;A031707;U01;2026-08-31T11:10;20;22|23|7|5;AT000694
V02685;2102;A031707;U01;2026-08-31T11:30;20;22|23|7|5;AT000695
V02686;2102;A031707;U01;2026-08-31T11:50;20;22|23|7|5;
V02687;2102;A031707;U01;2026-08-31T12:10;20;22|23|7|5;
V02688;1300;A032101;U04;2026-08-31T09:00;40;1;AT000611
V02689;1300;A032101;U04;2026-08-31T09:40;40;1;AT000573
V02690;1300;A032101;U04;2026-08-31T10:20;20;2;
V02691;1300;A032101;U04;2026-08-31T10:40;20;2;
V02692;1300;A032101;U04;2026-08-31T11:00;20;2;AT002522
V02693;1300;A032101;U04;2026-08-31T11:20;20;2;AT002523
V02694;1300;A032101;U04;2026-08-31T11:40;20;2;AT002524
V02695;1300;A032101;U04;2026-08-31T12:00;20;2;AT002525
V02696;1300;A032101;U04;2026-08-31T12:20;20;2;
V02697;1300;A032101;U04;2026-08-31T12:40;20;2;AT002526
V02698;7000_2;A033403;;2026-08-31T08:00;20;1;AT000656
V02699;7000_2;A033403;;2026-08-31T08:20;20;1;AT000660
V02700;7000_2;A033403;;2026-08-31T08:40;20;1;AT000651
V02701;7000_2;A033403;;2026-08-31T09:00;20;1;
V02702;7000_2;A033403;;2026-08-31T09:20;20;1;
V02703;7000_2;A033403;;2026-08-31T09:40;20;1;AT002527
V02704;7000_2;A033403;;2026-08-31T10:00;20;1;AT002528
V02705;7000_2;A033403;;2026-08-31T10:20;20;1;AT002529
V02706;7000_2;A033403;;2026-08-31T10:40;20;1;
V02707;7000_2;A033403;;2026-08-31T11:00;20;1;AT002530
V02708;7000_2;A033403;;2026-08-31T11:20;20;1;
V02709;7000_2;A033403;;2026-08-31T11:40;20;1;AT002531
V02710;7000_2;A033403;;2026-08-31T12:00;20;1;
V02711;7000_2;A033403;;2026-08-31T12:20;20;1;
V02712;7000_2;A033403;;2026-08-31T12:40;20;1;AT002532
V02713;7000_2;A033403;;2026-08-31T13:00;20;1;AT002533
V02714;7000_2;A033403;;2026-08-31T13:20;20;1;
V02715;7000_2;A033403;;2026-08-31T13:40;20;1;AT002534
V02716;7000_2;A033403;;2026-08-31T14:00;20;1;AT002535
V02717;7000_2;A033403;;2026-08-31T14:20;20;1;AT002536
V02718;7000_2;A033403;;2026-08-31T14:40;20;1;AT002537
V02719;7000_2;A033403;;2026-08-31T15:00;20;1;AT002538
V02720;7000_2;A033403;;2026-08-31T15:20;20;1;AT002539
V02721;7000_2;A033403;;2026-08-31T15:40;20;1;AT002540
V02722;7000_3;A033410;;2026-08-31T09:00;20;1;AT000677
V02723;7000_3;A033410;;2026-08-31T09:20;20;1;
V02724;7000_3;A033410;;2026-08-31T09:40;20;1;
V02725;7000_3;A033410;;2026-08-31T10:00;20;1;AT002541
V02726;7000_3;A033410;;2026-08-31T10:20;20;1;AT002542
V02727;7000_3;A033410;;2026-08-31T10:40;20;1;
V02728;7000_3;A033410;;2026-08-31T11:00;20;1;AT002543
V02729;7000_3;A033410;;2026-08-31T11:20;20;1;
V02730;7000_3;A033410;;2026-08-31T11:40;20;1;
V02731;7000_3;A033410;;2026-08-31T12:00;20;1;
V02732;7000_3;A033410;;2026-08-31T12:20;20;1;
V02733;7000_3;A033410;;2026-08-31T12:40;20;1;AT002544
V02734;6100;E020305;;2026-08-31T07:30;10;4|9;AT000252
V02735;6100;E020305;;2026-08-31T07:40;10;4|9;AT000671
V02736;6100;E020305;;2026-08-31T07:50;10;4|9;AT000666
V02737;6100;E020305;;2026-08-31T08:00;10;4|9;AT000685
V02738;6100;E020305;;2026-08-31T08:10;10;4|9;AT000682
V02739;6100;E020305;;2026-08-31T08:20;10;4|9;AT000691
V02740;6100;E020305;;2026-08-31T08:30;10;4|9;
V02741;6100;E020305;;2026-08-31T08:40;10;4|9;AT002545
V02742;6100;E020305;;2026-08-31T08:50;10;4|9;AT002546
V02743;6100;E020305;;2026-08-31T09:00;10;4|9;
V02744;6100;E020305;;2026-08-31T09:10;10;4|9;AT002547
V02745;6100;E020305;;2026-08-31T09:20;10;4|9;AT002548
V02746;6100;E020305;;2026-08-31T09:30;10;4|9;AT002549
V02747;6100;E020305;;2026-08-31T09:40;10;4|9;AT002550
V02748;6100;E020305;;2026-08-31T09:50;10;4|9;
V02749;6100;E020305;;2026-08-31T10:00;10;4|9;
V02750;6100;E020305;;2026-08-31T10:10;10;4|9;AT002551
V02751;6100;E020305;;2026-08-31T10:20;10;4|9;
V02752;6100;E020306;;2026-08-31T07:30;10;4|9;AT000235
V02753;6100;E020306;;2026-08-31T07:40;10;4|9;AT000679
V02754;6100;E020306;;2026-08-31T07:50;10;4|9;AT000674
V02755;6100;E020306;;2026-08-31T08:00;10;4|9;AT000687
V02756;6100;E020306;;2026-08-31T08:10;10;4|9;
V02757;6100;E020306;;2026-08-31T08:20;10;4|9;AT002552
V02758;6100;E020306;;2026-08-31T08:30;10;4|9;
V02759;6100;E020306;;2026-08-31T08:40;10;4|9;
V02760;6100;E020306;;2026-08-31T08:50;10;4|9;AT002553
V02761;6100;E020306;;2026-08-31T09:00;10;4|9;AT002554
V02762;6100;E020306;;2026-08-31T09:10;10;4|9;AT002555
V02763;6100;E020306;;2026-08-31T09:20;10;4|9;AT002556
V02764;6100;E020306;;2026-08-31T09:30;10;4|9;AT002557
V02765;6100;E020306;;2026-08-31T09:40;10;4|9;
V02766;6100;E020306;;2026-08-31T09:50;10;4|9;AT002558
V02767;6100;E020306;;2026-08-31T10:00;10;4|9;
V02768;6100;E020306;;2026-08-31T10:10;10;4|9;AT002559
V02769;6100;E020306;;2026-08-31T10:20;10;4|9;
V02770;9610;H010101;;2026-08-31T08:30;240;1;AT000630
V02771;9610;H010101;;2026-08-31T13:30;240;1;AT002560
V02772;9610;H010102;;2026-08-31T08:30;240;1;AT002561
V02773;9610;H010102;;2026-08-31T13:30;240;1;AT002562
V02774;9610;H010103;;2026-08-31T08:30;240;1;
V02775;9610;H010103;;2026-08-31T13:30;240;1;
V02776;9610;H010104;;2026-08-31T08:30;240;1;AT002563
V02777;9610;H010104;;2026-08-31T13:30;240;1;AT002564
V02778;9602;A031903;U09;2026-08-31T09:00;30;3|1;
V02779;9602;A031903;U09;2026-08-31T09:30;30;3|1;
V02780;9602;A031903;U09;2026-08-31T10:00;30;3|1;AT002565
V02781;9602;A031903;U09;2026-08-31T10:30;30;3|1;
V02782;9602;A031903;U09;2026-08-31T11:00;30;3|1;
V02783;9602;A031903;U09;2026-08-31T11:30;30;3|1;
V02784;2102;A031708;U02;2026-09-01T08:30;20;22|23|7|5;AT000372
V02785;2102;A031708;U02;2026-09-01T08:50;20;22|23|7|5;AT000358
V02786;2102;A031708;U02;2026-09-01T09:10;20;22|23|7|5;AT000363
V02787;2102;A031708;U02;2026-09-01T09:30;20;22|23|7|5;AT000366
V02788;2102;A031708;U02;2026-09-01T09:50;20;22|23|7|5;AT000370
V02789;2102;A031708;U02;2026-09-01T10:10;20;22|23|7|5;AT000714
V02790;2102;A031708;U02;2026-09-01T10:30;20;22|23|7|5;AT000715
V02791;2102;A031708;U02;2026-09-01T10:50;20;22|23|7|5;AT000716
V02792;2102;A031708;U02;2026-09-01T11:10;20;22|23|7|5;AT000717
V02793;2102;A031708;U02;2026-09-01T11:30;20;22|23|7|5;AT000718
V02794;2102;A031708;U02;2026-09-01T11:50;20;22|23|7|5;
V02795;2102;A031708;U02;2026-09-01T12:10;20;22|23|7|5;
V02796;1300;A032102;U05;2026-09-01T09:00;40;1;AT000618
V02797;1300;A032102;U05;2026-09-01T09:40;40;1;
V02798;1300;A032102;U05;2026-09-01T10:20;20;2;AT002566
V02799;1300;A032102;U05;2026-09-01T10:40;20;2;AT002567
V02800;1300;A032102;U05;2026-09-01T11:00;20;2;AT002568
V02801;1300;A032102;U05;2026-09-01T11:20;20;2;
V02802;1300;A032102;U05;2026-09-01T11:40;20;2;AT002569
V02803;1300;A032102;U05;2026-09-01T12:00;20;2;AT002570
V02804;1300;A032102;U05;2026-09-01T12:20;20;2;AT002571
V02805;1300;A032102;U05;2026-09-01T12:40;20;2;AT002572
V02806;7000_2;A033403;;2026-09-01T08:00;20;1;AT000253
V02807;7000_2;A033403;;2026-09-01T08:20;20;1;AT000236
V02808;7000_2;A033403;;2026-09-01T08:40;20;1;AT000672
V02809;7000_2;A033403;;2026-09-01T09:00;20;1;AT000675
V02810;7000_2;A033403;;2026-09-01T09:20;20;1;AT002573
V02811;7000_2;A033403;;2026-09-01T09:40;20;1;AT000680
V02812;7000_2;A033403;;2026-09-01T10:00;20;1;AT000692
V02813;7000_2;A033403;;2026-09-01T10:20;20;1;AT002574
V02814;7000_2;A033403;;2026-09-01T10:40;20;1;AT002575
V02815;7000_2;A033403;;2026-09-01T11:00;20;1;AT002576
V02816;7000_2;A033403;;2026-09-01T11:20;20;1;AT002577
V02817;7000_2;A033403;;2026-09-01T11:40;20;1;
V02818;7000_2;A033403;;2026-09-01T12:00;20;1;AT002578
V02819;7000_2;A033403;;2026-09-01T12:20;20;1;AT002579
V02820;7000_2;A033403;;2026-09-01T12:40;20;1;AT002580
V02821;7000_2;A033403;;2026-09-01T13:00;20;1;AT002581
V02822;7000_2;A033403;;2026-09-01T13:20;20;1;
V02823;7000_2;A033403;;2026-09-01T13:40;20;1;AT002582
V02824;7000_2;A033403;;2026-09-01T14:00;20;1;AT002583
V02825;7000_2;A033403;;2026-09-01T14:20;20;1;AT002584
V02826;7000_2;A033403;;2026-09-01T14:40;20;1;AT002585
V02827;7000_2;A033403;;2026-09-01T15:00;20;1;AT002586
V02828;7000_2;A033403;;2026-09-01T15:20;20;1;AT002587
V02829;7000_2;A033403;;2026-09-01T15:40;20;1;AT002588
V02830;7000_3;A033410;;2026-09-01T09:00;20;1;AT000700
V02831;7000_3;A033410;;2026-09-01T09:20;20;1;
V02832;7000_3;A033410;;2026-09-01T09:40;20;1;AT000698
V02833;7000_3;A033410;;2026-09-01T10:00;20;1;AT002589
V02834;7000_3;A033410;;2026-09-01T10:20;20;1;
V02835;7000_3;A033410;;2026-09-01T10:40;20;1;AT002590
V02836;7000_3;A033410;;2026-09-01T11:00;20;1;AT002591
V02837;7000_3;A033410;;2026-09-01T11:20;20;1;AT002592
V02838;7000_3;A033410;;2026-09-01T11:40;20;1;
V02839;7000_3;A033410;;2026-09-01T12:00;20;1;AT002593
V02840;7000_3;A033410;;2026-09-01T12:20;20;1;AT002594
V02841;7000_3;A033410;;2026-09-01T12:40;20;1;AT002595
V02842;6100;E020305;;2026-09-01T07:30;10;4|9;AT000062
V02843;6100;E020305;;2026-09-01T07:40;10;4|9;AT000690
V02844;6100;E020305;;2026-09-01T07:50;10;4|9;AT000703
V02845;6100;E020305;;2026-09-01T08:00;10;4|9;AT002596
V02846;6100;E020305;;2026-09-01T08:10;10;4|9;AT002597
V02847;6100;E020305;;2026-09-01T08:20;10;4|9;AT002598
V02848;6100;E020305;;2026-09-01T08:30;10;4|9;AT002599
V02849;6100;E020305;;2026-09-01T08:40;10;4|9;AT002600
V02850;6100;E020305;;2026-09-01T08:50;10;4|9;
V02851;6100;E020305;;2026-09-01T09:00;10;4|9;AT002601
V02852;6100;E020305;;2026-09-01T09:10;10;4|9;AT002602
V02853;6100;E020305;;2026-09-01T09:20;10;4|9;AT002603
V02854;6100;E020305;;2026-09-01T09:30;10;4|9;
V02855;6100;E020305;;2026-09-01T09:40;10;4|9;AT002604
V02856;6100;E020305;;2026-09-01T09:50;10;4|9;AT002605
V02857;6100;E020305;;2026-09-01T10:00;10;4|9;AT002606
V02858;6100;E020305;;2026-09-01T10:10;10;4|9;
V02859;6100;E020305;;2026-09-01T10:20;10;4|9;
V02860;6100;E020306;;2026-09-01T07:30;10;4|9;AT000635
V02861;6100;E020306;;2026-09-01T07:40;10;4|9;AT000711
V02862;6100;E020306;;2026-09-01T07:50;10;4|9;AT000696
V02863;6100;E020306;;2026-09-01T08:00;10;4|9;AT002607
V02864;6100;E020306;;2026-09-01T08:10;10;4|9;AT002608
V02865;6100;E020306;;2026-09-01T08:20;10;4|9;
V02866;6100;E020306;;2026-09-01T08:30;10;4|9;
V02867;6100;E020306;;2026-09-01T08:40;10;4|9;AT002609
V02868;6100;E020306;;2026-09-01T08:50;10;4|9;AT002610
V02869;6100;E020306;;2026-09-01T09:00;10;4|9;
V02870;6100;E020306;;2026-09-01T09:10;10;4|9;AT002611
V02871;6100;E020306;;2026-09-01T09:20;10;4|9;AT002612
V02872;6100;E020306;;2026-09-01T09:30;10;4|9;
V02873;6100;E020306;;2026-09-01T09:40;10;4|9;
V02874;6100;E020306;;2026-09-01T09:50;10;4|9;
V02875;6100;E020306;;2026-09-01T10:00;10;4|9;AT002613
V02876;6100;E020306;;2026-09-01T10:10;10;4|9;
V02877;6100;E020306;;2026-09-01T10:20;10;4|9;AT002614
V02878;9610;H010101;;2026-09-01T08:30;240;1;AT002615
V02879;9610;H010101;;2026-09-01T13:30;240;1;AT002616
V02880;9610;H010102;;2026-09-01T08:30;240;1;AT002617
V02881;9610;H010102;;2026-09-01T13:30;240;1;AT002618
V02882;9610;H010103;;2026-09-01T08:30;240;1;AT002619
V02883;9610;H010103;;2026-09-01T13:30;240;1;AT002620
V02884;9610;H010104;;2026-09-01T08:30;240;1;AT002621
V02885;9610;H010104;;2026-09-01T13:30;240;1;
V02886;9602;A031903;U09;2026-09-01T09:00;30;3|1;
V02887;9602;A031903;U09;2026-09-01T09:30;30;3|1;
V02888;9602;A031903;U09;2026-09-01T10:00;30;3|1;AT000702
V02889;9602;A031903;U09;2026-09-01T10:30;30;3|1;AT002622
V02890;9602;A031903;U09;2026-09-01T11:00;30;3|1;
V02891;9602;A031903;U09;2026-09-01T11:30;30;3|1;
V02892;2102;A031707;U01;2026-09-02T08:30;20;22|23|7|5;AT000340
V02893;2102;A031707;U01;2026-09-02T08:50;20;22|23|7|5;AT000385
V02894;2102;A031707;U01;2026-09-02T09:10;20;22|23|7|5;AT000180
V02895;2102;A031707;U01;2026-09-02T09:30;20;22|23|7|5;AT000394
V02896;2102;A031707;U01;2026-09-02T09:50;20;22|23|7|5;AT000389
V02897;2102;A031707;U01;2026-09-02T10:10;20;22|23|7|5;AT000396
V02898;2102;A031707;U01;2026-09-02T10:30;20;22|23|7|5;AT000740
V02899;2102;A031707;U01;2026-09-02T10:50;20;22|23|7|5;AT000741
V02900;2102;A031707;U01;2026-09-02T11:10;20;22|23|7|5;AT000742
V02901;2102;A031707;U01;2026-09-02T11:30;20;22|23|7|5;AT000743
V02902;2102;A031707;U01;2026-09-02T11:50;20;22|23|7|5;
V02903;2102;A031707;U01;2026-09-02T12:10;20;22|23|7|5;
V02904;2300;A032501;U06;2026-09-02T09:00;40;1;AT002623
V02905;2300;A032501;U06;2026-09-02T09:40;40;1;AT000585
V02906;2300;A032501;U06;2026-09-02T10:20;40;1;AT002624
V02907;2300;A032501;U06;2026-09-02T11:00;40;1;
V02908;2300;A032501;U06;2026-09-02T11:40;40;1;AT002625
V02909;7000_2;A033403;;2026-09-02T08:00;20;1;AT000063
V02910;7000_2;A033403;;2026-09-02T08:20;20;1;AT000158
V02911;7000_2;A033403;;2026-09-02T08:40;20;1;AT000704
V02912;7000_2;A033403;;2026-09-02T09:00;20;1;AT002626
V02913;7000_2;A033403;;2026-09-02T09:20;20;1;AT000712
V02914;7000_2;A033403;;2026-09-02T09:40;20;1;AT002627
V02915;7000_2;A033403;;2026-09-02T10:00;20;1;AT002628
V02916;7000_2;A033403;;2026-09-02T10:20;20;1;AT002629
V02917;7000_2;A033403;;2026-09-02T10:40;20;1;AT002630
V02918;7000_2;A033403;;2026-09-02T11:00;20;1;AT002631
V02919;7000_2;A033403;;2026-09-02T11:20;20;1;AT002632
V02920;7000_2;A033403;;2026-09-02T11:40;20;1;AT002633
V02921;7000_2;A033403;;2026-09-02T12:00;20;1;AT002634
V02922;7000_2;A033403;;2026-09-02T12:20;20;1;
V02923;7000_2;A033403;;2026-09-02T12:40;20;1;AT002635
V02924;7000_2;A033403;;2026-09-02T13:00;20;1;AT002636
V02925;7000_2;A033403;;2026-09-02T13:20;20;1;AT002637
V02926;7000_2;A033403;;2026-09-02T13:40;20;1;
V02927;7000_2;A033403;;2026-09-02T14:00;20;1;AT002638
V02928;7000_2;A033403;;2026-09-02T14:20;20;1;AT002639
V02929;7000_2;A033403;;2026-09-02T14:40;20;1;AT002640
V02930;7000_2;A033403;;2026-09-02T15:00;20;1;AT002641
V02931;7000_2;A033403;;2026-09-02T15:20;20;1;AT002642
V02932;7000_2;A033403;;2026-09-02T15:40;20;1;
V02933;7000_3;A033410;;2026-09-02T09:00;20;1;AT000730
V02934;7000_3;A033410;;2026-09-02T09:20;20;1;AT000728
V02935;7000_3;A033410;;2026-09-02T09:40;20;1;
V02936;7000_3;A033410;;2026-09-02T10:00;20;1;AT002643
V02937;7000_3;A033410;;2026-09-02T10:20;20;1;AT002644
V02938;7000_3;A033410;;2026-09-02T10:40;20;1;
V02939;7000_3;A033410;;2026-09-02T11:00;20;1;
V02940;7000_3;A033410;;2026-09-02T11:20;20;1;AT002645
V02941;7000_3;A033410;;2026-09-02T11:40;20;1;AT002646
V02942;7000_3;A033410;;2026-09-02T12:00;20;1;AT002647
V02943;7000_3;A033410;;2026-09-02T12:20;20;1;AT002648
V02944;7000_3;A033410;;2026-09-02T12:40;20;1;AT002649
V02945;6100;E020305;;2026-09-02T07:30;10;4|9;AT000737
V02946;6100;E020305;;2026-09-02T07:40;10;4|9;AT000720
V02947;6100;E020305;;2026-09-02T07:50;10;4|9;AT002650
V02948;6100;E020305;;2026-09-02T08:00;10;4|9;AT002651
V02949;6100;E020305;;2026-09-02T08:10;10;4|9;AT002652
V02950;6100;E020305;;2026-09-02T08:20;10;4|9;
V02951;6100;E020305;;2026-09-02T08:30;10;4|9;AT002653
V02952;6100;E020305;;2026-09-02T08:40;10;4|9;AT002654
V02953;6100;E020305;;2026-09-02T08:50;10;4|9;AT002655
V02954;6100;E020305;;2026-09-02T09:00;10;4|9;AT002656
V02955;6100;E020305;;2026-09-02T09:10;10;4|9;
V02956;6100;E020305;;2026-09-02T09:20;10;4|9;AT002657
V02957;6100;E020305;;2026-09-02T09:30;10;4|9;
V02958;6100;E020305;;2026-09-02T09:40;10;4|9;
V02959;6100;E020305;;2026-09-02T09:50;10;4|9;AT002658
V02960;6100;E020305;;2026-09-02T10:00;10;4|9;AT002659
V02961;6100;E020305;;2026-09-02T10:10;10;4|9;
V02962;6100;E020305;;2026-09-02T10:20;10;4|9;AT002660
V02963;6100;E020306;;2026-09-02T07:30;10;4|9;AT000735
V02964;6100;E020306;;2026-09-02T07:40;10;4|9;AT000732
V02965;6100;E020306;;2026-09-02T07:50;10;4|9;AT002661
V02966;6100;E020306;;2026-09-02T08:00;10;4|9;
V02967;6100;E020306;;2026-09-02T08:10;10;4|9;
V02968;6100;E020306;;2026-09-02T08:20;10;4|9;AT002662
V02969;6100;E020306;;2026-09-02T08:30;10;4|9;AT002663
V02970;6100;E020306;;2026-09-02T08:40;10;4|9;
V02971;6100;E020306;;2026-09-02T08:50;10;4|9;
V02972;6100;E020306;;2026-09-02T09:00;10;4|9;AT002664
V02973;6100;E020306;;2026-09-02T09:10;10;4|9;
V02974;6100;E020306;;2026-09-02T09:20;10;4|9;
V02975;6100;E020306;;2026-09-02T09:30;10;4|9;
V02976;6100;E020306;;2026-09-02T09:40;10;4|9;
V02977;6100;E020306;;2026-09-02T09:50;10;4|9;AT002665
V02978;6100;E020306;;2026-09-02T10:00;10;4|9;AT002666
V02979;6100;E020306;;2026-09-02T10:10;10;4|9;
V02980;6100;E020306;;2026-09-02T10:20;10;4|9;AT002667
V02981;9610;H010101;;2026-09-02T08:30;240;1;
V02982;9610;H010101;;2026-09-02T13:30;240;1;AT002668
V02983;9610;H010102;;2026-09-02T08:30;240;1;AT000634
V02984;9610;H010102;;2026-09-02T13:30;240;1;AT002669
V02985;9610;H010103;;2026-09-02T08:30;240;1;AT002670
V02986;9610;H010103;;2026-09-02T13:30;240;1;AT002671
V02987;9610;H010104;;2026-09-02T08:30;240;1;AT000689
V02988;9610;H010104;;2026-09-02T13:30;240;1;
V02989;9602;A031903;U09;2026-09-02T09:00;30;3|1;AT000719
V02990;9602;A031903;U09;2026-09-02T09:30;30;3|1;AT002672
V02991;9602;A031903;U09;2026-09-02T10:00;30;3|1;
V02992;9602;A031903;U09;2026-09-02T10:30;30;3|1;AT002673
V02993;9602;A031903;U09;2026-09-02T11:00;30;3|1;
V02994;9602;A031903;U09;2026-09-02T11:30;30;3|1;
V02995;2102;A031708;U02;2026-09-03T08:30;20;22|23|7|5;AT000411
V02996;2102;A031708;U02;2026-09-03T08:50;20;22|23|7|5;AT000276
V02997;2102;A031708;U02;2026-09-03T09:10;20;22|23|7|5;AT000415
V02998;2102;A031708;U02;2026-09-03T09:30;20;22|23|7|5;AT000422
V02999;2102;A031708;U02;2026-09-03T09:50;20;22|23|7|5;AT000767
V03000;2102;A031708;U02;2026-09-03T10:10;20;22|23|7|5;AT000768
V03001;2102;A031708;U02;2026-09-03T10:30;20;22|23|7|5;AT000769
V03002;2102;A031708;U02;2026-09-03T10:50;20;22|23|7|5;AT000770
V03003;2102;A031708;U02;2026-09-03T11:10;20;22|23|7|5;AT000771
V03004;2102;A031708;U02;2026-09-03T11:30;20;22|23|7|5;AT000772
V03005;2102;A031708;U02;2026-09-03T11:50;20;22|23|7|5;
V03006;2102;A031708;U02;2026-09-03T12:10;20;22|23|7|5;
V03007;1300;A032101;U04;2026-09-03T09:00;40;1;AT002674
V03008;1300;A032101;U04;2026-09-03T09:40;40;1;AT000658
V03009;1300;A032101;U04;2026-09-03T10:20;20;2;AT002675
V03010;1300;A032101;U04;2026-09-03T10:40;20;2;AT002676
V03011;1300;A032101;U04;2026-09-03T11:00;20;2;AT002677
V03012;1300;A032101;U04;2026-09-03T11:20;20;2;AT002678
V03013;1300;A032101;U04;2026-09-03T11:40;20;2;AT002679
V03014;1300;A032101;U04;2026-09-03T12:00;20;2;AT002680
V03015;1300;A032101;U04;2026-09-03T12:20;20;2;AT002681
V03016;1300;A032101;U04;2026-09-03T12:40;20;2;AT002682
V03017;7000_2;A033403;;2026-09-03T08:00;20;1;AT000733
V03018;7000_2;A033403;;2026-09-03T08:20;20;1;AT000738
V03019;7000_2;A033403;;2026-09-03T08:40;20;1;AT002683
V03020;7000_2;A033403;;2026-09-03T09:00;20;1;AT002684
V03021;7000_2;A033403;;2026-09-03T09:20;20;1;AT002685
V03022;7000_2;A033403;;2026-09-03T09:40;20;1;AT002686
V03023;7000_2;A033403;;2026-09-03T10:00;20;1;AT002687
V03024;7000_2;A033403;;2026-09-03T10:20;20;1;AT002688
V03025;7000_2;A033403;;2026-09-03T10:40;20;1;AT002689
V03026;7000_2;A033403;;2026-09-03T11:00;20;1;
V03027;7000_2;A033403;;2026-09-03T11:20;20;1;AT002690
V03028;7000_2;A033403;;2026-09-03T11:40;20;1;AT002691
V03029;7000_2;A033403;;2026-09-03T12:00;20;1;AT002692
V03030;7000_2;A033403;;2026-09-03T12:20;20;1;AT002693
V03031;7000_2;A033403;;2026-09-03T12:40;20;1;AT002694
V03032;7000_2;A033403;;2026-09-03T13:00;20;1;AT002695
V03033;7000_2;A033403;;2026-09-03T13:20;20;1;AT002696
V03034;7000_2;A033403;;2026-09-03T13:40;20;1;AT002697
V03035;7000_2;A033403;;2026-09-03T14:00;20;1;AT002698
V03036;7000_2;A033403;;2026-09-03T14:20;20;1;AT002699
V03037;7000_2;A033403;;2026-09-03T14:40;20;1;AT002700
V03038;7000_2;A033403;;2026-09-03T15:00;20;1;
V03039;7000_2;A033403;;2026-09-03T15:20;20;1;AT002701
V03040;7000_2;A033403;;2026-09-03T15:40;20;1;AT002702
V03041;7000_3;A033410;;2026-09-03T09:00;20;1;AT002703
V03042;7000_3;A033410;;2026-09-03T09:20;20;1;AT002704
V03043;7000_3;A033410;;2026-09-03T09:40;20;1;
V03044;7000_3;A033410;;2026-09-03T10:00;20;1;
V03045;7000_3;A033410;;2026-09-03T10:20;20;1;
V03046;7000_3;A033410;;2026-09-03T10:40;20;1;AT002705
V03047;7000_3;A033410;;2026-09-03T11:00;20;1;AT002706
V03048;7000_3;A033410;;2026-09-03T11:20;20;1;
V03049;7000_3;A033410;;2026-09-03T11:40;20;1;AT002707
V03050;7000_3;A033410;;2026-09-03T12:00;20;1;AT002708
V03051;7000_3;A033410;;2026-09-03T12:20;20;1;AT002709
V03052;7000_3;A033410;;2026-09-03T12:40;20;1;AT002710
V03053;6100;E020305;;2026-09-03T07:30;10;4|9;AT000749
V03054;6100;E020305;;2026-09-03T07:40;10;4|9;AT000745
V03055;6100;E020305;;2026-09-03T07:50;10;4|9;AT000757
V03056;6100;E020305;;2026-09-03T08:00;10;4|9;
V03057;6100;E020305;;2026-09-03T08:10;10;4|9;
V03058;6100;E020305;;2026-09-03T08:20;10;4|9;AT000016
V03059;6100;E020305;;2026-09-03T08:30;10;4|9;AT002711
V03060;6100;E020305;;2026-09-03T08:40;10;4|9;AT002712
V03061;6100;E020305;;2026-09-03T08:50;10;4|9;AT002713
V03062;6100;E020305;;2026-09-03T09:00;10;4|9;AT002714
V03063;6100;E020305;;2026-09-03T09:10;10;4|9;
V03064;6100;E020305;;2026-09-03T09:20;10;4|9;AT002715
V03065;6100;E020305;;2026-09-03T09:30;10;4|9;
V03066;6100;E020305;;2026-09-03T09:40;10;4|9;
V03067;6100;E020305;;2026-09-03T09:50;10;4|9;AT002716
V03068;6100;E020305;;2026-09-03T10:00;10;4|9;AT002717
V03069;6100;E020305;;2026-09-03T10:10;10;4|9;AT002718
V03070;6100;E020305;;2026-09-03T10:20;10;4|9;
V03071;6100;E020306;;2026-09-03T07:30;10;4|9;AT000751
V03072;6100;E020306;;2026-09-03T07:40;10;4|9;AT000759
V03073;6100;E020306;;2026-09-03T07:50;10;4|9;AT000754
V03074;6100;E020306;;2026-09-03T08:00;10;4|9;AT000763
V03075;6100;E020306;;2026-09-03T08:10;10;4|9;
V03076;6100;E020306;;2026-09-03T08:20;10;4|9;
V03077;6100;E020306;;2026-09-03T08:30;10;4|9;
V03078;6100;E020306;;2026-09-03T08:40;10;4|9;AT002719
V03079;6100;E020306;;2026-09-03T08:50;10;4|9;AT002720
V03080;6100;E020306;;2026-09-03T09:00;10;4|9;
V03081;6100;E020306;;2026-09-03T09:10;10;4|9;AT002721
V03082;6100;E020306;;2026-09-03T09:20;10;4|9;
V03083;6100;E020306;;2026-09-03T09:30;10;4|9;
V03084;6100;E020306;;2026-09-03T09:40;10;4|9;AT002722
V03085;6100;E020306;;2026-09-03T09:50;10;4|9;AT002723
V03086;6100;E020306;;2026-09-03T10:00;10;4|9;AT002724
V03087;6100;E020306;;2026-09-03T10:10;10;4|9;
V03088;6100;E020306;;2026-09-03T10:20;10;4|9;AT002725
V03089;9610;H010101;;2026-09-03T08:30;240;1;AT002726
V03090;9610;H010101;;2026-09-03T13:30;240;1;AT002727
V03091;9610;H010102;;2026-09-03T08:30;240;1;AT002728
V03092;9610;H010102;;2026-09-03T13:30;240;1;
V03093;9610;H010103;;2026-09-03T08:30;240;1;AT002729
V03094;9610;H010103;;2026-09-03T13:30;240;1;AT002730
V03095;9610;H010104;;2026-09-03T08:30;240;1;
V03096;9610;H010104;;2026-09-03T13:30;240;1;AT002731
V03097;9602;A031903;U09;2026-09-03T09:00;30;3|1;AT002732
V03098;9602;A031903;U09;2026-09-03T09:30;30;3|1;AT002733
V03099;9602;A031903;U09;2026-09-03T10:00;30;3|1;AT000753
V03100;9602;A031903;U09;2026-09-03T10:30;30;3|1;
V03101;9602;A031903;U09;2026-09-03T11:00;30;3|1;
V03102;9602;A031903;U09;2026-09-03T11:30;30;3|1;
V03103;2102;A031707;U01;2026-09-04T08:30;20;22|23|7|5;AT000441
V03104;2102;A031707;U01;2026-09-04T08:50;20;22|23|7|5;AT000438
V03105;2102;A031707;U01;2026-09-04T09:10;20;22|23|7|5;AT000009
V03106;2102;A031707;U01;2026-09-04T09:30;20;22|23|7|5;AT000443
V03107;2102;A031707;U01;2026-09-04T09:50;20;22|23|7|5;AT000446
V03108;2102;A031707;U01;2026-09-04T10:10;20;22|23|7|5;AT000451
V03109;2102;A031707;U01;2026-09-04T10:30;20;22|23|7|5;AT000449
V03110;2102;A031707;U01;2026-09-04T10:50;20;22|23|7|5;AT000791
V03111;2102;A031707;U01;2026-09-04T11:10;20;22|23|7|5;AT000792
V03112;2102;A031707;U01;2026-09-04T11:30;20;22|23|7|5;AT000793
V03113;2102;A031707;U01;2026-09-04T11:50;20;22|23|7|5;
V03114;2102;A031707;U01;2026-09-04T12:10;20;22|23|7|5;
V03115;1300;A032102;U05;2026-09-04T09:00;40;1;AT000748
V03116;1300;A032102;U05;2026-09-04T09:40;40;1;AT002734
V03117;1300;A032102;U05;2026-09-04T10:20;20;2;AT002735
V03118;1300;A032102;U05;2026-09-04T10:40;20;2;AT002736
V03119;1300;A032102;U05;2026-09-04T11:00;20;2;AT002737
V03120;1300;A032102;U05;2026-09-04T11:20;20;2;
V03121;1300;A032102;U05;2026-09-04T11:40;20;2;AT002738
V03122;1300;A032102;U05;2026-09-04T12:00;20;2;AT002739
V03123;1300;A032102;U05;2026-09-04T12:20;20;2;AT002740
V03124;1300;A032102;U05;2026-09-04T12:40;20;2;AT002741
V03125;7000_2;A033403;;2026-09-04T08:00;20;1;AT000746
V03126;7000_2;A033403;;2026-09-04T08:20;20;1;AT000755
V03127;7000_2;A033403;;2026-09-04T08:40;20;1;AT000760
V03128;7000_2;A033403;;2026-09-04T09:00;20;1;AT002742
V03129;7000_2;A033403;;2026-09-04T09:20;20;1;AT002743
V03130;7000_2;A033403;;2026-09-04T09:40;20;1;AT002744
V03131;7000_2;A033403;;2026-09-04T10:00;20;1;AT002745
V03132;7000_2;A033403;;2026-09-04T10:20;20;1;AT002746
V03133;7000_2;A033403;;2026-09-04T10:40;20;1;AT002747
V03134;7000_2;A033403;;2026-09-04T11:00;20;1;AT002748
V03135;7000_2;A033403;;2026-09-04T11:20;20;1;AT002749
V03136;7000_2;A033403;;2026-09-04T11:40;20;1;AT002750
V03137;7000_2;A033403;;2026-09-04T12:00;20;1;AT002751
V03138;7000_2;A033403;;2026-09-04T12:20;20;1;
V03139;7000_2;A033403;;2026-09-04T12:40;20;1;AT002752
V03140;7000_2;A033403;;2026-09-04T13:00;20;1;AT002753
V03141;7000_2;A033403;;2026-09-04T13:20;20;1;
V03142;7000_2;A033403;;2026-09-04T13:40;20;1;
V03143;7000_2;A033403;;2026-09-04T14:00;20;1;AT002754
V03144;7000_2;A033403;;2026-09-04T14:20;20;1;AT002755
V03145;7000_2;A033403;;2026-09-04T14:40;20;1;
V03146;7000_2;A033403;;2026-09-04T15:00;20;1;AT002756
V03147;7000_2;A033403;;2026-09-04T15:20;20;1;AT002757
V03148;7000_2;A033403;;2026-09-04T15:40;20;1;
V03149;7000_3;A033410;;2026-09-04T09:00;20;1;AT000773
V03150;7000_3;A033410;;2026-09-04T09:20;20;1;AT002758
V03151;7000_3;A033410;;2026-09-04T09:40;20;1;AT002759
V03152;7000_3;A033410;;2026-09-04T10:00;20;1;AT002760
V03153;7000_3;A033410;;2026-09-04T10:20;20;1;AT002761
V03154;7000_3;A033410;;2026-09-04T10:40;20;1;
V03155;7000_3;A033410;;2026-09-04T11:00;20;1;AT002762
V03156;7000_3;A033410;;2026-09-04T11:20;20;1;AT002763
V03157;7000_3;A033410;;2026-09-04T11:40;20;1;AT002764
V03158;7000_3;A033410;;2026-09-04T12:00;20;1;AT002765
V03159;7000_3;A033410;;2026-09-04T12:20;20;1;
V03160;7000_3;A033410;;2026-09-04T12:40;20;1;
V03161;6100;E020305;;2026-09-04T07:30;10;4|9;AT000721
V03162;6100;E020305;;2026-09-04T07:40;10;4|9;AT000781
V03163;6100;E020305;;2026-09-04T07:50;10;4|9;AT000775
V03164;6100;E020305;;2026-09-04T08:00;10;4|9;AT000783
V03165;6100;E020305;;2026-09-04T08:10;10;4|9;AT002766
V03166;6100;E020305;;2026-09-04T08:20;10;4|9;
V03167;6100;E020305;;2026-09-04T08:30;10;4|9;AT002767
V03168;6100;E020305;;2026-09-04T08:40;10;4|9;AT002768
V03169;6100;E020305;;2026-09-04T08:50;10;4|9;AT002769
V03170;6100;E020305;;2026-09-04T09:00;10;4|9;AT002770
V03171;6100;E020305;;2026-09-04T09:10;10;4|9;AT002771
V03172;6100;E020305;;2026-09-04T09:20;10;4|9;
V03173;6100;E020305;;2026-09-04T09:30;10;4|9;
V03174;6100;E020305;;2026-09-04T09:40;10;4|9;
V03175;6100;E020305;;2026-09-04T09:50;10;4|9;
V03176;6100;E020305;;2026-09-04T10:00;10;4|9;
V03177;6100;E020305;;2026-09-04T10:10;10;4|9;
V03178;6100;E020305;;2026-09-04T10:20;10;4|9;AT002772
V03179;6100;E020306;;2026-09-04T07:30;10;4|9;AT000266
V03180;6100;E020306;;2026-09-04T07:40;10;4|9;AT000778
V03181;6100;E020306;;2026-09-04T07:50;10;4|9;
V03182;6100;E020306;;2026-09-04T08:00;10;4|9;AT000787
V03183;6100;E020306;;2026-09-04T08:10;10;4|9;AT002773
V03184;6100;E020306;;2026-09-04T08:20;10;4|9;AT002774
V03185;6100;E020306;;2026-09-04T08:30;10;4|9;AT002775
V03186;6100;E020306;;2026-09-04T08:40;10;4|9;
V03187;6100;E020306;;2026-09-04T08:50;10;4|9;AT002776
V03188;6100;E020306;;2026-09-04T09:00;10;4|9;AT002777
V03189;6100;E020306;;2026-09-04T09:10;10;4|9;AT002778
V03190;6100;E020306;;2026-09-04T09:20;10;4|9;
V03191;6100;E020306;;2026-09-04T09:30;10;4|9;AT002779
V03192;6100;E020306;;2026-09-04T09:40;10;4|9;AT002780
V03193;6100;E020306;;2026-09-04T09:50;10;4|9;AT002781
V03194;6100;E020306;;2026-09-04T10:00;10;4|9;
V03195;6100;E020306;;2026-09-04T10:10;10;4|9;
V03196;6100;E020306;;2026-09-04T10:20;10;4|9;AT002782
V03197;9610;H010101;;2026-09-04T08:30;240;1;AT002783
V03198;9610;H010101;;2026-09-04T13:30;240;1;AT002784
V03199;9610;H010102;;2026-09-04T08:30;240;1;AT002785
V03200;9610;H010102;;2026-09-04T13:30;240;1;AT002786
V03201;9610;H010103;;2026-09-04T08:30;240;1;AT002787
V03202;9610;H010103;;2026-09-04T13:30;240;1;
V03203;9610;H010104;;2026-09-04T08:30;240;1;AT002788
V03204;9610;H010104;;2026-09-04T13:30;240;1;AT002789
V03205;9602;A031903;U09;2026-09-04T09:00;30;3|1;AT002790
V03206;9602;A031903;U09;2026-09-04T09:30;30;3|1;AT002791
V03207;9602;A031903;U09;2026-09-04T10:00;30;3|1;AT002792
V03208;9602;A031903;U09;2026-09-04T10:30;30;3|1;
V03209;9602;A031903;U09;2026-09-04T11:00;30;3|1;AT002793
V03210;9602;A031903;U09;2026-09-04T11:30;30;3|1;AT002794
V03211;2102;A031707;U01;2026-09-07T08:30;20;22|23|7|5;AT000466
V03212;2102;A031707;U01;2026-09-07T08:50;20;22|23|7|5;AT000469
V03213;2102;A031707;U01;2026-09-07T09:10;20;22|23|7|5;AT000471
V03214;2102;A031707;U01;2026-09-07T09:30;20;22|23|7|5;AT000812
V03215;2102;A031707;U01;2026-09-07T09:50;20;22|23|7|5;AT000477
V03216;2102;A031707;U01;2026-09-07T10:10;20;22|23|7|5;AT000474
V03217;2102;A031707;U01;2026-09-07T10:30;20;22|23|7|5;AT000813
V03218;2102;A031707;U01;2026-09-07T10:50;20;22|23|7|5;AT000814
V03219;2102;A031707;U01;2026-09-07T11:10;20;22|23|7|5;AT000815
V03220;2102;A031707;U01;2026-09-07T11:30;20;22|23|7|5;AT000816
V03221;2102;A031707;U01;2026-09-07T11:50;20;22|23|7|5;
V03222;2102;A031707;U01;2026-09-07T12:10;20;22|23|7|5;
V03223;1300;A032101;U04;2026-09-07T09:00;40;1;AT002795
V03224;1300;A032101;U04;2026-09-07T09:40;40;1;AT002796
V03225;1300;A032101;U04;2026-09-07T10:20;20;2;AT002797
V03226;1300;A032101;U04;2026-09-07T10:40;20;2;AT002798
V03227;1300;A032101;U04;2026-09-07T11:00;20;2;AT002799
V03228;1300;A032101;U04;2026-09-07T11:20;20;2;AT002800
V03229;1300;A032101;U04;2026-09-07T11:40;20;2;AT002801
V03230;1300;A032101;U04;2026-09-07T12:00;20;2;AT002802
V03231;1300;A032101;U04;2026-09-07T12:20;20;2;AT002803
V03232;1300;A032101;U04;2026-09-07T12:40;20;2;AT002804
V03233;7000_2;A033403;;2026-09-07T08:00;20;1;AT000722
V03234;7000_2;A033403;;2026-09-07T08:20;20;1;AT000055
V03235;7000_2;A033403;;2026-09-07T08:40;20;1;AT000761
V03236;7000_2;A033403;;2026-09-07T09:00;20;1;AT000776
V03237;7000_2;A033403;;2026-09-07T09:20;20;1;AT000784
V03238;7000_2;A033403;;2026-09-07T09:40;20;1;AT002805
V03239;7000_2;A033403;;2026-09-07T10:00;20;1;
V03240;7000_2;A033403;;2026-09-07T10:20;20;1;AT002806
V03241;7000_2;A033403;;2026-09-07T10:40;20;1;AT002807
V03242;7000_2;A033403;;2026-09-07T11:00;20;1;AT002808
V03243;7000_2;A033403;;2026-09-07T11:20;20;1;AT002809
V03244;7000_2;A033403;;2026-09-07T11:40;20;1;AT002810
V03245;7000_2;A033403;;2026-09-07T12:00;20;1;AT002811
V03246;7000_2;A033403;;2026-09-07T12:20;20;1;AT002812
V03247;7000_2;A033403;;2026-09-07T12:40;20;1;AT002813
V03248;7000_2;A033403;;2026-09-07T13:00;20;1;
V03249;7000_2;A033403;;2026-09-07T13:20;20;1;AT002814
V03250;7000_2;A033403;;2026-09-07T13:40;20;1;AT002815
V03251;7000_2;A033403;;2026-09-07T14:00;20;1;
V03252;7000_2;A033403;;2026-09-07T14:20;20;1;AT002816
V03253;7000_2;A033403;;2026-09-07T14:40;20;1;AT002817
V03254;7000_2;A033403;;2026-09-07T15:00;20;1;AT002818
V03255;7000_2;A033403;;2026-09-07T15:20;20;1;AT002819
V03256;7000_2;A033403;;2026-09-07T15:40;20;1;AT002820
V03257;7000_3;A033410;;2026-09-07T09:00;20;1;AT002821
V03258;7000_3;A033410;;2026-09-07T09:20;20;1;AT002822
V03259;7000_3;A033410;;2026-09-07T09:40;20;1;AT002823
V03260;7000_3;A033410;;2026-09-07T10:00;20;1;
V03261;7000_3;A033410;;2026-09-07T10:20;20;1;AT002824
V03262;7000_3;A033410;;2026-09-07T10:40;20;1;
V03263;7000_3;A033410;;2026-09-07T11:00;20;1;
V03264;7000_3;A033410;;2026-09-07T11:20;20;1;AT002825
V03265;7000_3;A033410;;2026-09-07T11:40;20;1;AT002826
V03266;7000_3;A033410;;2026-09-07T12:00;20;1;AT002827
V03267;7000_3;A033410;;2026-09-07T12:20;20;1;AT002828
V03268;7000_3;A033410;;2026-09-07T12:40;20;1;AT002829
V03269;6100;E020305;;2026-09-07T07:30;10;4|9;AT000764
V03270;6100;E020305;;2026-09-07T07:40;10;4|9;AT000798
V03271;6100;E020305;;2026-09-07T07:50;10;4|9;AT000805
V03272;6100;E020305;;2026-09-07T08:00;10;4|9;AT002830
V03273;6100;E020305;;2026-09-07T08:10;10;4|9;
V03274;6100;E020305;;2026-09-07T08:20;10;4|9;AT002831
V03275;6100;E020305;;2026-09-07T08:30;10;4|9;AT002832
V03276;6100;E020305;;2026-09-07T08:40;10;4|9;AT002833
V03277;6100;E020305;;2026-09-07T08:50;10;4|9;AT002834
V03278;6100;E020305;;2026-09-07T09:00;10;4|9;
V03279;6100;E020305;;2026-09-07T09:10;10;4|9;
V03280;6100;E020305;;2026-09-07T09:20;10;4|9;
V03281;6100;E020305;;2026-09-07T09:30;10;4|9;AT002835
V03282;6100;E020305;;2026-09-07T09:40;10;4|9;AT002836
V03283;6100;E020305;;2026-09-07T09:50;10;4|9;AT002837
V03284;6100;E020305;;2026-09-07T10:00;10;4|9;AT002838
V03285;6100;E020305;;2026-09-07T10:10;10;4|9;
V03286;6100;E020305;;2026-09-07T10:20;10;4|9;AT002839
V03287;6100;E020306;;2026-09-07T07:30;10;4|9;AT000794
V03288;6100;E020306;;2026-09-07T07:40;10;4|9;AT000801
V03289;6100;E020306;;2026-09-07T07:50;10;4|9;
V03290;6100;E020306;;2026-09-07T08:00;10;4|9;AT000809
V03291;6100;E020306;;2026-09-07T08:10;10;4|9;AT002840
V03292;6100;E020306;;2026-09-07T08:20;10;4|9;AT002841
V03293;6100;E020306;;2026-09-07T08:30;10;4|9;
V03294;6100;E020306;;2026-09-07T08:40;10;4|9;
V03295;6100;E020306;;2026-09-07T08:50;10;4|9;
V03296;6100;E020306;;2026-09-07T09:00;10;4|9;
V03297;6100;E020306;;2026-09-07T09:10;10;4|9;AT002842
V03298;6100;E020306;;2026-09-07T09:20;10;4|9;AT002843
V03299;6100;E020306;;2026-09-07T09:30;10;4|9;
V03300;6100;E020306;;2026-09-07T09:40;10;4|9;AT002844
V03301;6100;E020306;;2026-09-07T09:50;10;4|9;AT002845
V03302;6100;E020306;;2026-09-07T10:00;10;4|9;
V03303;6100;E020306;;2026-09-07T10:10;10;4|9;
V03304;6100;E020306;;2026-09-07T10:20;10;4|9;AT002846
V03305;9610;H010101;;2026-09-07T08:30;240;1;AT000265
V03306;9610;H010101;;2026-09-07T13:30;240;1;AT002847
V03307;9610;H010102;;2026-09-07T08:30;240;1;AT002848
V03308;9610;H010102;;2026-09-07T13:30;240;1;
V03309;9610;H010103;;2026-09-07T08:30;240;1;AT002849
V03310;9610;H010103;;2026-09-07T13:30;240;1;AT002850
V03311;9610;H010104;;2026-09-07T08:30;240;1;AT002851
V03312;9610;H010104;;2026-09-07T13:30;240;1;AT002852
V03313;9602;A031903;U09;2026-09-07T09:00;30;3|1;
V03314;9602;A031903;U09;2026-09-07T09:30;30;3|1;
V03315;9602;A031903;U09;2026-09-07T10:00;30;3|1;
V03316;9602;A031903;U09;2026-09-07T10:30;30;3|1;AT002853
V03317;9602;A031903;U09;2026-09-07T11:00;30;3|1;AT002854
V03318;9602;A031903;U09;2026-09-07T11:30;30;3|1;AT002855
V03319;2102;A031708;U02;2026-09-08T08:30;20;22|23|7|5;AT000277
V03320;2102;A031708;U02;2026-09-08T08:50;20;22|23|7|5;AT000488
V03321;2102;A031708;U02;2026-09-08T09:10;20;22|23|7|5;AT000486
V03322;2102;A031708;U02;2026-09-08T09:30;20;22|23|7|5;AT000491
V03323;2102;A031708;U02;2026-09-08T09:50;20;22|23|7|5;AT000494
V03324;2102;A031708;U02;2026-09-08T10:10;20;22|23|7|5;AT000500
V03325;2102;A031708;U02;2026-09-08T10:30;20;22|23|7|5;AT000834
V03326;2102;A031708;U02;2026-09-08T10:50;20;22|23|7|5;AT000835
V03327;2102;A031708;U02;2026-09-08T11:10;20;22|23|7|5;AT000836
V03328;2102;A031708;U02;2026-09-08T11:30;20;22|23|7|5;AT000837
V03329;2102;A031708;U02;2026-09-08T11:50;20;22|23|7|5;
V03330;2102;A031708;U02;2026-09-08T12:10;20;22|23|7|5;
V03331;1300;A032102;U05;2026-09-08T09:00;40;1;AT000744
V03332;1300;A032102;U05;2026-09-08T09:40;40;1;AT000786
V03333;1300;A032102;U05;2026-09-08T10:20;20;2;AT002856
V03334;1300;A032102;U05;2026-09-08T10:40;20;2;AT002857
V03335;1300;A032102;U05;2026-09-08T11:00;20;2;AT002858
V03336;1300;A032102;U05;2026-09-08T11:20;20;2;AT002859
V03337;1300;A032102;U05;2026-09-08T11:40;20;2;AT002860
V03338;1300;A032102;U05;2026-09-08T12:00;20;2;AT002861
V03339;1300;A032102;U05;2026-09-08T12:20;20;2;AT002862
V03340;1300;A032102;U05;2026-09-08T12:40;20;2;AT002863
V03341;7000_2;A033403;;2026-09-08T08:00;20;1;AT000799
V03342;7000_2;A033403;;2026-09-08T08:20;20;1;AT000765
V03343;7000_2;A033403;;2026-09-08T08:40;20;1;AT000806
V03344;7000_2;A033403;;2026-09-08T09:00;20;1;AT002864
V03345;7000_2;A033403;;2026-09-08T09:20;20;1;AT000802
V03346;7000_2;A033403;;2026-09-08T09:40;20;1;AT002865
V03347;7000_2;A033403;;2026-09-08T10:00;20;1;AT002866
V03348;7000_2;A033403;;2026-09-08T10:20;20;1;AT002867
V03349;7000_2;A033403;;2026-09-08T10:40;20;1;AT002868
V03350;7000_2;A033403;;2026-09-08T11:00;20;1;AT002869
V03351;7000_2;A033403;;2026-09-08T11:20;20;1;AT002870
V03352;7000_2;A033403;;2026-09-08T11:40;20;1;AT002871
V03353;7000_2;A033403;;2026-09-08T12:00;20;1;AT002872
V03354;7000_2;A033403;;2026-09-08T12:20;20;1;
V03355;7000_2;A033403;;2026-09-08T12:40;20;1;AT002873
V03356;7000_2;A033403;;2026-09-08T13:00;20;1;
V03357;7000_2;A033403;;2026-09-08T13:20;20;1;
V03358;7000_2;A033403;;2026-09-08T13:40;20;1;AT002874
V03359;7000_2;A033403;;2026-09-08T14:00;20;1;AT002875
V03360;7000_2;A033403;;2026-09-08T14:20;20;1;AT002876
V03361;7000_2;A033403;;2026-09-08T14:40;20;1;AT002877
V03362;7000_2;A033403;;2026-09-08T15:00;20;1;AT002878
V03363;7000_2;A033403;;2026-09-08T15:20;20;1;AT002879
V03364;7000_2;A033403;;2026-09-08T15:40;20;1;AT002880
V03365;7000_3;A033410;;2026-09-08T09:00;20;1;AT002881
V03366;7000_3;A033410;;2026-09-08T09:20;20;1;AT000096
V03367;7000_3;A033410;;2026-09-08T09:40;20;1;AT000820
V03368;7000_3;A033410;;2026-09-08T10:00;20;1;AT002882
V03369;7000_3;A033410;;2026-09-08T10:20;20;1;AT002883
V03370;7000_3;A033410;;2026-09-08T10:40;20;1;
V03371;7000_3;A033410;;2026-09-08T11:00;20;1;
V03372;7000_3;A033410;;2026-09-08T11:20;20;1;AT002884
V03373;7000_3;A033410;;2026-09-08T11:40;20;1;
V03374;7000_3;A033410;;2026-09-08T12:00;20;1;AT002885
V03375;7000_3;A033410;;2026-09-08T12:20;20;1;
V03376;7000_3;A033410;;2026-09-08T12:40;20;1;AT002886
V03377;6100;E020305;;2026-09-08T07:30;10;4|9;AT000827
V03378;6100;E020305;;2026-09-08T07:40;10;4|9;AT000823
V03379;6100;E020305;;2026-09-08T07:50;10;4|9;AT002887
V03380;6100;E020305;;2026-09-08T08:00;10;4|9;AT002888
V03381;6100;E020305;;2026-09-08T08:10;10;4|9;
V03382;6100;E020305;;2026-09-08T08:20;10;4|9;AT002889
V03383;6100;E020305;;2026-09-08T08:30;10;4|9;AT002890
V03384;6100;E020305;;2026-09-08T08:40;10;4|9;AT002891
V03385;6100;E020305;;2026-09-08T08:50;10;4|9;AT002892
V03386;6100;E020305;;2026-09-08T09:00;10;4|9;
V03387;6100;E020305;;2026-09-08T09:10;10;4|9;
V03388;6100;E020305;;2026-09-08T09:20;10;4|9;AT002893
V03389;6100;E020305;;2026-09-08T09:30;10;4|9;
V03390;6100;E020305;;2026-09-08T09:40;10;4|9;
V03391;6100;E020305;;2026-09-08T09:50;10;4|9;AT002894
V03392;6100;E020305;;2026-09-08T10:00;10;4|9;AT002895
V03393;6100;E020305;;2026-09-08T10:10;10;4|9;
V03394;6100;E020305;;2026-09-08T10:20;10;4|9;
V03395;6100;E020306;;2026-09-08T07:30;10;4|9;AT000817
V03396;6100;E020306;;2026-09-08T07:40;10;4|9;AT000831
V03397;6100;E020306;;2026-09-08T07:50;10;4|9;
V03398;6100;E020306;;2026-09-08T08:00;10;4|9;AT002896
V03399;6100;E020306;;2026-09-08T08:10;10;4|9;
V03400;6100;E020306;;2026-09-08T08:20;10;4|9;AT002897
V03401;6100;E020306;;2026-09-08T08:30;10;4|9;AT002898
V03402;6100;E020306;;2026-09-08T08:40;10;4|9;AT002899
V03403;6100;E020306;;2026-09-08T08:50;10;4|9;AT002900
V03404;6100;E020306;;2026-09-08T09:00;10;4|9;AT002901
V03405;6100;E020306;;2026-09-08T09:10;10;4|9;AT002902
V03406;6100;E020306;;2026-09-08T09:20;10;4|9;AT002903
V03407;6100;E020306;;2026-09-08T09:30;10;4|9;AT002904
V03408;6100;E020306;;2026-09-08T09:40;10;4|9;
V03409;6100;E020306;;2026-09-08T09:50;10;4|9;
V03410;6100;E020306;;2026-09-08T10:00;10;4|9;
V03411;6100;E020306;;2026-09-08T10:10;10;4|9;
V03412;6100;E020306;;2026-09-08T10:20;10;4|9;AT002905
V03413;9610;H010101;;2026-09-08T08:30;240;1;
V03414;9610;H010101;;2026-09-08T13:30;240;1;AT002906
V03415;9610;H010102;;2026-09-08T08:30;240;1;AT002907
V03416;9610;H010102;;2026-09-08T13:30;240;1;AT002908
V03417;9610;H010103;;2026-09-08T08:30;240;1;AT002909
V03418;9610;H010103;;2026-09-08T13:30;240;1;AT002910
V03419;9610;H010104;;2026-09-08T08:30;240;1;AT002911
V03420;9610;H010104;;2026-09-08T13:30;240;1;AT002912
V03421;9602;A031903;U09;2026-09-08T09:00;30;3|1;AT002913
V03422;9602;A031903;U09;2026-09-08T09:30;30;3|1;AT002914
V03423;9602;A031903;U09;2026-09-08T10:00;30;3|1;
V03424;9602;A031903;U09;2026-09-08T10:30;30;3|1;AT002915
V03425;9602;A031903;U09;2026-09-08T11:00;30;3|1;AT002916
V03426;9602;A031903;U09;2026-09-08T11:30;30;3|1;
V03427;2102;A031707;U01;2026-09-09T08:30;20;22|23|7|5;AT000159
V03428;2102;A031707;U01;2026-09-09T08:50;20;22|23|7|5;AT000254
V03429;2102;A031707;U01;2026-09-09T09:10;20;22|23|7|5;AT000237
V03430;2102;A031707;U01;2026-09-09T09:30;20;22|23|7|5;AT000515
V03431;2102;A031707;U01;2026-09-09T09:50;20;22|23|7|5;AT000517
V03432;2102;A031707;U01;2026-09-09T10:10;20;22|23|7|5;AT000525
V03433;2102;A031707;U01;2026-09-09T10:30;20;22|23|7|5;AT000520
V03434;2102;A031707;U01;2026-09-09T10:50;20;22|23|7|5;AT000855
V03435;2102;A031707;U01;2026-09-09T11:10;20;22|23|7|5;AT000529
V03436;2102;A031707;U01;2026-09-09T11:30;20;22|23|7|5;AT000532
V03437;2102;A031707;U01;2026-09-09T11:50;20;22|23|7|5;
V03438;2102;A031707;U01;2026-09-09T12:10;20;22|23|7|5;
V03439;2300;A032501;U06;2026-09-09T09:00;40;1;AT002917
V03440;2300;A032501;U06;2026-09-09T09:40;40;1;AT002918
V03441;2300;A032501;U06;2026-09-09T10:20;40;1;AT002919
V03442;2300;A032501;U06;2026-09-09T11:00;40;1;
V03443;2300;A032501;U06;2026-09-09T11:40;40;1;AT002920
V03444;7000_2;A033403;;2026-09-09T08:00;20;1;AT000723
V03445;7000_2;A033403;;2026-09-09T08:20;20;1;AT000828
V03446;7000_2;A033403;;2026-09-09T08:40;20;1;AT000832
V03447;7000_2;A033403;;2026-09-09T09:00;20;1;AT000818
V03448;7000_2;A033403;;2026-09-09T09:20;20;1;AT002921
V03449;7000_2;A033403;;2026-09-09T09:40;20;1;AT002922
V03450;7000_2;A033403;;2026-09-09T10:00;20;1;AT002923
V03451;7000_2;A033403;;2026-09-09T10:20;20;1;AT002924
V03452;7000_2;A033403;;2026-09-09T10:40;20;1;
V03453;7000_2;A033403;;2026-09-09T11:00;20;1;AT002925
V03454;7000_2;A033403;;2026-09-09T11:20;20;1;AT002926
V03455;7000_2;A033403;;2026-09-09T11:40;20;1;AT002927
V03456;7000_2;A033403;;2026-09-09T12:00;20;1;AT002928
V03457;7000_2;A033403;;2026-09-09T12:20;20;1;AT002929
V03458;7000_2;A033403;;2026-09-09T12:40;20;1;AT002930
V03459;7000_2;A033403;;2026-09-09T13:00;20;1;AT002931
V03460;7000_2;A033403;;2026-09-09T13:20;20;1;AT002932
V03461;7000_2;A033403;;2026-09-09T13:40;20;1;
V03462;7000_2;A033403;;2026-09-09T14:00;20;1;AT002933
V03463;7000_2;A033403;;2026-09-09T14:20;20;1;AT002934
V03464;7000_2;A033403;;2026-09-09T14:40;20;1;AT002935
V03465;7000_2;A033403;;2026-09-09T15:00;20;1;AT002936
V03466;7000_2;A033403;;2026-09-09T15:20;20;1;AT002937
V03467;7000_2;A033403;;2026-09-09T15:40;20;1;AT002938
V03468;7000_3;A033410;;2026-09-09T09:00;20;1;
V03469;7000_3;A033410;;2026-09-09T09:20;20;1;AT000848
V03470;7000_3;A033410;;2026-09-09T09:40;20;1;AT002939
V03471;7000_3;A033410;;2026-09-09T10:00;20;1;AT002940
V03472;7000_3;A033410;;2026-09-09T10:20;20;1;AT002941
V03473;7000_3;A033410;;2026-09-09T10:40;20;1;
V03474;7000_3;A033410;;2026-09-09T11:00;20;1;
V03475;7000_3;A033410;;2026-09-09T11:20;20;1;
V03476;7000_3;A033410;;2026-09-09T11:40;20;1;
V03477;7000_3;A033410;;2026-09-09T12:00;20;1;AT002942
V03478;7000_3;A033410;;2026-09-09T12:20;20;1;
V03479;7000_3;A033410;;2026-09-09T12:40;20;1;AT002943
V03480;6100;E020305;;2026-09-09T07:30;10;4|9;AT002944
V03481;6100;E020305;;2026-09-09T07:40;10;4|9;AT000795
V03482;6100;E020305;;2026-09-09T07:50;10;4|9;AT000850
V03483;6100;E020305;;2026-09-09T08:00;10;4|9;AT002945
V03484;6100;E020305;;2026-09-09T08:10;10;4|9;AT002946
V03485;6100;E020305;;2026-09-09T08:20;10;4|9;
V03486;6100;E020305;;2026-09-09T08:30;10;4|9;
V03487;6100;E020305;;2026-09-09T08:40;10;4|9;AT002947
V03488;6100;E020305;;2026-09-09T08:50;10;4|9;AT002948
V03489;6100;E020305;;2026-09-09T09:00;10;4|9;AT002949
V03490;6100;E020305;;2026-09-09T09:10;10;4|9;
V03491;6100;E020305;;2026-09-09T09:20;10;4|9;AT002950
V03492;6100;E020305;;2026-09-09T09:30;10;4|9;AT002951
V03493;6100;E020305;;2026-09-09T09:40;10;4|9;
V03494;6100;E020305;;2026-09-09T09:50;10;4|9;
V03495;6100;E020305;;2026-09-09T10:00;10;4|9;AT002952
V03496;6100;E020305;;2026-09-09T10:10;10;4|9;
V03497;6100;E020305;;2026-09-09T10:20;10;4|9;AT002953
V03498;6100;E020306;;2026-09-09T07:30;10;4|9;AT000826
V03499;6100;E020306;;2026-09-09T07:40;10;4|9;AT000840
V03500;6100;E020306;;2026-09-09T07:50;10;4|9;AT002954
V03501;6100;E020306;;2026-09-09T08:00;10;4|9;AT002955
V03502;6100;E020306;;2026-09-09T08:10;10;4|9;
V03503;6100;E020306;;2026-09-09T08:20;10;4|9;
V03504;6100;E020306;;2026-09-09T08:30;10;4|9;AT002956
V03505;6100;E020306;;2026-09-09T08:40;10;4|9;AT002957
V03506;6100;E020306;;2026-09-09T08:50;10;4|9;AT002958
V03507;6100;E020306;;2026-09-09T09:00;10;4|9;AT002959
V03508;6100;E020306;;2026-09-09T09:10;10;4|9;AT002960
V03509;6100;E020306;;2026-09-09T09:20;10;4|9;AT002961
V03510;6100;E020306;;2026-09-09T09:30;10;4|9;AT002962
V03511;6100;E020306;;2026-09-09T09:40;10;4|9;
V03512;6100;E020306;;2026-09-09T09:50;10;4|9;AT002963
V03513;6100;E020306;;2026-09-09T10:00;10;4|9;
V03514;6100;E020306;;2026-09-09T10:10;10;4|9;AT002964
V03515;6100;E020306;;2026-09-09T10:20;10;4|9;AT002965
V03516;9610;H010101;;2026-09-09T08:30;240;1;AT002966
V03517;9610;H010101;;2026-09-09T13:30;240;1;
V03518;9610;H010102;;2026-09-09T08:30;240;1;AT002967
V03519;9610;H010102;;2026-09-09T13:30;240;1;AT002968
V03520;9610;H010103;;2026-09-09T08:30;240;1;AT002969
V03521;9610;H010103;;2026-09-09T13:30;240;1;AT002970
V03522;9610;H010104;;2026-09-09T08:30;240;1;AT002971
V03523;9610;H010104;;2026-09-09T13:30;240;1;
V03524;9602;A031903;U09;2026-09-09T09:00;30;3|1;AT000842
V03525;9602;A031903;U09;2026-09-09T09:30;30;3|1;AT002972
V03526;9602;A031903;U09;2026-09-09T10:00;30;3|1;AT000847
V03527;9602;A031903;U09;2026-09-09T10:30;30;3|1;AT002973
V03528;9602;A031903;U09;2026-09-09T11:00;30;3|1;
V03529;9602;A031903;U09;2026-09-09T11:30;30;3|1;
V03530;2102;A031708;U02;2026-09-10T08:30;20;22|23|7|5;AT000550
V03531;2102;A031708;U02;2026-09-10T08:50;20;22|23|7|5;AT000064
V03532;2102;A031708;U02;2026-09-10T09:10;20;22|23|7|5;AT000542
V03533;2102;A031708;U02;2026-09-10T09:30;20;22|23|7|5;AT000547
V03534;2102;A031708;U02;2026-09-10T09:50;20;22|23|7|5;AT000552
V03535;2102;A031708;U02;2026-09-10T10:10;20;22|23|7|5;AT000872
V03536;2102;A031708;U02;2026-09-10T10:30;20;22|23|7|5;AT000873
V03537;2102;A031708;U02;2026-09-10T10:50;20;22|23|7|5;AT000874
V03538;2102;A031708;U02;2026-09-10T11:10;20;22|23|7|5;AT000875
V03539;2102;A031708;U02;2026-09-10T11:30;20;22|23|7|5;AT000876
V03540;2102;A031708;U02;2026-09-10T11:50;20;22|23|7|5;
V03541;2102;A031708;U02;2026-09-10T12:10;20;22|23|7|5;
V03542;1300;A032101;U04;2026-09-10T09:00;40;1;AT000780
V03543;1300;A032101;U04;2026-09-10T09:40;40;1;AT000790
V03544;1300;A032101;U04;2026-09-10T10:20;20;2;AT002974
V03545;1300;A032101;U04;2026-09-10T10:40;20;2;AT002975
V03546;1300;A032101;U04;2026-09-10T11:00;20;2;AT002976
V03547;1300;A032101;U04;2026-09-10T11:20;20;2;AT002977
V03548;1300;A032101;U04;2026-09-10T11:40;20;2;AT002978
V03549;1300;A032101;U04;2026-09-10T12:00;20;2;
V03550;1300;A032101;U04;2026-09-10T12:20;20;2;AT002979
V03551;1300;A032101;U04;2026-09-10T12:40;20;2;AT002980
V03552;7000_2;A033403;;2026-09-10T08:00;20;1;AT002981
V03553;7000_2;A033403;;2026-09-10T08:20;20;1;AT000851
V03554;7000_2;A033403;;2026-09-10T08:40;20;1;AT002982
V03555;7000_2;A033403;;2026-09-10T09:00;20;1;AT002983
V03556;7000_2;A033403;;2026-09-10T09:20;20;1;AT002984
V03557;7000_2;A033403;;2026-09-10T09:40;20;1;AT002985
V03558;7000_2;A033403;;2026-09-10T10:00;20;1;AT002986
V03559;7000_2;A033403;;2026-09-10T10:20;20;1;
V03560;7000_2;A033403;;2026-09-10T10:40;20;1;AT002987
V03561;7000_2;A033403;;2026-09-10T11:00;20;1;AT002988
V03562;7000_2;A033403;;2026-09-10T11:20;20;1;
V03563;7000_2;A033403;;2026-09-10T11:40;20;1;
V03564;7000_2;A033403;;2026-09-10T12:00;20;1;AT002989
V03565;7000_2;A033403;;2026-09-10T12:20;20;1;AT002990
V03566;7000_2;A033403;;2026-09-10T12:40;20;1;AT002991
V03567;7000_2;A033403;;2026-09-10T13:00;20;1;AT002992
V03568;7000_2;A033403;;2026-09-10T13:20;20;1;
V03569;7000_2;A033403;;2026-09-10T13:40;20;1;AT002993
V03570;7000_2;A033403;;2026-09-10T14:00;20;1;AT002994
V03571;7000_2;A033403;;2026-09-10T14:20;20;1;AT002995
V03572;7000_2;A033403;;2026-09-10T14:40;20;1;AT002996
V03573;7000_2;A033403;;2026-09-10T15:00;20;1;AT002997
V03574;7000_2;A033403;;2026-09-10T15:20;20;1;AT002998
V03575;7000_2;A033403;;2026-09-10T15:40;20;1;AT002999
V03576;7000_3;A033410;;2026-09-10T09:00;20;1;AT003000
V03577;7000_3;A033410;;2026-09-10T09:20;20;1;AT000857
V03578;7000_3;A033410;;2026-09-10T09:40;20;1;AT003001
V03579;7000_3;A033410;;2026-09-10T10:00;20;1;
V03580;7000_3;A033410;;2026-09-10T10:20;20;1;
V03581;7000_3;A033410;;2026-09-10T10:40;20;1;AT003002
V03582;7000_3;A033410;;2026-09-10T11:00;20;1;AT003003
V03583;7000_3;A033410;;2026-09-10T11:20;20;1;
V03584;7000_3;A033410;;2026-09-10T11:40;20;1;AT003004
V03585;7000_3;A033410;;2026-09-10T12:00;20;1;AT003005
V03586;7000_3;A033410;;2026-09-10T12:20;20;1;AT003006
V03587;7000_3;A033410;;2026-09-10T12:40;20;1;
V03588;6100;E020305;;2026-09-10T07:30;10;4|9;AT000860
V03589;6100;E020305;;2026-09-10T07:40;10;4|9;AT000854
V03590;6100;E020305;;2026-09-10T07:50;10;4|9;AT000865
V03591;6100;E020305;;2026-09-10T08:00;10;4|9;AT003007
V03592;6100;E020305;;2026-09-10T08:10;10;4|9;AT003008
V03593;6100;E020305;;2026-09-10T08:20;10;4|9;AT003009
V03594;6100;E020305;;2026-09-10T08:30;10;4|9;
V03595;6100;E020305;;2026-09-10T08:40;10;4|9;AT003010
V03596;6100;E020305;;2026-09-10T08:50;10;4|9;AT003011
V03597;6100;E020305;;2026-09-10T09:00;10;4|9;AT003012
V03598;6100;E020305;;2026-09-10T09:10;10;4|9;AT003013
V03599;6100;E020305;;2026-09-10T09:20;10;4|9;
V03600;6100;E020305;;2026-09-10T09:30;10;4|9;AT003014
V03601;6100;E020305;;2026-09-10T09:40;10;4|9;AT003015
V03602;6100;E020305;;2026-09-10T09:50;10;4|9;AT003016
V03603;6100;E020305;;2026-09-10T10:00;10;4|9;AT003017
V03604;6100;E020305;;2026-09-10T10:10;10;4|9;
V03605;6100;E020305;;2026-09-10T10:20;10;4|9;AT003018
V03606;6100;E020306;;2026-09-10T07:30;10;4|9;AT000122
V03607;6100;E020306;;2026-09-10T07:40;10;4|9;AT000869
V03608;6100;E020306;;2026-09-10T07:50;10;4|9;AT000862
V03609;6100;E020306;;2026-09-10T08:00;10;4|9;AT003019
V03610;6100;E020306;;2026-09-10T08:10;10;4|9;
V03611;6100;E020306;;2026-09-10T08:20;10;4|9;AT003020
V03612;6100;E020306;;2026-09-10T08:30;10;4|9;
V03613;6100;E020306;;2026-09-10T08:40;10;4|9;AT003021
V03614;6100;E020306;;2026-09-10T08:50;10;4|9;AT003022
V03615;6100;E020306;;2026-09-10T09:00;10;4|9;
V03616;6100;E020306;;2026-09-10T09:10;10;4|9;
V03617;6100;E020306;;2026-09-10T09:20;10;4|9;AT003023
V03618;6100;E020306;;2026-09-10T09:30;10;4|9;AT003024
V03619;6100;E020306;;2026-09-10T09:40;10;4|9;
V03620;6100;E020306;;2026-09-10T09:50;10;4|9;AT003025
V03621;6100;E020306;;2026-09-10T10:00;10;4|9;
V03622;6100;E020306;;2026-09-10T10:10;10;4|9;AT003026
V03623;6100;E020306;;2026-09-10T10:20;10;4|9;AT003027
V03624;9610;H010101;;2026-09-10T08:30;240;1;AT000825
V03625;9610;H010101;;2026-09-10T13:30;240;1;AT003028
V03626;9610;H010102;;2026-09-10T08:30;240;1;AT003029
V03627;9610;H010102;;2026-09-10T13:30;240;1;
V03628;9610;H010103;;2026-09-10T08:30;240;1;AT003030
V03629;9610;H010103;;2026-09-10T13:30;240;1;AT003031
V03630;9610;H010104;;2026-09-10T08:30;240;1;
V03631;9610;H010104;;2026-09-10T13:30;240;1;AT003032
V03632;9602;A031903;U09;2026-09-10T09:00;30;3|1;AT000856
V03633;9602;A031903;U09;2026-09-10T09:30;30;3|1;AT003033
V03634;9602;A031903;U09;2026-09-10T10:00;30;3|1;AT000868
V03635;9602;A031903;U09;2026-09-10T10:30;30;3|1;
V03636;9602;A031903;U09;2026-09-10T11:00;30;3|1;AT003034
V03637;9602;A031903;U09;2026-09-10T11:30;30;3|1;AT003035
V03638;2102;A031707;U01;2026-09-11T08:30;20;22|23|7|5;AT000097
V03639;2102;A031707;U01;2026-09-11T08:50;20;22|23|7|5;AT000561
V03640;2102;A031707;U01;2026-09-11T09:10;20;22|23|7|5;AT000564
V03641;2102;A031707;U01;2026-09-11T09:30;20;22|23|7|5;AT000238
V03642;2102;A031707;U01;2026-09-11T09:50;20;22|23|7|5;AT000569
V03643;2102;A031707;U01;2026-09-11T10:10;20;22|23|7|5;AT000894
V03644;2102;A031707;U01;2026-09-11T10:30;20;22|23|7|5;AT000572
V03645;2102;A031707;U01;2026-09-11T10:50;20;22|23|7|5;AT000895
V03646;2102;A031707;U01;2026-09-11T11:10;20;22|23|7|5;AT000896
V03647;2102;A031707;U01;2026-09-11T11:30;20;22|23|7|5;AT000897
V03648;2102;A031707;U01;2026-09-11T11:50;20;22|23|7|5;
V03649;2102;A031707;U01;2026-09-11T12:10;20;22|23|7|5;
V03650;1300;A032102;U05;2026-09-11T09:00;40;1;AT000808
V03651;1300;A032102;U05;2026-09-11T09:40;40;1;AT000804
V03652;1300;A032102;U05;2026-09-11T10:20;20;2;AT003036
V03653;1300;A032102;U05;2026-09-11T10:40;20;2;AT003037
V03654;1300;A032102;U05;2026-09-11T11:00;20;2;AT003038
V03655;1300;A032102;U05;2026-09-11T11:20;20;2;
V03656;1300;A032102;U05;2026-09-11T11:40;20;2;AT003039
V03657;1300;A032102;U05;2026-09-11T12:00;20;2;AT003040
V03658;1300;A032102;U05;2026-09-11T12:20;20;2;AT003041
V03659;1300;A032102;U05;2026-09-11T12:40;20;2;AT003042
V03660;7000_2;A033403;;2026-09-11T08:00;20;1;AT000870
V03661;7000_2;A033403;;2026-09-11T08:20;20;1;AT003043
V03662;7000_2;A033403;;2026-09-11T08:40;20;1;AT003044
V03663;7000_2;A033403;;2026-09-11T09:00;20;1;AT003045
V03664;7000_2;A033403;;2026-09-11T09:20;20;1;AT003046
V03665;7000_2;A033403;;2026-09-11T09:40;20;1;
V03666;7000_2;A033403;;2026-09-11T10:00;20;1;AT003047
V03667;7000_2;A033403;;2026-09-11T10:20;20;1;AT003048
V03668;7000_2;A033403;;2026-09-11T10:40;20;1;AT003049
V03669;7000_2;A033403;;2026-09-11T11:00;20;1;AT003050
V03670;7000_2;A033403;;2026-09-11T11:20;20;1;AT003051
V03671;7000_2;A033403;;2026-09-11T11:40;20;1;AT003052
V03672;7000_2;A033403;;2026-09-11T12:00;20;1;AT003053
V03673;7000_2;A033403;;2026-09-11T12:20;20;1;AT003054
V03674;7000_2;A033403;;2026-09-11T12:40;20;1;AT003055
V03675;7000_2;A033403;;2026-09-11T13:00;20;1;AT003056
V03676;7000_2;A033403;;2026-09-11T13:20;20;1;AT003057
V03677;7000_2;A033403;;2026-09-11T13:40;20;1;AT003058
V03678;7000_2;A033403;;2026-09-11T14:00;20;1;AT003059
V03679;7000_2;A033403;;2026-09-11T14:20;20;1;AT003060
V03680;7000_2;A033403;;2026-09-11T14:40;20;1;AT003061
V03681;7000_2;A033403;;2026-09-11T15:00;20;1;AT003062
V03682;7000_2;A033403;;2026-09-11T15:20;20;1;
V03683;7000_2;A033403;;2026-09-11T15:40;20;1;AT003063
V03684;7000_3;A033410;;2026-09-11T09:00;20;1;AT003064
V03685;7000_3;A033410;;2026-09-11T09:20;20;1;
V03686;7000_3;A033410;;2026-09-11T09:40;20;1;AT000886
V03687;7000_3;A033410;;2026-09-11T10:00;20;1;AT003065
V03688;7000_3;A033410;;2026-09-11T10:20;20;1;
V03689;7000_3;A033410;;2026-09-11T10:40;20;1;AT003066
V03690;7000_3;A033410;;2026-09-11T11:00;20;1;AT003067
V03691;7000_3;A033410;;2026-09-11T11:20;20;1;AT003068
V03692;7000_3;A033410;;2026-09-11T11:40;20;1;AT003069
V03693;7000_3;A033410;;2026-09-11T12:00;20;1;
V03694;7000_3;A033410;;2026-09-11T12:20;20;1;AT003070
V03695;7000_3;A033410;;2026-09-11T12:40;20;1;AT003071
V03696;6100;E020305;;2026-09-11T07:30;10;4|9;AT000878
V03697;6100;E020305;;2026-09-11T07:40;10;4|9;AT000891
V03698;6100;E020305;;2026-09-11T07:50;10;4|9;AT000888
V03699;6100;E020305;;2026-09-11T08:00;10;4|9;AT003072
V03700;6100;E020305;;2026-09-11T08:10;10;4|9;
V03701;6100;E020305;;2026-09-11T08:20;10;4|9;AT003073
V03702;6100;E020305;;2026-09-11T08:30;10;4|9;AT003074
V03703;6100;E020305;;2026-09-11T08:40;10;4|9;AT003075
V03704;6100;E020305;;2026-09-11T08:50;10;4|9;AT003076
V03705;6100;E020305;;2026-09-11T09:00;10;4|9;
V03706;6100;E020305;;2026-09-11T09:10;10;4|9;
V03707;6100;E020305;;2026-09-11T09:20;10;4|9;AT003077
V03708;6100;E020305;;2026-09-11T09:30;10;4|9;AT003078
V03709;6100;E020305;;2026-09-11T09:40;10;4|9;
V03710;6100;E020305;;2026-09-11T09:50;10;4|9;AT003079
V03711;6100;E020305;;2026-09-11T10:00;10;4|9;
V03712;6100;E020305;;2026-09-11T10:10;10;4|9;
V03713;6100;E020305;;2026-09-11T10:20;10;4|9;AT003080
V03714;6100;E020306;;2026-09-11T07:30;10;4|9;AT000846
V03715;6100;E020306;;2026-09-11T07:40;10;4|9;AT000880
V03716;6100;E020306;;2026-09-11T07:50;10;4|9;AT000883
V03717;6100;E020306;;2026-09-11T08:00;10;4|9;AT003081
V03718;6100;E020306;;2026-09-11T08:10;10;4|9;
V03719;6100;E020306;;2026-09-11T08:20;10;4|9;AT003082
V03720;6100;E020306;;2026-09-11T08:30;10;4|9;AT003083
V03721;6100;E020306;;2026-09-11T08:40;10;4|9;
V03722;6100;E020306;;2026-09-11T08:50;10;4|9;
V03723;6100;E020306;;2026-09-11T09:00;10;4|9;AT003084
V03724;6100;E020306;;2026-09-11T09:10;10;4|9;
V03725;6100;E020306;;2026-09-11T09:20;10;4|9;AT003085
V03726;6100;E020306;;2026-09-11T09:30;10;4|9;
V03727;6100;E020306;;2026-09-11T09:40;10;4|9;AT003086
V03728;6100;E020306;;2026-09-11T09:50;10;4|9;
V03729;6100;E020306;;2026-09-11T10:00;10;4|9;
V03730;6100;E020306;;2026-09-11T10:10;10;4|9;AT003087
V03731;6100;E020306;;2026-09-11T10:20;10;4|9;AT003088
V03732;9610;H010101;;2026-09-11T08:30;240;1;
V03733;9610;H010101;;2026-09-11T13:30;240;1;AT003089
V03734;9610;H010102;;2026-09-11T08:30;240;1;
V03735;9610;H010102;;2026-09-11T13:30;240;1;AT003090
V03736;9610;H010103;;2026-09-11T08:30;240;1;AT000853
V03737;9610;H010103;;2026-09-11T13:30;240;1;AT003091
V03738;9610;H010104;;2026-09-11T08:30;240;1;AT003092
V03739;9610;H010104;;2026-09-11T13:30;240;1;AT003093
V03740;9602;A031903;U09;2026-09-11T09:00;30;3|1;AT003094
V03741;9602;A031903;U09;2026-09-11T09:30;30;3|1;
V03742;9602;A031903;U09;2026-09-11T10:00;30;3|1;
V03743;9602;A031903;U09;2026-09-11T10:30;30;3|1;
V03744;9602;A031903;U09;2026-09-11T11:00;30;3|1;AT003095
V03745;9602;A031903;U09;2026-09-11T11:30;30;3|1;
V03746;2102;A031707;U01;2026-09-14T08:30;20;22|23|7|5;AT000579
V03747;2102;A031707;U01;2026-09-14T08:50;20;22|23|7|5;AT000588
V03748;2102;A031707;U01;2026-09-14T09:10;20;22|23|7|5;AT000565
V03749;2102;A031707;U01;2026-09-14T09:30;20;22|23|7|5;AT000581
V03750;2102;A031707;U01;2026-09-14T09:50;20;22|23|7|5;AT000583
V03751;2102;A031707;U01;2026-09-14T10:10;20;22|23|7|5;AT000591
V03752;2102;A031707;U01;2026-09-14T10:30;20;22|23|7|5;AT000600
V03753;2102;A031707;U01;2026-09-14T10:50;20;22|23|7|5;AT000597
V03754;2102;A031707;U01;2026-09-14T11:10;20;22|23|7|5;AT000911
V03755;2102;A031707;U01;2026-09-14T11:30;20;22|23|7|5;AT000912
V03756;2102;A031707;U01;2026-09-14T11:50;20;22|23|7|5;
V03757;2102;A031707;U01;2026-09-14T12:10;20;22|23|7|5;
V03758;1300;A032101;U04;2026-09-14T09:00;40;1;AT003096
V03759;1300;A032101;U04;2026-09-14T09:40;40;1;AT003097
V03760;1300;A032101;U04;2026-09-14T10:20;20;2;AT003098
V03761;1300;A032101;U04;2026-09-14T10:40;20;2;AT003099
V03762;1300;A032101;U04;2026-09-14T11:00;20;2;AT003100
V03763;1300;A032101;U04;2026-09-14T11:20;20;2;AT003101
V03764;1300;A032101;U04;2026-09-14T11:40;20;2;AT003102
V03765;1300;A032101;U04;2026-09-14T12:00;20;2;AT003103
V03766;1300;A032101;U04;2026-09-14T12:20;20;2;
V03767;1300;A032101;U04;2026-09-14T12:40;20;2;AT003104
V03768;7000_2;A033403;;2026-09-14T08:00;20;1;AT000080
V03769;7000_2;A033403;;2026-09-14T08:20;20;1;AT000093
V03770;7000_2;A033403;;2026-09-14T08:40;20;1;AT000881
V03771;7000_2;A033403;;2026-09-14T09:00;20;1;AT000889
V03772;7000_2;A033403;;2026-09-14T09:20;20;1;AT000892
V03773;7000_2;A033403;;2026-09-14T09:40;20;1;AT003105
V03774;7000_2;A033403;;2026-09-14T10:00;20;1;AT003106
V03775;7000_2;A033403;;2026-09-14T10:20;20;1;AT003107
V03776;7000_2;A033403;;2026-09-14T10:40;20;1;AT003108
V03777;7000_2;A033403;;2026-09-14T11:00;20;1;AT003109
V03778;7000_2;A033403;;2026-09-14T11:20;20;1;AT000011
V03779;7000_2;A033403;;2026-09-14T11:40;20;1;AT003110
V03780;7000_2;A033403;;2026-09-14T12:00;20;1;AT003111
V03781;7000_2;A033403;;2026-09-14T12:20;20;1;AT003112
V03782;7000_2;A033403;;2026-09-14T12:40;20;1;AT003113
V03783;7000_2;A033403;;2026-09-14T13:00;20;1;AT003114
V03784;7000_2;A033403;;2026-09-14T13:20;20;1;AT003115
V03785;7000_2;A033403;;2026-09-14T13:40;20;1;
V03786;7000_2;A033403;;2026-09-14T14:00;20;1;AT003116
V03787;7000_2;A033403;;2026-09-14T14:20;20;1;AT003117
V03788;7000_2;A033403;;2026-09-14T14:40;20;1;AT003118
V03789;7000_2;A033403;;2026-09-14T15:00;20;1;AT003119
V03790;7000_2;A033403;;2026-09-14T15:20;20;1;AT003120
V03791;7000_2;A033403;;2026-09-14T15:40;20;1;AT003121
V03792;7000_3;A033410;;2026-09-14T09:00;20;1;AT003122
V03793;7000_3;A033410;;2026-09-14T09:20;20;1;
V03794;7000_3;A033410;;2026-09-14T09:40;20;1;AT003123
V03795;7000_3;A033410;;2026-09-14T10:00;20;1;AT003124
V03796;7000_3;A033410;;2026-09-14T10:20;20;1;
V03797;7000_3;A033410;;2026-09-14T10:40;20;1;AT003125
V03798;7000_3;A033410;;2026-09-14T11:00;20;1;
V03799;7000_3;A033410;;2026-09-14T11:20;20;1;AT003126
V03800;7000_3;A033410;;2026-09-14T11:40;20;1;
V03801;7000_3;A033410;;2026-09-14T12:00;20;1;
V03802;7000_3;A033410;;2026-09-14T12:20;20;1;AT003127
V03803;7000_3;A033410;;2026-09-14T12:40;20;1;AT003128
V03804;6100;E020305;;2026-09-14T07:30;10;4|9;AT000907
V03805;6100;E020305;;2026-09-14T07:40;10;4|9;AT000898
V03806;6100;E020305;;2026-09-14T07:50;10;4|9;
V03807;6100;E020305;;2026-09-14T08:00;10;4|9;AT003129
V03808;6100;E020305;;2026-09-14T08:10;10;4|9;AT003130
V03809;6100;E020305;;2026-09-14T08:20;10;4|9;
V03810;6100;E020305;;2026-09-14T08:30;10;4|9;
V03811;6100;E020305;;2026-09-14T08:40;10;4|9;AT003131
V03812;6100;E020305;;2026-09-14T08:50;10;4|9;
V03813;6100;E020305;;2026-09-14T09:00;10;4|9;AT003132
V03814;6100;E020305;;2026-09-14T09:10;10;4|9;AT003133
V03815;6100;E020305;;2026-09-14T09:20;10;4|9;
V03816;6100;E020305;;2026-09-14T09:30;10;4|9;AT003134
V03817;6100;E020305;;2026-09-14T09:40;10;4|9;
V03818;6100;E020305;;2026-09-14T09:50;10;4|9;AT003135
V03819;6100;E020305;;2026-09-14T10:00;10;4|9;
V03820;6100;E020305;;2026-09-14T10:10;10;4|9;AT003136
V03821;6100;E020305;;2026-09-14T10:20;10;4|9;AT003137
V03822;6100;E020306;;2026-09-14T07:30;10;4|9;AT000662
V03823;6100;E020306;;2026-09-14T07:40;10;4|9;AT000909
V03824;6100;E020306;;2026-09-14T07:50;10;4|9;
V03825;6100;E020306;;2026-09-14T08:00;10;4|9;
V03826;6100;E020306;;2026-09-14T08:10;10;4|9;AT003138
V03827;6100;E020306;;2026-09-14T08:20;10;4|9;
V03828;6100;E020306;;2026-09-14T08:30;10;4|9;
V03829;6100;E020306;;2026-09-14T08:40;10;4|9;
V03830;6100;E020306;;2026-09-14T08:50;10;4|9;AT003139
V03831;6100;E020306;;2026-09-14T09:00;10;4|9;AT003140
V03832;6100;E020306;;2026-09-14T09:10;10;4|9;
V03833;6100;E020306;;2026-09-14T09:20;10;4|9;
V03834;6100;E020306;;2026-09-14T09:30;10;4|9;AT003141
V03835;6100;E020306;;2026-09-14T09:40;10;4|9;AT003142
V03836;6100;E020306;;2026-09-14T09:50;10;4|9;AT003143
V03837;6100;E020306;;2026-09-14T10:00;10;4|9;AT003144
V03838;6100;E020306;;2026-09-14T10:10;10;4|9;
V03839;6100;E020306;;2026-09-14T10:20;10;4|9;
V03840;9610;H010101;;2026-09-14T08:30;240;1;AT000845
V03841;9610;H010101;;2026-09-14T13:30;240;1;AT003145
V03842;9610;H010102;;2026-09-14T08:30;240;1;
V03843;9610;H010102;;2026-09-14T13:30;240;1;AT003146
V03844;9610;H010103;;2026-09-14T08:30;240;1;AT000885
V03845;9610;H010103;;2026-09-14T13:30;240;1;
V03846;9610;H010104;;2026-09-14T08:30;240;1;AT003147
V03847;9610;H010104;;2026-09-14T13:30;240;1;AT003148
V03848;9602;A031903;U09;2026-09-14T09:00;30;3|1;AT000239
V03849;9602;A031903;U09;2026-09-14T09:30;30;3|1;AT000145
V03850;9602;A031903;U09;2026-09-14T10:00;30;3|1;AT000307
V03851;9602;A031903;U09;2026-09-14T10:30;30;3|1;
V03852;9602;A031903;U09;2026-09-14T11:00;30;3|1;
V03853;9602;A031903;U09;2026-09-14T11:30;30;3|1;
V03854;2102;A031708;U02;2026-09-15T08:30;20;22|23|7|5;AT000123
V03855;2102;A031708;U02;2026-09-15T08:50;20;22|23|7|5;AT000056
V03856;2102;A031708;U02;2026-09-15T09:10;20;22|23|7|5;AT000610
V03857;2102;A031708;U02;2026-09-15T09:30;20;22|23|7|5;AT000607
V03858;2102;A031708;U02;2026-09-15T09:50;20;22|23|7|5;AT000614
V03859;2102;A031708;U02;2026-09-15T10:10;20;22|23|7|5;AT000617
V03860;2102;A031708;U02;2026-09-15T10:30;20;22|23|7|5;AT000933
V03861;2102;A031708;U02;2026-09-15T10:50;20;22|23|7|5;AT000934
V03862;2102;A031708;U02;2026-09-15T11:10;20;22|23|7|5;AT000935
V03863;2102;A031708;U02;2026-09-15T11:30;20;22|23|7|5;AT000936
V03864;2102;A031708;U02;2026-09-15T11:50;20;22|23|7|5;
V03865;2102;A031708;U02;2026-09-15T12:10;20;22|23|7|5;
V03866;1300;A032102;U05;2026-09-15T09:00;40;1;AT000859
V03867;1300;A032102;U05;2026-09-15T09:40;40;1;AT000867
V03868;1300;A032102;U05;2026-09-15T10:20;20;2;AT003149
V03869;1300;A032102;U05;2026-09-15T10:40;20;2;AT003150
V03870;1300;A032102;U05;2026-09-15T11:00;20;2;AT003151
V03871;1300;A032102;U05;2026-09-15T11:20;20;2;AT003152
V03872;1300;A032102;U05;2026-09-15T11:40;20;2;AT003153
V03873;1300;A032102;U05;2026-09-15T12:00;20;2;
V03874;1300;A032102;U05;2026-09-15T12:20;20;2;
V03875;1300;A032102;U05;2026-09-15T12:40;20;2;AT003154
V03876;7000_2;A033403;;2026-09-15T08:00;20;1;AT000663
V03877;7000_2;A033403;;2026-09-15T08:20;20;1;AT003155
V03878;7000_2;A033403;;2026-09-15T08:40;20;1;AT003156
V03879;7000_2;A033403;;2026-09-15T09:00;20;1;AT003157
V03880;7000_2;A033403;;2026-09-15T09:20;20;1;AT003158
V03881;7000_2;A033403;;2026-09-15T09:40;20;1;AT003159
V03882;7000_2;A033403;;2026-09-15T10:00;20;1;AT003160
V03883;7000_2;A033403;;2026-09-15T10:20;20;1;AT003161
V03884;7000_2;A033403;;2026-09-15T10:40;20;1;AT003162
V03885;7000_2;A033403;;2026-09-15T11:00;20;1;AT003163
V03886;7000_2;A033403;;2026-09-15T11:20;20;1;AT003164
V03887;7000_2;A033403;;2026-09-15T11:40;20;1;AT003165
V03888;7000_2;A033403;;2026-09-15T12:00;20;1;AT003166
V03889;7000_2;A033403;;2026-09-15T12:20;20;1;AT003167
V03890;7000_2;A033403;;2026-09-15T12:40;20;1;AT003168
V03891;7000_2;A033403;;2026-09-15T13:00;20;1;
V03892;7000_2;A033403;;2026-09-15T13:20;20;1;AT003169
V03893;7000_2;A033403;;2026-09-15T13:40;20;1;AT003170
V03894;7000_2;A033403;;2026-09-15T14:00;20;1;AT003171
V03895;7000_2;A033403;;2026-09-15T14:20;20;1;AT003172
V03896;7000_2;A033403;;2026-09-15T14:40;20;1;AT003173
V03897;7000_2;A033403;;2026-09-15T15:00;20;1;AT003174
V03898;7000_2;A033403;;2026-09-15T15:20;20;1;AT003175
V03899;7000_2;A033403;;2026-09-15T15:40;20;1;AT003176
V03900;7000_3;A033410;;2026-09-15T09:00;20;1;AT000924
V03901;7000_3;A033410;;2026-09-15T09:20;20;1;AT000929
V03902;7000_3;A033410;;2026-09-15T09:40;20;1;AT003177
V03903;7000_3;A033410;;2026-09-15T10:00;20;1;AT003178
V03904;7000_3;A033410;;2026-09-15T10:20;20;1;AT003179
V03905;7000_3;A033410;;2026-09-15T10:40;20;1;AT003180
V03906;7000_3;A033410;;2026-09-15T11:00;20;1;
V03907;7000_3;A033410;;2026-09-15T11:20;20;1;
V03908;7000_3;A033410;;2026-09-15T11:40;20;1;
V03909;7000_3;A033410;;2026-09-15T12:00;20;1;AT003181
V03910;7000_3;A033410;;2026-09-15T12:20;20;1;
V03911;7000_3;A033410;;2026-09-15T12:40;20;1;AT003182
V03912;6100;E020305;;2026-09-15T07:30;10;4|9;AT000913
V03913;6100;E020305;;2026-09-15T07:40;10;4|9;AT000918
V03914;6100;E020305;;2026-09-15T07:50;10;4|9;AT000926
V03915;6100;E020305;;2026-09-15T08:00;10;4|9;AT003183
V03916;6100;E020305;;2026-09-15T08:10;10;4|9;
V03917;6100;E020305;;2026-09-15T08:20;10;4|9;
V03918;6100;E020305;;2026-09-15T08:30;10;4|9;
V03919;6100;E020305;;2026-09-15T08:40;10;4|9;
V03920;6100;E020305;;2026-09-15T08:50;10;4|9;AT003184
V03921;6100;E020305;;2026-09-15T09:00;10;4|9;AT003185
V03922;6100;E020305;;2026-09-15T09:10;10;4|9;AT003186
V03923;6100;E020305;;2026-09-15T09:20;10;4|9;AT003187
V03924;6100;E020305;;2026-09-15T09:30;10;4|9;AT003188
V03925;6100;E020305;;2026-09-15T09:40;10;4|9;AT003189
V03926;6100;E020305;;2026-09-15T09:50;10;4|9;AT003190
V03927;6100;E020305;;2026-09-15T10:00;10;4|9;AT003191
V03928;6100;E020305;;2026-09-15T10:10;10;4|9;AT003192
V03929;6100;E020305;;2026-09-15T10:20;10;4|9;
V03930;6100;E020306;;2026-09-15T07:30;10;4|9;AT000921
V03931;6100;E020306;;2026-09-15T07:40;10;4|9;AT003193
V03932;6100;E020306;;2026-09-15T07:50;10;4|9;AT003194
V03933;6100;E020306;;2026-09-15T08:00;10;4|9;AT003195
V03934;6100;E020306;;2026-09-15T08:10;10;4|9;
V03935;6100;E020306;;2026-09-15T08:20;10;4|9;
V03936;6100;E020306;;2026-09-15T08:30;10;4|9;AT003196
V03937;6100;E020306;;2026-09-15T08:40;10;4|9;
V03938;6100;E020306;;2026-09-15T08:50;10;4|9;AT003197
V03939;6100;E020306;;2026-09-15T09:00;10;4|9;
V03940;6100;E020306;;2026-09-15T09:10;10;4|9;AT003198
V03941;6100;E020306;;2026-09-15T09:20;10;4|9;AT003199
V03942;6100;E020306;;2026-09-15T09:30;10;4|9;
V03943;6100;E020306;;2026-09-15T09:40;10;4|9;AT003200
V03944;6100;E020306;;2026-09-15T09:50;10;4|9;AT003201
V03945;6100;E020306;;2026-09-15T10:00;10;4|9;AT003202
V03946;6100;E020306;;2026-09-15T10:10;10;4|9;AT003203
V03947;6100;E020306;;2026-09-15T10:20;10;4|9;
V03948;9610;H010101;;2026-09-15T08:30;240;1;AT003204
V03949;9610;H010101;;2026-09-15T13:30;240;1;
V03950;9610;H010102;;2026-09-15T08:30;240;1;
V03951;9610;H010102;;2026-09-15T13:30;240;1;AT003205
V03952;9610;H010103;;2026-09-15T08:30;240;1;AT003206
V03953;9610;H010103;;2026-09-15T13:30;240;1;AT003207
V03954;9610;H010104;;2026-09-15T08:30;240;1;AT003208
V03955;9610;H010104;;2026-09-15T13:30;240;1;AT003209
V03956;9602;A031903;U09;2026-09-15T09:00;30;3|1;
V03957;9602;A031903;U09;2026-09-15T09:30;30;3|1;
V03958;9602;A031903;U09;2026-09-15T10:00;30;3|1;AT003210
V03959;9602;A031903;U09;2026-09-15T10:30;30;3|1;
V03960;9602;A031903;U09;2026-09-15T11:00;30;3|1;
V03961;9602;A031903;U09;2026-09-15T11:30;30;3|1;
V03962;2102;A031707;U01;2026-09-16T08:30;20;22|23|7|5;AT000584
V03963;2102;A031707;U01;2026-09-16T08:50;20;22|23|7|5;AT000626
V03964;2102;A031707;U01;2026-09-16T09:10;20;22|23|7|5;AT000633
V03965;2102;A031707;U01;2026-09-16T09:30;20;22|23|7|5;AT000639
V03966;2102;A031707;U01;2026-09-16T09:50;20;22|23|7|5;AT000629
V03967;2102;A031707;U01;2026-09-16T10:10;20;22|23|7|5;AT000641
V03968;2102;A031707;U01;2026-09-16T10:30;20;22|23|7|5;AT000949
V03969;2102;A031707;U01;2026-09-16T10:50;20;22|23|7|5;AT000643
V03970;2102;A031707;U01;2026-09-16T11:10;20;22|23|7|5;AT000950
V03971;2102;A031707;U01;2026-09-16T11:30;20;22|23|7|5;AT000951
V03972;2102;A031707;U01;2026-09-16T11:50;20;22|23|7|5;
V03973;2102;A031707;U01;2026-09-16T12:10;20;22|23|7|5;
V03974;2300;A032501;U06;2026-09-16T09:00;40;1;AT003211
V03975;2300;A032501;U06;2026-09-16T09:40;40;1;AT003212
V03976;2300;A032501;U06;2026-09-16T10:20;40;1;
V03977;2300;A032501;U06;2026-09-16T11:00;40;1;
V03978;2300;A032501;U06;2026-09-16T11:40;40;1;
V03979;7000_2;A033403;;2026-09-16T08:00;20;1;AT000914
V03980;7000_2;A033403;;2026-09-16T08:20;20;1;AT000453
V03981;7000_2;A033403;;2026-09-16T08:40;20;1;AT000922
V03982;7000_2;A033403;;2026-09-16T09:00;20;1;AT000919
V03983;7000_2;A033403;;2026-09-16T09:20;20;1;AT000927
V03984;7000_2;A033403;;2026-09-16T09:40;20;1;AT003213
V03985;7000_2;A033403;;2026-09-16T10:00;20;1;AT003214
V03986;7000_2;A033403;;2026-09-16T10:20;20;1;AT003215
V03987;7000_2;A033403;;2026-09-16T10:40;20;1;AT003216
V03988;7000_2;A033403;;2026-09-16T11:00;20;1;AT003217
V03989;7000_2;A033403;;2026-09-16T11:20;20;1;AT003218
V03990;7000_2;A033403;;2026-09-16T11:40;20;1;AT003219
V03991;7000_2;A033403;;2026-09-16T12:00;20;1;AT003220
V03992;7000_2;A033403;;2026-09-16T12:20;20;1;AT003221
V03993;7000_2;A033403;;2026-09-16T12:40;20;1;AT003222
V03994;7000_2;A033403;;2026-09-16T13:00;20;1;AT003223
V03995;7000_2;A033403;;2026-09-16T13:20;20;1;AT003224
V03996;7000_2;A033403;;2026-09-16T13:40;20;1;AT003225
V03997;7000_2;A033403;;2026-09-16T14:00;20;1;AT003226
V03998;7000_2;A033403;;2026-09-16T14:20;20;1;AT003227
V03999;7000_2;A033403;;2026-09-16T14:40;20;1;AT003228
V04000;7000_2;A033403;;2026-09-16T15:00;20;1;
V04001;7000_2;A033403;;2026-09-16T15:20;20;1;AT003229
V04002;7000_2;A033403;;2026-09-16T15:40;20;1;AT003230
V04003;7000_3;A033410;;2026-09-16T09:00;20;1;AT000947
V04004;7000_3;A033410;;2026-09-16T09:20;20;1;AT003231
V04005;7000_3;A033410;;2026-09-16T09:40;20;1;AT003232
V04006;7000_3;A033410;;2026-09-16T10:00;20;1;AT003233
V04007;7000_3;A033410;;2026-09-16T10:20;20;1;AT003234
V04008;7000_3;A033410;;2026-09-16T10:40;20;1;AT003235
V04009;7000_3;A033410;;2026-09-16T11:00;20;1;AT003236
V04010;7000_3;A033410;;2026-09-16T11:20;20;1;
V04011;7000_3;A033410;;2026-09-16T11:40;20;1;
V04012;7000_3;A033410;;2026-09-16T12:00;20;1;
V04013;7000_3;A033410;;2026-09-16T12:20;20;1;
V04014;7000_3;A033410;;2026-09-16T12:40;20;1;AT003237
V04015;6100;E020305;;2026-09-16T07:30;10;4|9;AT000706
V04016;6100;E020305;;2026-09-16T07:40;10;4|9;AT000937
V04017;6100;E020305;;2026-09-16T07:50;10;4|9;
V04018;6100;E020305;;2026-09-16T08:00;10;4|9;
V04019;6100;E020305;;2026-09-16T08:10;10;4|9;
V04020;6100;E020305;;2026-09-16T08:20;10;4|9;
V04021;6100;E020305;;2026-09-16T08:30;10;4|9;
V04022;6100;E020305;;2026-09-16T08:40;10;4|9;
V04023;6100;E020305;;2026-09-16T08:50;10;4|9;AT003238
V04024;6100;E020305;;2026-09-16T09:00;10;4|9;AT003239
V04025;6100;E020305;;2026-09-16T09:10;10;4|9;
V04026;6100;E020305;;2026-09-16T09:20;10;4|9;AT003240
V04027;6100;E020305;;2026-09-16T09:30;10;4|9;
V04028;6100;E020305;;2026-09-16T09:40;10;4|9;AT003241
V04029;6100;E020305;;2026-09-16T09:50;10;4|9;
V04030;6100;E020305;;2026-09-16T10:00;10;4|9;AT003242
V04031;6100;E020305;;2026-09-16T10:10;10;4|9;
V04032;6100;E020305;;2026-09-16T10:20;10;4|9;AT003243
V04033;6100;E020306;;2026-09-16T07:30;10;4|9;AT000940
V04034;6100;E020306;;2026-09-16T07:40;10;4|9;AT000942
V04035;6100;E020306;;2026-09-16T07:50;10;4|9;
V04036;6100;E020306;;2026-09-16T08:00;10;4|9;AT003244
V04037;6100;E020306;;2026-09-16T08:10;10;4|9;AT003245
V04038;6100;E020306;;2026-09-16T08:20;10;4|9;
V04039;6100;E020306;;2026-09-16T08:30;10;4|9;AT003246
V04040;6100;E020306;;2026-09-16T08:40;10;4|9;AT003247
V04041;6100;E020306;;2026-09-16T08:50;10;4|9;AT003248
V04042;6100;E020306;;2026-09-16T09:00;10;4|9;AT003249
V04043;6100;E020306;;2026-09-16T09:10;10;4|9;
V04044;6100;E020306;;2026-09-16T09:20;10;4|9;AT003250
V04045;6100;E020306;;2026-09-16T09:30;10;4|9;AT003251
V04046;6100;E020306;;2026-09-16T09:40;10;4|9;
V04047;6100;E020306;;2026-09-16T09:50;10;4|9;
V04048;6100;E020306;;2026-09-16T10:00;10;4|9;
V04049;6100;E020306;;2026-09-16T10:10;10;4|9;
V04050;6100;E020306;;2026-09-16T10:20;10;4|9;AT003252
V04051;9610;H010101;;2026-09-16T08:30;240;1;AT003253
V04052;9610;H010101;;2026-09-16T13:30;240;1;AT003254
V04053;9610;H010102;;2026-09-16T08:30;240;1;AT003255
V04054;9610;H010102;;2026-09-16T13:30;240;1;AT003256
V04055;9610;H010103;;2026-09-16T08:30;240;1;AT003257
V04056;9610;H010103;;2026-09-16T13:30;240;1;AT003258
V04057;9610;H010104;;2026-09-16T08:30;240;1;AT003259
V04058;9610;H010104;;2026-09-16T13:30;240;1;AT003260
V04059;9602;A031903;U09;2026-09-16T09:00;30;3|1;AT000944
V04060;9602;A031903;U09;2026-09-16T09:30;30;3|1;AT003261
V04061;9602;A031903;U09;2026-09-16T10:00;30;3|1;AT003262
V04062;9602;A031903;U09;2026-09-16T10:30;30;3|1;AT003263
V04063;9602;A031903;U09;2026-09-16T11:00;30;3|1;
V04064;9602;A031903;U09;2026-09-16T11:30;30;3|1;
V04065;2102;A031708;U02;2026-09-17T08:30;20;22|23|7|5;AT000652
V04066;2102;A031708;U02;2026-09-17T08:50;20;22|23|7|5;AT000654
V04067;2102;A031708;U02;2026-09-17T09:10;20;22|23|7|5;AT000661
V04068;2102;A031708;U02;2026-09-17T09:30;20;22|23|7|5;AT000657
V04069;2102;A031708;U02;2026-09-17T09:50;20;22|23|7|5;AT000667
V04070;2102;A031708;U02;2026-09-17T10:10;20;22|23|7|5;AT000971
V04071;2102;A031708;U02;2026-09-17T10:30;20;22|23|7|5;AT000972
V04072;2102;A031708;U02;2026-09-17T10:50;20;22|23|7|5;AT000973
V04073;2102;A031708;U02;2026-09-17T11:10;20;22|23|7|5;AT000974
V04074;2102;A031708;U02;2026-09-17T11:30;20;22|23|7|5;AT000975
V04075;2102;A031708;U02;2026-09-17T11:50;20;22|23|7|5;
V04076;2102;A031708;U02;2026-09-17T12:10;20;22|23|7|5;
V04077;1300;A032101;U04;2026-09-17T09:00;40;1;AT000902
V04078;1300;A032101;U04;2026-09-17T09:40;40;1;AT000877
V04079;1300;A032101;U04;2026-09-17T10:20;20;2;AT003264
V04080;1300;A032101;U04;2026-09-17T10:40;20;2;AT003265
V04081;1300;A032101;U04;2026-09-17T11:00;20;2;AT003266
V04082;1300;A032101;U04;2026-09-17T11:20;20;2;AT003267
V04083;1300;A032101;U04;2026-09-17T11:40;20;2;AT003268
V04084;1300;A032101;U04;2026-09-17T12:00;20;2;AT003269
V04085;1300;A032101;U04;2026-09-17T12:20;20;2;AT003270
V04086;1300;A032101;U04;2026-09-17T12:40;20;2;AT003271
V04087;7000_2;A033403;;2026-09-17T08:00;20;1;AT000938
V04088;7000_2;A033403;;2026-09-17T08:20;20;1;AT003272
V04089;7000_2;A033403;;2026-09-17T08:40;20;1;AT003273
V04090;7000_2;A033403;;2026-09-17T09:00;20;1;
V04091;7000_2;A033403;;2026-09-17T09:20;20;1;AT003274
V04092;7000_2;A033403;;2026-09-17T09:40;20;1;
V04093;7000_2;A033403;;2026-09-17T10:00;20;1;AT003275
V04094;7000_2;A033403;;2026-09-17T10:20;20;1;AT003276
V04095;7000_2;A033403;;2026-09-17T10:40;20;1;AT003277
V04096;7000_2;A033403;;2026-09-17T11:00;20;1;AT003278
V04097;7000_2;A033403;;2026-09-17T11:20;20;1;AT003279
V04098;7000_2;A033403;;2026-09-17T11:40;20;1;AT003280
V04099;7000_2;A033403;;2026-09-17T12:00;20;1;
V04100;7000_2;A033403;;2026-09-17T12:20;20;1;AT003281
V04101;7000_2;A033403;;2026-09-17T12:40;20;1;
V04102;7000_2;A033403;;2026-09-17T13:00;20;1;AT003282
V04103;7000_2;A033403;;2026-09-17T13:20;20;1;AT003283
V04104;7000_2;A033403;;2026-09-17T13:40;20;1;AT003284
V04105;7000_2;A033403;;2026-09-17T14:00;20;1;AT003285
V04106;7000_2;A033403;;2026-09-17T14:20;20;1;AT003286
V04107;7000_2;A033403;;2026-09-17T14:40;20;1;AT003287
V04108;7000_2;A033403;;2026-09-17T15:00;20;1;AT003288
V04109;7000_2;A033403;;2026-09-17T15:20;20;1;AT003289
V04110;7000_2;A033403;;2026-09-17T15:40;20;1;AT003290
V04111;7000_3;A033410;;2026-09-17T09:00;20;1;AT003291
V04112;7000_3;A033410;;2026-09-17T09:20;20;1;AT003292
V04113;7000_3;A033410;;2026-09-17T09:40;20;1;AT000969
V04114;7000_3;A033410;;2026-09-17T10:00;20;1;
V04115;7000_3;A033410;;2026-09-17T10:20;20;1;AT003293
V04116;7000_3;A033410;;2026-09-17T10:40;20;1;
V04117;7000_3;A033410;;2026-09-17T11:00;20;1;AT003294
V04118;7000_3;A033410;;2026-09-17T11:20;20;1;AT003295
V04119;7000_3;A033410;;2026-09-17T11:40;20;1;AT003296
V04120;7000_3;A033410;;2026-09-17T12:00;20;1;AT003297
V04121;7000_3;A033410;;2026-09-17T12:20;20;1;AT003298
V04122;7000_3;A033410;;2026-09-17T12:40;20;1;AT003299
V04123;6100;E020305;;2026-09-17T07:30;10;4|9;AT000953
V04124;6100;E020305;;2026-09-17T07:40;10;4|9;AT000946
V04125;6100;E020305;;2026-09-17T07:50;10;4|9;AT000964
V04126;6100;E020305;;2026-09-17T08:00;10;4|9;
V04127;6100;E020305;;2026-09-17T08:10;10;4|9;AT003300
V04128;6100;E020305;;2026-09-17T08:20;10;4|9;AT003301
V04129;6100;E020305;;2026-09-17T08:30;10;4|9;AT003302
V04130;6100;E020305;;2026-09-17T08:40;10;4|9;
V04131;6100;E020305;;2026-09-17T08:50;10;4|9;AT003303
V04132;6100;E020305;;2026-09-17T09:00;10;4|9;AT003304
V04133;6100;E020305;;2026-09-17T09:10;10;4|9;AT003305
V04134;6100;E020305;;2026-09-17T09:20;10;4|9;AT003306
V04135;6100;E020305;;2026-09-17T09:30;10;4|9;
V04136;6100;E020305;;2026-09-17T09:40;10;4|9;
V04137;6100;E020305;;2026-09-17T09:50;10;4|9;AT003307
V04138;6100;E020305;;2026-09-17T10:00;10;4|9;AT003308
V04139;6100;E020305;;2026-09-17T10:10;10;4|9;
V04140;6100;E020305;;2026-09-17T10:20;10;4|9;AT003309
V04141;6100;E020306;;2026-09-17T07:30;10;4|9;AT000495
V04142;6100;E020306;;2026-09-17T07:40;10;4|9;
V04143;6100;E020306;;2026-09-17T07:50;10;4|9;AT003310
V04144;6100;E020306;;2026-09-17T08:00;10;4|9;AT003311
V04145;6100;E020306;;2026-09-17T08:10;10;4|9;AT003312
V04146;6100;E020306;;2026-09-17T08:20;10;4|9;
V04147;6100;E020306;;2026-09-17T08:30;10;4|9;AT003313
V04148;6100;E020306;;2026-09-17T08:40;10;4|9;
V04149;6100;E020306;;2026-09-17T08:50;10;4|9;
V04150;6100;E020306;;2026-09-17T09:00;10;4|9;AT003314
V04151;6100;E020306;;2026-09-17T09:10;10;4|9;AT003315
V04152;6100;E020306;;2026-09-17T09:20;10;4|9;AT003316
V04153;6100;E020306;;2026-09-17T09:30;10;4|9;AT003317
V04154;6100;E020306;;2026-09-17T09:40;10;4|9;
V04155;6100;E020306;;2026-09-17T09:50;10;4|9;AT003318
V04156;6100;E020306;;2026-09-17T10:00;10;4|9;
V04157;6100;E020306;;2026-09-17T10:10;10;4|9;AT003319
V04158;6100;E020306;;2026-09-17T10:20;10;4|9;AT003320
V04159;9610;H010101;;2026-09-17T08:30;240;1;AT003321
V04160;9610;H010101;;2026-09-17T13:30;240;1;AT003322
V04161;9610;H010102;;2026-09-17T08:30;240;1;
V04162;9610;H010102;;2026-09-17T13:30;240;1;AT003323
V04163;9610;H010103;;2026-09-17T08:30;240;1;AT003324
V04164;9610;H010103;;2026-09-17T13:30;240;1;
V04165;9610;H010104;;2026-09-17T08:30;240;1;AT003325
V04166;9610;H010104;;2026-09-17T13:30;240;1;AT003326
V04167;9602;A031903;U09;2026-09-17T09:00;30;3|1;AT000957
V04168;9602;A031903;U09;2026-09-17T09:30;30;3|1;AT000968
V04169;9602;A031903;U09;2026-09-17T10:00;30;3|1;AT003327
V04170;9602;A031903;U09;2026-09-17T10:30;30;3|1;AT003328
V04171;9602;A031903;U09;2026-09-17T11:00;30;3|1;
V04172;9602;A031903;U09;2026-09-17T11:30;30;3|1;
V04173;2102;A031707;U01;2026-09-18T08:30;20;22|23|7|5;AT000681
V04174;2102;A031707;U01;2026-09-18T08:50;20;22|23|7|5;AT000673
V04175;2102;A031707;U01;2026-09-18T09:10;20;22|23|7|5;AT000676
V04176;2102;A031707;U01;2026-09-18T09:30;20;22|23|7|5;AT000678
V04177;2102;A031707;U01;2026-09-18T09:50;20;22|23|7|5;AT000683
V04178;2102;A031707;U01;2026-09-18T10:10;20;22|23|7|5;AT000686
V04179;2102;A031707;U01;2026-09-18T10:30;20;22|23|7|5;AT000688
V04180;2102;A031707;U01;2026-09-18T10:50;20;22|23|7|5;AT000997
V04181;2102;A031707;U01;2026-09-18T11:10;20;22|23|7|5;AT000693
V04182;2102;A031707;U01;2026-09-18T11:30;20;22|23|7|5;AT000998
V04183;2102;A031707;U01;2026-09-18T11:50;20;22|23|7|5;
V04184;2102;A031707;U01;2026-09-18T12:10;20;22|23|7|5;
V04185;1300;A032102;U05;2026-09-18T09:00;40;1;AT003329
V04186;1300;A032102;U05;2026-09-18T09:40;40;1;AT000952
V04187;1300;A032102;U05;2026-09-18T10:20;20;2;AT003330
V04188;1300;A032102;U05;2026-09-18T10:40;20;2;AT003331
V04189;1300;A032102;U05;2026-09-18T11:00;20;2;
V04190;1300;A032102;U05;2026-09-18T11:20;20;2;AT003332
V04191;1300;A032102;U05;2026-09-18T11:40;20;2;
V04192;1300;A032102;U05;2026-09-18T12:00;20;2;
V04193;1300;A032102;U05;2026-09-18T12:20;20;2;AT003333
V04194;1300;A032102;U05;2026-09-18T12:40;20;2;
V04195;7000_2;A033403;;2026-09-18T08:00;20;1;AT003334
V04196;7000_2;A033403;;2026-09-18T08:20;20;1;AT000496
V04197;7000_2;A033403;;2026-09-18T08:40;20;1;AT003335
V04198;7000_2;A033403;;2026-09-18T09:00;20;1;
V04199;7000_2;A033403;;2026-09-18T09:20;20;1;AT003336
V04200;7000_2;A033403;;2026-09-18T09:40;20;1;AT003337
V04201;7000_2;A033403;;2026-09-18T10:00;20;1;AT003338
V04202;7000_2;A033403;;2026-09-18T10:20;20;1;AT003339
V04203;7000_2;A033403;;2026-09-18T10:40;20;1;AT003340
V04204;7000_2;A033403;;2026-09-18T11:00;20;1;AT003341
V04205;7000_2;A033403;;2026-09-18T11:20;20;1;AT003342
V04206;7000_2;A033403;;2026-09-18T11:40;20;1;
V04207;7000_2;A033403;;2026-09-18T12:00;20;1;AT003343
V04208;7000_2;A033403;;2026-09-18T12:20;20;1;AT003344
V04209;7000_2;A033403;;2026-09-18T12:40;20;1;AT003345
V04210;7000_2;A033403;;2026-09-18T13:00;20;1;AT003346
V04211;7000_2;A033403;;2026-09-18T13:20;20;1;AT003347
V04212;7000_2;A033403;;2026-09-18T13:40;20;1;AT003348
V04213;7000_2;A033403;;2026-09-18T14:00;20;1;
V04214;7000_2;A033403;;2026-09-18T14:20;20;1;AT003349
V04215;7000_2;A033403;;2026-09-18T14:40;20;1;AT003350
V04216;7000_2;A033403;;2026-09-18T15:00;20;1;AT003351
V04217;7000_2;A033403;;2026-09-18T15:20;20;1;
V04218;7000_2;A033403;;2026-09-18T15:40;20;1;AT003352
V04219;7000_3;A033410;;2026-09-18T09:00;20;1;AT000981
V04220;7000_3;A033410;;2026-09-18T09:20;20;1;AT003353
V04221;7000_3;A033410;;2026-09-18T09:40;20;1;AT000992
V04222;7000_3;A033410;;2026-09-18T10:00;20;1;
V04223;7000_3;A033410;;2026-09-18T10:20;20;1;AT003354
V04224;7000_3;A033410;;2026-09-18T10:40;20;1;AT003355
V04225;7000_3;A033410;;2026-09-18T11:00;20;1;AT003356
V04226;7000_3;A033410;;2026-09-18T11:20;20;1;
V04227;7000_3;A033410;;2026-09-18T11:40;20;1;AT003357
V04228;7000_3;A033410;;2026-09-18T12:00;20;1;
V04229;7000_3;A033410;;2026-09-18T12:20;20;1;AT003358
V04230;7000_3;A033410;;2026-09-18T12:40;20;1;
V04231;6100;E020305;;2026-09-18T07:30;10;4|9;AT000976
V04232;6100;E020305;;2026-09-18T07:40;10;4|9;AT000979
V04233;6100;E020305;;2026-09-18T07:50;10;4|9;AT000986
V04234;6100;E020305;;2026-09-18T08:00;10;4|9;AT003359
V04235;6100;E020305;;2026-09-18T08:10;10;4|9;AT003360
V04236;6100;E020305;;2026-09-18T08:20;10;4|9;AT003361
V04237;6100;E020305;;2026-09-18T08:30;10;4|9;
V04238;6100;E020305;;2026-09-18T08:40;10;4|9;AT003362
V04239;6100;E020305;;2026-09-18T08:50;10;4|9;AT003363
V04240;6100;E020305;;2026-09-18T09:00;10;4|9;AT003364
V04241;6100;E020305;;2026-09-18T09:10;10;4|9;
V04242;6100;E020305;;2026-09-18T09:20;10;4|9;AT003365
V04243;6100;E020305;;2026-09-18T09:30;10;4|9;
V04244;6100;E020305;;2026-09-18T09:40;10;4|9;
V04245;6100;E020305;;2026-09-18T09:50;10;4|9;AT003366
V04246;6100;E020305;;2026-09-18T10:00;10;4|9;AT003367
V04247;6100;E020305;;2026-09-18T10:10;10;4|9;
V04248;6100;E020305;;2026-09-18T10:20;10;4|9;AT003368
V04249;6100;E020306;;2026-09-18T07:30;10;4|9;AT000983
V04250;6100;E020306;;2026-09-18T07:40;10;4|9;
V04251;6100;E020306;;2026-09-18T07:50;10;4|9;AT000989
V04252;6100;E020306;;2026-09-18T08:00;10;4|9;AT000994
V04253;6100;E020306;;2026-09-18T08:10;10;4|9;AT003369
V04254;6100;E020306;;2026-09-18T08:20;10;4|9;AT003370
V04255;6100;E020306;;2026-09-18T08:30;10;4|9;AT003371
V04256;6100;E020306;;2026-09-18T08:40;10;4|9;AT003372
V04257;6100;E020306;;2026-09-18T08:50;10;4|9;
V04258;6100;E020306;;2026-09-18T09:00;10;4|9;AT003373
V04259;6100;E020306;;2026-09-18T09:10;10;4|9;AT003374
V04260;6100;E020306;;2026-09-18T09:20;10;4|9;AT003375
V04261;6100;E020306;;2026-09-18T09:30;10;4|9;AT003376
V04262;6100;E020306;;2026-09-18T09:40;10;4|9;AT003377
V04263;6100;E020306;;2026-09-18T09:50;10;4|9;
V04264;6100;E020306;;2026-09-18T10:00;10;4|9;AT003378
V04265;6100;E020306;;2026-09-18T10:10;10;4|9;AT003379
V04266;6100;E020306;;2026-09-18T10:20;10;4|9;
V04267;9610;H010101;;2026-09-18T08:30;240;1;
V04268;9610;H010101;;2026-09-18T13:30;240;1;
V04269;9610;H010102;;2026-09-18T08:30;240;1;AT000945
V04270;9610;H010102;;2026-09-18T13:30;240;1;AT003380
V04271;9610;H010103;;2026-09-18T08:30;240;1;AT003381
V04272;9610;H010103;;2026-09-18T13:30;240;1;AT003382
V04273;9610;H010104;;2026-09-18T08:30;240;1;AT003383
V04274;9610;H010104;;2026-09-18T13:30;240;1;AT003384
V04275;9602;A031903;U09;2026-09-18T09:00;30;3|1;AT000988
V04276;9602;A031903;U09;2026-09-18T09:30;30;3|1;
V04277;9602;A031903;U09;2026-09-18T10:00;30;3|1;
V04278;9602;A031903;U09;2026-09-18T10:30;30;3|1;
V04279;9602;A031903;U09;2026-09-18T11:00;30;3|1;AT003385
V04280;9602;A031903;U09;2026-09-18T11:30;30;3|1;AT003386
V04281;2102;A031707;U01;2026-09-21T08:30;20;22|23|7|5;AT000684
V04282;2102;A031707;U01;2026-09-21T08:50;20;22|23|7|5;AT000094
V04283;2102;A031707;U01;2026-09-21T09:10;20;22|23|7|5;AT000699
V04284;2102;A031707;U01;2026-09-21T09:30;20;22|23|7|5;AT000701
V04285;2102;A031707;U01;2026-09-21T09:50;20;22|23|7|5;AT000019
V04286;2102;A031707;U01;2026-09-21T10:10;20;22|23|7|5;AT000697
V04287;2102;A031707;U01;2026-09-21T10:30;20;22|23|7|5;AT000705
V04288;2102;A031707;U01;2026-09-21T10:50;20;22|23|7|5;AT000707
V04289;2102;A031707;U01;2026-09-21T11:10;20;22|23|7|5;AT000015
V04290;2102;A031707;U01;2026-09-21T11:30;20;22|23|7|5;AT000713
V04291;2102;A031707;U01;2026-09-21T11:50;20;22|23|7|5;
V04292;2102;A031707;U01;2026-09-21T12:10;20;22|23|7|5;
V04293;1300;A032101;U04;2026-09-21T09:00;40;1;AT003387
V04294;1300;A032101;U04;2026-09-21T09:40;40;1;AT003388
V04295;1300;A032101;U04;2026-09-21T10:20;20;2;AT003389
V04296;1300;A032101;U04;2026-09-21T10:40;20;2;AT003390
V04297;1300;A032101;U04;2026-09-21T11:00;20;2;AT003391
V04298;1300;A032101;U04;2026-09-21T11:20;20;2;AT003392
V04299;1300;A032101;U04;2026-09-21T11:40;20;2;AT003393
V04300;1300;A032101;U04;2026-09-21T12:00;20;2;AT003394
V04301;1300;A032101;U04;2026-09-21T12:20;20;2;AT003395
V04302;1300;A032101;U04;2026-09-21T12:40;20;2;
V04303;7000_2;A033403;;2026-09-21T08:00;20;1;AT000977
V04304;7000_2;A033403;;2026-09-21T08:20;20;1;AT000984
V04305;7000_2;A033403;;2026-09-21T08:40;20;1;AT000990
V04306;7000_2;A033403;;2026-09-21T09:00;20;1;AT000995
V04307;7000_2;A033403;;2026-09-21T09:20;20;1;
V04308;7000_2;A033403;;2026-09-21T09:40;20;1;
V04309;7000_2;A033403;;2026-09-21T10:00;20;1;AT003396
V04310;7000_2;A033403;;2026-09-21T10:20;20;1;AT003397
V04311;7000_2;A033403;;2026-09-21T10:40;20;1;AT003398
V04312;7000_2;A033403;;2026-09-21T11:00;20;1;AT003399
V04313;7000_2;A033403;;2026-09-21T11:20;20;1;AT003400
V04314;7000_2;A033403;;2026-09-21T11:40;20;1;AT003401
V04315;7000_2;A033403;;2026-09-21T12:00;20;1;AT003402
V04316;7000_2;A033403;;2026-09-21T12:20;20;1;AT003403
V04317;7000_2;A033403;;2026-09-21T12:40;20;1;AT003404
V04318;7000_2;A033403;;2026-09-21T13:00;20;1;AT003405
V04319;7000_2;A033403;;2026-09-21T13:20;20;1;AT003406
V04320;7000_2;A033403;;2026-09-21T13:40;20;1;AT003407
V04321;7000_2;A033403;;2026-09-21T14:00;20;1;
V04322;7000_2;A033403;;2026-09-21T14:20;20;1;AT003408
V04323;7000_2;A033403;;2026-09-21T14:40;20;1;AT003409
V04324;7000_2;A033403;;2026-09-21T15:00;20;1;AT003410
V04325;7000_2;A033403;;2026-09-21T15:20;20;1;
V04326;7000_2;A033403;;2026-09-21T15:40;20;1;AT003411
V04327;7000_3;A033410;;2026-09-21T09:00;20;1;AT001009
V04328;7000_3;A033410;;2026-09-21T09:20;20;1;
V04329;7000_3;A033410;;2026-09-21T09:40;20;1;AT003412
V04330;7000_3;A033410;;2026-09-21T10:00;20;1;AT003413
V04331;7000_3;A033410;;2026-09-21T10:20;20;1;AT003414
V04332;7000_3;A033410;;2026-09-21T10:40;20;1;
V04333;7000_3;A033410;;2026-09-21T11:00;20;1;
V04334;7000_3;A033410;;2026-09-21T11:20;20;1;AT003415
V04335;7000_3;A033410;;2026-09-21T11:40;20;1;
V04336;7000_3;A033410;;2026-09-21T12:00;20;1;AT003416
V04337;7000_3;A033410;;2026-09-21T12:20;20;1;AT003417
V04338;7000_3;A033410;;2026-09-21T12:40;20;1;AT003418
V04339;6100;E020305;;2026-09-21T07:30;10;4|9;AT000954
V04340;6100;E020305;;2026-09-21T07:40;10;4|9;AT000999
V04341;6100;E020305;;2026-09-21T07:50;10;4|9;AT001004
V04342;6100;E020305;;2026-09-21T08:00;10;4|9;AT001007
V04343;6100;E020305;;2026-09-21T08:10;10;4|9;AT003419
V04344;6100;E020305;;2026-09-21T08:20;10;4|9;AT003420
V04345;6100;E020305;;2026-09-21T08:30;10;4|9;AT003421
V04346;6100;E020305;;2026-09-21T08:40;10;4|9;AT003422
V04347;6100;E020305;;2026-09-21T08:50;10;4|9;AT003423
V04348;6100;E020305;;2026-09-21T09:00;10;4|9;
V04349;6100;E020305;;2026-09-21T09:10;10;4|9;AT003424
V04350;6100;E020305;;2026-09-21T09:20;10;4|9;
V04351;6100;E020305;;2026-09-21T09:30;10;4|9;
V04352;6100;E020305;;2026-09-21T09:40;10;4|9;AT003425
V04353;6100;E020305;;2026-09-21T09:50;10;4|9;AT003426
V04354;6100;E020305;;2026-09-21T10:00;10;4|9;
V04355;6100;E020305;;2026-09-21T10:10;10;4|9;AT003427
V04356;6100;E020305;;2026-09-21T10:20;10;4|9;AT003428
V04357;6100;E020306;;2026-09-21T07:30;10;4|9;AT000292
V04358;6100;E020306;;2026-09-21T07:40;10;4|9;AT000965
V04359;6100;E020306;;2026-09-21T07:50;10;4|9;AT001002
V04360;6100;E020306;;2026-09-21T08:00;10;4|9;AT001011
V04361;6100;E020306;;2026-09-21T08:10;10;4|9;AT001013
V04362;6100;E020306;;2026-09-21T08:20;10;4|9;
V04363;6100;E020306;;2026-09-21T08:30;10;4|9;
V04364;6100;E020306;;2026-09-21T08:40;10;4|9;AT003429
V04365;6100;E020306;;2026-09-21T08:50;10;4|9;
V04366;6100;E020306;;2026-09-21T09:00;10;4|9;AT003430
V04367;6100;E020306;;2026-09-21T09:10;10;4|9;
V04368;6100;E020306;;2026-09-21T09:20;10;4|9;AT003431
V04369;6100;E020306;;2026-09-21T09:30;10;4|9;AT003432
V04370;6100;E020306;;2026-09-21T09:40;10;4|9;
V04371;6100;E020306;;2026-09-21T09:50;10;4|9;AT003433
V04372;6100;E020306;;2026-09-21T10:00;10;4|9;
V04373;6100;E020306;;2026-09-21T10:10;10;4|9;AT003434
V04374;6100;E020306;;2026-09-21T10:20;10;4|9;AT003435
V04375;9610;H010101;;2026-09-21T08:30;240;1;AT000967
V04376;9610;H010101;;2026-09-21T13:30;240;1;AT003436
V04377;9610;H010102;;2026-09-21T08:30;240;1;
V04378;9610;H010102;;2026-09-21T13:30;240;1;AT003437
V04379;9610;H010103;;2026-09-21T08:30;240;1;AT003438
V04380;9610;H010103;;2026-09-21T13:30;240;1;AT003439
V04381;9610;H010104;;2026-09-21T08:30;240;1;AT003440
V04382;9610;H010104;;2026-09-21T13:30;240;1;AT003441
V04383;9602;A031903;U09;2026-09-21T09:00;30;3|1;
V04384;9602;A031903;U09;2026-09-21T09:30;30;3|1;
V04385;9602;A031903;U09;2026-09-21T10:00;30;3|1;
V04386;9602;A031903;U09;2026-09-21T10:30;30;3|1;AT003442
V04387;9602;A031903;U09;2026-09-21T11:00;30;3|1;
V04388;9602;A031903;U09;2026-09-21T11:30;30;3|1;AT003443
V04389;2102;A031708;U02;2026-09-22T08:30;20;22|23|7|5;AT000081
V04390;2102;A031708;U02;2026-09-22T08:50;20;22|23|7|5;AT000724
V04391;2102;A031708;U02;2026-09-22T09:10;20;22|23|7|5;AT000739
V04392;2102;A031708;U02;2026-09-22T09:30;20;22|23|7|5;AT000664
V04393;2102;A031708;U02;2026-09-22T09:50;20;22|23|7|5;AT000729
V04394;2102;A031708;U02;2026-09-22T10:10;20;22|23|7|5;AT000731
V04395;2102;A031708;U02;2026-09-22T10:30;20;22|23|7|5;AT000014
V04396;2102;A031708;U02;2026-09-22T10:50;20;22|23|7|5;AT000734
V04397;2102;A031708;U02;2026-09-22T11:10;20;22|23|7|5;AT000736
V04398;2102;A031708;U02;2026-09-22T11:30;20;22|23|7|5;AT000017
V04399;2102;A031708;U02;2026-09-22T11:50;20;22|23|7|5;
V04400;2102;A031708;U02;2026-09-22T12:10;20;22|23|7|5;
V04401;1300;A032102;U05;2026-09-22T09:00;40;1;
V04402;1300;A032102;U05;2026-09-22T09:40;40;1;AT003444
V04403;1300;A032102;U05;2026-09-22T10:20;20;2;AT003445
V04404;1300;A032102;U05;2026-09-22T10:40;20;2;AT003446
V04405;1300;A032102;U05;2026-09-22T11:00;20;2;AT003447
V04406;1300;A032102;U05;2026-09-22T11:20;20;2;
V04407;1300;A032102;U05;2026-09-22T11:40;20;2;AT003448
V04408;1300;A032102;U05;2026-09-22T12:00;20;2;
V04409;1300;A032102;U05;2026-09-22T12:20;20;2;AT003449
V04410;1300;A032102;U05;2026-09-22T12:40;20;2;AT003450
V04411;7000_2;A033403;;2026-09-22T08:00;20;1;AT001000
V04412;7000_2;A033403;;2026-09-22T08:20;20;1;
V04413;7000_2;A033403;;2026-09-22T08:40;20;1;
V04414;7000_2;A033403;;2026-09-22T09:00;20;1;AT003451
V04415;7000_2;A033403;;2026-09-22T09:20;20;1;AT003452
V04416;7000_2;A033403;;2026-09-22T09:40;20;1;AT003453
V04417;7000_2;A033403;;2026-09-22T10:00;20;1;
V04418;7000_2;A033403;;2026-09-22T10:20;20;1;
V04419;7000_2;A033403;;2026-09-22T10:40;20;1;AT003454
V04420;7000_2;A033403;;2026-09-22T11:00;20;1;AT003455
V04421;7000_2;A033403;;2026-09-22T11:20;20;1;AT003456
V04422;7000_2;A033403;;2026-09-22T11:40;20;1;AT003457
V04423;7000_2;A033403;;2026-09-22T12:00;20;1;AT003458
V04424;7000_2;A033403;;2026-09-22T12:20;20;1;AT003459
V04425;7000_2;A033403;;2026-09-22T12:40;20;1;AT003460
V04426;7000_2;A033403;;2026-09-22T13:00;20;1;AT003461
V04427;7000_2;A033403;;2026-09-22T13:20;20;1;AT003462
V04428;7000_2;A033403;;2026-09-22T13:40;20;1;AT003463
V04429;7000_2;A033403;;2026-09-22T14:00;20;1;
V04430;7000_2;A033403;;2026-09-22T14:20;20;1;AT003464
V04431;7000_2;A033403;;2026-09-22T14:40;20;1;AT003465
V04432;7000_2;A033403;;2026-09-22T15:00;20;1;AT003466
V04433;7000_2;A033403;;2026-09-22T15:20;20;1;AT003467
V04434;7000_2;A033403;;2026-09-22T15:40;20;1;
V04435;7000_3;A033410;;2026-09-22T09:00;20;1;AT001022
V04436;7000_3;A033410;;2026-09-22T09:20;20;1;
V04437;7000_3;A033410;;2026-09-22T09:40;20;1;AT003468
V04438;7000_3;A033410;;2026-09-22T10:00;20;1;AT003469
V04439;7000_3;A033410;;2026-09-22T10:20;20;1;
V04440;7000_3;A033410;;2026-09-22T10:40;20;1;AT003470
V04441;7000_3;A033410;;2026-09-22T11:00;20;1;AT003471
V04442;7000_3;A033410;;2026-09-22T11:20;20;1;AT003472
V04443;7000_3;A033410;;2026-09-22T11:40;20;1;AT003473
V04444;7000_3;A033410;;2026-09-22T12:00;20;1;AT003474
V04445;7000_3;A033410;;2026-09-22T12:20;20;1;
V04446;7000_3;A033410;;2026-09-22T12:40;20;1;AT003475
V04447;6100;E020305;;2026-09-22T07:30;10;4|9;
V04448;6100;E020305;;2026-09-22T07:40;10;4|9;AT001017
V04449;6100;E020305;;2026-09-22T07:50;10;4|9;
V04450;6100;E020305;;2026-09-22T08:00;10;4|9;AT003476
V04451;6100;E020305;;2026-09-22T08:10;10;4|9;AT000012
V04452;6100;E020305;;2026-09-22T08:20;10;4|9;AT003477
V04453;6100;E020305;;2026-09-22T08:30;10;4|9;
V04454;6100;E020305;;2026-09-22T08:40;10;4|9;AT003478
V04455;6100;E020305;;2026-09-22T08:50;10;4|9;
V04456;6100;E020305;;2026-09-22T09:00;10;4|9;
V04457;6100;E020305;;2026-09-22T09:10;10;4|9;AT003479
V04458;6100;E020305;;2026-09-22T09:20;10;4|9;AT003480
V04459;6100;E020305;;2026-09-22T09:30;10;4|9;AT003481
V04460;6100;E020305;;2026-09-22T09:40;10;4|9;
V04461;6100;E020305;;2026-09-22T09:50;10;4|9;AT003482
V04462;6100;E020305;;2026-09-22T10:00;10;4|9;AT003483
V04463;6100;E020305;;2026-09-22T10:10;10;4|9;
V04464;6100;E020305;;2026-09-22T10:20;10;4|9;
V04465;6100;E020306;;2026-09-22T07:30;10;4|9;AT001015
V04466;6100;E020306;;2026-09-22T07:40;10;4|9;AT001019
V04467;6100;E020306;;2026-09-22T07:50;10;4|9;
V04468;6100;E020306;;2026-09-22T08:00;10;4|9;AT003484
V04469;6100;E020306;;2026-09-22T08:10;10;4|9;AT003485
V04470;6100;E020306;;2026-09-22T08:20;10;4|9;AT003486
V04471;6100;E020306;;2026-09-22T08:30;10;4|9;AT003487
V04472;6100;E020306;;2026-09-22T08:40;10;4|9;
V04473;6100;E020306;;2026-09-22T08:50;10;4|9;AT003488
V04474;6100;E020306;;2026-09-22T09:00;10;4|9;AT003489
V04475;6100;E020306;;2026-09-22T09:10;10;4|9;AT003490
V04476;6100;E020306;;2026-09-22T09:20;10;4|9;
V04477;6100;E020306;;2026-09-22T09:30;10;4|9;
V04478;6100;E020306;;2026-09-22T09:40;10;4|9;AT003491
V04479;6100;E020306;;2026-09-22T09:50;10;4|9;AT003492
V04480;6100;E020306;;2026-09-22T10:00;10;4|9;AT003493
V04481;6100;E020306;;2026-09-22T10:10;10;4|9;
V04482;6100;E020306;;2026-09-22T10:20;10;4|9;AT003494
V04483;9610;H010101;;2026-09-22T08:30;240;1;
V04484;9610;H010101;;2026-09-22T13:30;240;1;AT003495
V04485;9610;H010102;;2026-09-22T08:30;240;1;AT003496
V04486;9610;H010102;;2026-09-22T13:30;240;1;AT003497
V04487;9610;H010103;;2026-09-22T08:30;240;1;AT003498
V04488;9610;H010103;;2026-09-22T13:30;240;1;AT003499
V04489;9610;H010104;;2026-09-22T08:30;240;1;AT003500
V04490;9610;H010104;;2026-09-22T13:30;240;1;AT003501
V04491;9602;A031903;U09;2026-09-22T09:00;30;3|1;
V04492;9602;A031903;U09;2026-09-22T09:30;30;3|1;
V04493;9602;A031903;U09;2026-09-22T10:00;30;3|1;AT003502
V04494;9602;A031903;U09;2026-09-22T10:30;30;3|1;
V04495;9602;A031903;U09;2026-09-22T11:00;30;3|1;AT003503
V04496;9602;A031903;U09;2026-09-22T11:30;30;3|1;
V04497;2102;A031707;U01;2026-09-23T08:30;20;22|23|7|5;AT000293
V04498;2102;A031707;U01;2026-09-23T08:50;20;22|23|7|5;AT000454
V04499;2102;A031707;U01;2026-09-23T09:10;20;22|23|7|5;AT000750
V04500;2102;A031707;U01;2026-09-23T09:30;20;22|23|7|5;AT000001
V04501;2102;A031707;U01;2026-09-23T09:50;20;22|23|7|5;AT000002
V04502;2102;A031707;U01;2026-09-23T10:10;20;22|23|7|5;AT000003
V04503;2102;A031707;U01;2026-09-23T10:30;20;22|23|7|5;AT000747
V04504;2102;A031707;U01;2026-09-23T10:50;20;22|23|7|5;AT000752
V04505;2102;A031707;U01;2026-09-23T11:10;20;22|23|7|5;AT003504
V04506;2102;A031707;U01;2026-09-23T11:30;20;22|23|7|5;AT000756
V04507;2102;A031707;U01;2026-09-23T11:50;20;22|23|7|5;AT000762
V04508;2102;A031707;U01;2026-09-23T12:10;20;22|23|7|5;AT000758
V04509;2300;A032501;U06;2026-09-23T09:00;40;1;AT000906
V04510;2300;A032501;U06;2026-09-23T09:40;40;1;AT003505
V04511;2300;A032501;U06;2026-09-23T10:20;40;1;AT000961
V04512;2300;A032501;U06;2026-09-23T11:00;40;1;AT003506
V04513;2300;A032501;U06;2026-09-23T11:40;40;1;
V04514;7000_2;A033403;;2026-09-23T08:00;20;1;AT003507
V04515;7000_2;A033403;;2026-09-23T08:20;20;1;AT003508
V04516;7000_2;A033403;;2026-09-23T08:40;20;1;AT003509
V04517;7000_2;A033403;;2026-09-23T09:00;20;1;AT003510
V04518;7000_2;A033403;;2026-09-23T09:20;20;1;AT003511
V04519;7000_2;A033403;;2026-09-23T09:40;20;1;AT003512
V04520;7000_2;A033403;;2026-09-23T10:00;20;1;AT003513
V04521;7000_2;A033403;;2026-09-23T10:20;20;1;AT003514
V04522;7000_2;A033403;;2026-09-23T10:40;20;1;AT003515
V04523;7000_2;A033403;;2026-09-23T11:00;20;1;AT003516
V04524;7000_2;A033403;;2026-09-23T11:20;20;1;AT003517
V04525;7000_2;A033403;;2026-09-23T11:40;20;1;AT003518
V04526;7000_2;A033403;;2026-09-23T12:00;20;1;AT003519
V04527;7000_2;A033403;;2026-09-23T12:20;20;1;AT003520
V04528;7000_2;A033403;;2026-09-23T12:40;20;1;AT003521
V04529;7000_2;A033403;;2026-09-23T13:00;20;1;AT003522
V04530;7000_2;A033403;;2026-09-23T13:20;20;1;AT003523
V04531;7000_2;A033403;;2026-09-23T13:40;20;1;AT003524
V04532;7000_2;A033403;;2026-09-23T14:00;20;1;AT003525
V04533;7000_2;A033403;;2026-09-23T14:20;20;1;AT003526
V04534;7000_2;A033403;;2026-09-23T14:40;20;1;AT003527
V04535;7000_2;A033403;;2026-09-23T15:00;20;1;AT003528
V04536;7000_2;A033403;;2026-09-23T15:20;20;1;AT003529
V04537;7000_2;A033403;;2026-09-23T15:40;20;1;AT003530
V04538;7000_3;A033410;;2026-09-23T09:00;20;1;AT003531
V04539;7000_3;A033410;;2026-09-23T09:20;20;1;AT001030
V04540;7000_3;A033410;;2026-09-23T09:40;20;1;AT003532
V04541;7000_3;A033410;;2026-09-23T10:00;20;1;
V04542;7000_3;A033410;;2026-09-23T10:20;20;1;
V04543;7000_3;A033410;;2026-09-23T10:40;20;1;
V04544;7000_3;A033410;;2026-09-23T11:00;20;1;AT003533
V04545;7000_3;A033410;;2026-09-23T11:20;20;1;AT003534
V04546;7000_3;A033410;;2026-09-23T11:40;20;1;AT003535
V04547;7000_3;A033410;;2026-09-23T12:00;20;1;
V04548;7000_3;A033410;;2026-09-23T12:20;20;1;AT003536
V04549;7000_3;A033410;;2026-09-23T12:40;20;1;
V04550;6100;E020305;;2026-09-23T07:30;10;4|9;AT001024
V04551;6100;E020305;;2026-09-23T07:40;10;4|9;AT003537
V04552;6100;E020305;;2026-09-23T07:50;10;4|9;AT003538
V04553;6100;E020305;;2026-09-23T08:00;10;4|9;
V04554;6100;E020305;;2026-09-23T08:10;10;4|9;
V04555;6100;E020305;;2026-09-23T08:20;10;4|9;
V04556;6100;E020305;;2026-09-23T08:30;10;4|9;AT003539
V04557;6100;E020305;;2026-09-23T08:40;10;4|9;
V04558;6100;E020305;;2026-09-23T08:50;10;4|9;AT003540
V04559;6100;E020305;;2026-09-23T09:00;10;4|9;
V04560;6100;E020305;;2026-09-23T09:10;10;4|9;
V04561;6100;E020305;;2026-09-23T09:20;10;4|9;AT003541
V04562;6100;E020305;;2026-09-23T09:30;10;4|9;AT003542
V04563;6100;E020305;;2026-09-23T09:40;10;4|9;
V04564;6100;E020305;;2026-09-23T09:50;10;4|9;
V04565;6100;E020305;;2026-09-23T10:00;10;4|9;AT003543
V04566;6100;E020305;;2026-09-23T10:10;10;4|9;
V04567;6100;E020305;;2026-09-23T10:20;10;4|9;
V04568;6100;E020306;;2026-09-23T07:30;10;4|9;AT001032
V04569;6100;E020306;;2026-09-23T07:40;10;4|9;AT001028
V04570;6100;E020306;;2026-09-23T07:50;10;4|9;
V04571;6100;E020306;;2026-09-23T08:00;10;4|9;AT003544
V04572;6100;E020306;;2026-09-23T08:10;10;4|9;
V04573;6100;E020306;;2026-09-23T08:20;10;4|9;
V04574;6100;E020306;;2026-09-23T08:30;10;4|9;AT003545
V04575;6100;E020306;;2026-09-23T08:40;10;4|9;
V04576;6100;E020306;;2026-09-23T08:50;10;4|9;
V04577;6100;E020306;;2026-09-23T09:00;10;4|9;
V04578;6100;E020306;;2026-09-23T09:10;10;4|9;
V04579;6100;E020306;;2026-09-23T09:20;10;4|9;
V04580;6100;E020306;;2026-09-23T09:30;10;4|9;
V04581;6100;E020306;;2026-09-23T09:40;10;4|9;
V04582;6100;E020306;;2026-09-23T09:50;10;4|9;
V04583;6100;E020306;;2026-09-23T10:00;10;4|9;AT003546
V04584;6100;E020306;;2026-09-23T10:10;10;4|9;
V04585;6100;E020306;;2026-09-23T10:20;10;4|9;
V04586;9610;H010101;;2026-09-23T08:30;240;1;AT003547
V04587;9610;H010101;;2026-09-23T13:30;240;1;AT003548
V04588;9610;H010102;;2026-09-23T08:30;240;1;AT003549
V04589;9610;H010102;;2026-09-23T13:30;240;1;AT003550
V04590;9610;H010103;;2026-09-23T08:30;240;1;AT003551
V04591;9610;H010103;;2026-09-23T13:30;240;1;AT003552
V04592;9610;H010104;;2026-09-23T08:30;240;1;AT003553
V04593;9610;H010104;;2026-09-23T13:30;240;1;
V04594;9602;A031903;U09;2026-09-23T09:00;30;3|1;
V04595;9602;A031903;U09;2026-09-23T09:30;30;3|1;AT001027
V04596;9602;A031903;U09;2026-09-23T10:00;30;3|1;
V04597;9602;A031903;U09;2026-09-23T10:30;30;3|1;
V04598;9602;A031903;U09;2026-09-23T11:00;30;3|1;
V04599;9602;A031903;U09;2026-09-23T11:30;30;3|1;
V04600;2102;A031708;U02;2026-09-24T08:30;20;22|23|7|5;AT000779
V04601;2102;A031708;U02;2026-09-24T08:50;20;22|23|7|5;AT000782
V04602;2102;A031708;U02;2026-09-24T09:10;20;22|23|7|5;AT000774
V04603;2102;A031708;U02;2026-09-24T09:30;20;22|23|7|5;AT000777
V04604;2102;A031708;U02;2026-09-24T09:50;20;22|23|7|5;
V04605;2102;A031708;U02;2026-09-24T10:10;20;22|23|7|5;AT000785
V04606;2102;A031708;U02;2026-09-24T10:30;20;22|23|7|5;AT003554
V04607;2102;A031708;U02;2026-09-24T10:50;20;22|23|7|5;AT003555
V04608;2102;A031708;U02;2026-09-24T11:10;20;22|23|7|5;AT003556
V04609;2102;A031708;U02;2026-09-24T11:30;20;22|23|7|5;AT003557
V04610;2102;A031708;U02;2026-09-24T11:50;20;22|23|7|5;
V04611;2102;A031708;U02;2026-09-24T12:10;20;22|23|7|5;
V04612;1300;A032101;U04;2026-09-24T09:00;40;1;AT003558
V04613;1300;A032101;U04;2026-09-24T09:40;40;1;AT003559
V04614;1300;A032101;U04;2026-09-24T10:20;20;2;AT003560
V04615;1300;A032101;U04;2026-09-24T10:40;20;2;AT003561
V04616;1300;A032101;U04;2026-09-24T11:00;20;2;AT003562
V04617;1300;A032101;U04;2026-09-24T11:20;20;2;AT003563
V04618;1300;A032101;U04;2026-09-24T11:40;20;2;AT003564
V04619;1300;A032101;U04;2026-09-24T12:00;20;2;AT003565
V04620;1300;A032101;U04;2026-09-24T12:20;20;2;AT003566
V04621;1300;A032101;U04;2026-09-24T12:40;20;2;AT003567
V04622;7000_2;A033403;;2026-09-24T08:00;20;1;AT003568
V04623;7000_2;A033403;;2026-09-24T08:20;20;1;AT003569
V04624;7000_2;A033403;;2026-09-24T08:40;20;1;AT001025
V04625;7000_2;A033403;;2026-09-24T09:00;20;1;AT003570
V04626;7000_2;A033403;;2026-09-24T09:20;20;1;AT003571
V04627;7000_2;A033403;;2026-09-24T09:40;20;1;AT003572
V04628;7000_2;A033403;;2026-09-24T10:00;20;1;AT003573
V04629;7000_2;A033403;;2026-09-24T10:20;20;1;AT003574
V04630;7000_2;A033403;;2026-09-24T10:40;20;1;AT003575
V04631;7000_2;A033403;;2026-09-24T11:00;20;1;AT003576
V04632;7000_2;A033403;;2026-09-24T11:20;20;1;AT003577
V04633;7000_2;A033403;;2026-09-24T11:40;20;1;AT003578
V04634;7000_2;A033403;;2026-09-24T12:00;20;1;AT003579
V04635;7000_2;A033403;;2026-09-24T12:20;20;1;AT003580
V04636;7000_2;A033403;;2026-09-24T12:40;20;1;AT003581
V04637;7000_2;A033403;;2026-09-24T13:00;20;1;AT003582
V04638;7000_2;A033403;;2026-09-24T13:20;20;1;AT003583
V04639;7000_2;A033403;;2026-09-24T13:40;20;1;AT003584
V04640;7000_2;A033403;;2026-09-24T14:00;20;1;AT003585
V04641;7000_2;A033403;;2026-09-24T14:20;20;1;AT003586
V04642;7000_2;A033403;;2026-09-24T14:40;20;1;AT003587
V04643;7000_2;A033403;;2026-09-24T15:00;20;1;AT003588
V04644;7000_2;A033403;;2026-09-24T15:20;20;1;AT003589
V04645;7000_2;A033403;;2026-09-24T15:40;20;1;AT003590
V04646;7000_3;A033410;;2026-09-24T09:00;20;1;
V04647;7000_3;A033410;;2026-09-24T09:20;20;1;AT003591
V04648;7000_3;A033410;;2026-09-24T09:40;20;1;
V04649;7000_3;A033410;;2026-09-24T10:00;20;1;
V04650;7000_3;A033410;;2026-09-24T10:20;20;1;
V04651;7000_3;A033410;;2026-09-24T10:40;20;1;
V04652;7000_3;A033410;;2026-09-24T11:00;20;1;
V04653;7000_3;A033410;;2026-09-24T11:20;20;1;AT003592
V04654;7000_3;A033410;;2026-09-24T11:40;20;1;AT003593
V04655;7000_3;A033410;;2026-09-24T12:00;20;1;AT003594
V04656;7000_3;A033410;;2026-09-24T12:20;20;1;AT003595
V04657;7000_3;A033410;;2026-09-24T12:40;20;1;AT003596
V04658;6100;E020305;;2026-09-24T07:30;10;4|9;
V04659;6100;E020305;;2026-09-24T07:40;10;4|9;
V04660;6100;E020305;;2026-09-24T07:50;10;4|9;
V04661;6100;E020305;;2026-09-24T08:00;10;4|9;
V04662;6100;E020305;;2026-09-24T08:10;10;4|9;
V04663;6100;E020305;;2026-09-24T08:20;10;4|9;
V04664;6100;E020305;;2026-09-24T08:30;10;4|9;AT003597
V04665;6100;E020305;;2026-09-24T08:40;10;4|9;
V04666;6100;E020305;;2026-09-24T08:50;10;4|9;
V04667;6100;E020305;;2026-09-24T09:00;10;4|9;AT003598
V04668;6100;E020305;;2026-09-24T09:10;10;4|9;
V04669;6100;E020305;;2026-09-24T09:20;10;4|9;AT003599
V04670;6100;E020305;;2026-09-24T09:30;10;4|9;
V04671;6100;E020305;;2026-09-24T09:40;10;4|9;
V04672;6100;E020305;;2026-09-24T09:50;10;4|9;AT003600
V04673;6100;E020305;;2026-09-24T10:00;10;4|9;AT003601
V04674;6100;E020305;;2026-09-24T10:10;10;4|9;
V04675;6100;E020305;;2026-09-24T10:20;10;4|9;
V04676;6100;E020306;;2026-09-24T07:30;10;4|9;
V04677;6100;E020306;;2026-09-24T07:40;10;4|9;
V04678;6100;E020306;;2026-09-24T07:50;10;4|9;
V04679;6100;E020306;;2026-09-24T08:00;10;4|9;AT003602
V04680;6100;E020306;;2026-09-24T08:10;10;4|9;AT003603
V04681;6100;E020306;;2026-09-24T08:20;10;4|9;AT003604
V04682;6100;E020306;;2026-09-24T08:30;10;4|9;
V04683;6100;E020306;;2026-09-24T08:40;10;4|9;AT003605
V04684;6100;E020306;;2026-09-24T08:50;10;4|9;
V04685;6100;E020306;;2026-09-24T09:00;10;4|9;
V04686;6100;E020306;;2026-09-24T09:10;10;4|9;
V04687;6100;E020306;;2026-09-24T09:20;10;4|9;
V04688;6100;E020306;;2026-09-24T09:30;10;4|9;
V04689;6100;E020306;;2026-09-24T09:40;10;4|9;AT003606
V04690;6100;E020306;;2026-09-24T09:50;10;4|9;
V04691;6100;E020306;;2026-09-24T10:00;10;4|9;AT003607
V04692;6100;E020306;;2026-09-24T10:10;10;4|9;
V04693;6100;E020306;;2026-09-24T10:20;10;4|9;AT003608
V04694;9610;H010101;;2026-09-24T08:30;240;1;AT003609
V04695;9610;H010101;;2026-09-24T13:30;240;1;AT003610
V04696;9610;H010102;;2026-09-24T08:30;240;1;AT003611
V04697;9610;H010102;;2026-09-24T13:30;240;1;AT003612
V04698;9610;H010103;;2026-09-24T08:30;240;1;AT003613
V04699;9610;H010103;;2026-09-24T13:30;240;1;
V04700;9610;H010104;;2026-09-24T08:30;240;1;AT003614
V04701;9610;H010104;;2026-09-24T13:30;240;1;AT003615
V04702;9602;A031903;U09;2026-09-24T09:00;30;3|1;
V04703;9602;A031903;U09;2026-09-24T09:30;30;3|1;
V04704;9602;A031903;U09;2026-09-24T10:00;30;3|1;AT003616
V04705;9602;A031903;U09;2026-09-24T10:30;30;3|1;
V04706;9602;A031903;U09;2026-09-24T11:00;30;3|1;AT003617
V04707;9602;A031903;U09;2026-09-24T11:30;30;3|1;
V04708;2102;A031707;U01;2026-09-25T08:30;20;22|23|7|5;AT000766
V04709;2102;A031707;U01;2026-09-25T08:50;20;22|23|7|5;AT000803
V04710;2102;A031707;U01;2026-09-25T09:10;20;22|23|7|5;AT000800
V04711;2102;A031707;U01;2026-09-25T09:30;20;22|23|7|5;AT000807
V04712;2102;A031707;U01;2026-09-25T09:50;20;22|23|7|5;AT003618
V04713;2102;A031707;U01;2026-09-25T10:10;20;22|23|7|5;
V04714;2102;A031707;U01;2026-09-25T10:30;20;22|23|7|5;
V04715;2102;A031707;U01;2026-09-25T10:50;20;22|23|7|5;AT003619
V04716;2102;A031707;U01;2026-09-25T11:10;20;22|23|7|5;AT003620
V04717;2102;A031707;U01;2026-09-25T11:30;20;22|23|7|5;AT003621
V04718;2102;A031707;U01;2026-09-25T11:50;20;22|23|7|5;
V04719;2102;A031707;U01;2026-09-25T12:10;20;22|23|7|5;
V04720;1300;A032102;U05;2026-09-25T09:00;40;1;AT003622
V04721;1300;A032102;U05;2026-09-25T09:40;40;1;
V04722;1300;A032102;U05;2026-09-25T10:20;20;2;AT003623
V04723;1300;A032102;U05;2026-09-25T10:40;20;2;AT003624
V04724;1300;A032102;U05;2026-09-25T11:00;20;2;
V04725;1300;A032102;U05;2026-09-25T11:20;20;2;
V04726;1300;A032102;U05;2026-09-25T11:40;20;2;AT003625
V04727;1300;A032102;U05;2026-09-25T12:00;20;2;AT003626
V04728;1300;A032102;U05;2026-09-25T12:20;20;2;AT003627
V04729;1300;A032102;U05;2026-09-25T12:40;20;2;
V04730;7000_2;A033403;;2026-09-25T08:00;20;1;AT003628
V04731;7000_2;A033403;;2026-09-25T08:20;20;1;AT003629
V04732;7000_2;A033403;;2026-09-25T08:40;20;1;AT003630
V04733;7000_2;A033403;;2026-09-25T09:00;20;1;AT003631
V04734;7000_2;A033403;;2026-09-25T09:20;20;1;AT003632
V04735;7000_2;A033403;;2026-09-25T09:40;20;1;AT003633
V04736;7000_2;A033403;;2026-09-25T10:00;20;1;AT003634
V04737;7000_2;A033403;;2026-09-25T10:20;20;1;AT003635
V04738;7000_2;A033403;;2026-09-25T10:40;20;1;AT003636
V04739;7000_2;A033403;;2026-09-25T11:00;20;1;AT003637
V04740;7000_2;A033403;;2026-09-25T11:20;20;1;AT003638
V04741;7000_2;A033403;;2026-09-25T11:40;20;1;AT003639
V04742;7000_2;A033403;;2026-09-25T12:00;20;1;AT003640
V04743;7000_2;A033403;;2026-09-25T12:20;20;1;AT003641
V04744;7000_2;A033403;;2026-09-25T12:40;20;1;AT003642
V04745;7000_2;A033403;;2026-09-25T13:00;20;1;AT003643
V04746;7000_2;A033403;;2026-09-25T13:20;20;1;AT003644
V04747;7000_2;A033403;;2026-09-25T13:40;20;1;AT003645
V04748;7000_2;A033403;;2026-09-25T14:00;20;1;AT003646
V04749;7000_2;A033403;;2026-09-25T14:20;20;1;AT003647
V04750;7000_2;A033403;;2026-09-25T14:40;20;1;AT003648
V04751;7000_2;A033403;;2026-09-25T15:00;20;1;AT003649
V04752;7000_2;A033403;;2026-09-25T15:20;20;1;AT003650
V04753;7000_2;A033403;;2026-09-25T15:40;20;1;AT003651
V04754;7000_3;A033410;;2026-09-25T09:00;20;1;
V04755;7000_3;A033410;;2026-09-25T09:20;20;1;
V04756;7000_3;A033410;;2026-09-25T09:40;20;1;AT003652
V04757;7000_3;A033410;;2026-09-25T10:00;20;1;
V04758;7000_3;A033410;;2026-09-25T10:20;20;1;AT003653
V04759;7000_3;A033410;;2026-09-25T10:40;20;1;AT003654
V04760;7000_3;A033410;;2026-09-25T11:00;20;1;
V04761;7000_3;A033410;;2026-09-25T11:20;20;1;AT003655
V04762;7000_3;A033410;;2026-09-25T11:40;20;1;AT003656
V04763;7000_3;A033410;;2026-09-25T12:00;20;1;AT003657
V04764;7000_3;A033410;;2026-09-25T12:20;20;1;AT003658
V04765;7000_3;A033410;;2026-09-25T12:40;20;1;
V04766;6100;E020305;;2026-09-25T07:30;10;4|9;
V04767;6100;E020305;;2026-09-25T07:40;10;4|9;
V04768;6100;E020305;;2026-09-25T07:50;10;4|9;
V04769;6100;E020305;;2026-09-25T08:00;10;4|9;
V04770;6100;E020305;;2026-09-25T08:10;10;4|9;AT000460
V04771;6100;E020305;;2026-09-25T08:20;10;4|9;
V04772;6100;E020305;;2026-09-25T08:30;10;4|9;
V04773;6100;E020305;;2026-09-25T08:40;10;4|9;
V04774;6100;E020305;;2026-09-25T08:50;10;4|9;AT003659
V04775;6100;E020305;;2026-09-25T09:00;10;4|9;AT003660
V04776;6100;E020305;;2026-09-25T09:10;10;4|9;
V04777;6100;E020305;;2026-09-25T09:20;10;4|9;
V04778;6100;E020305;;2026-09-25T09:30;10;4|9;AT003661
V04779;6100;E020305;;2026-09-25T09:40;10;4|9;AT003662
V04780;6100;E020305;;2026-09-25T09:50;10;4|9;
V04781;6100;E020305;;2026-09-25T10:00;10;4|9;AT003663
V04782;6100;E020305;;2026-09-25T10:10;10;4|9;
V04783;6100;E020305;;2026-09-25T10:20;10;4|9;AT003664
V04784;6100;E020306;;2026-09-25T07:30;10;4|9;
V04785;6100;E020306;;2026-09-25T07:40;10;4|9;
V04786;6100;E020306;;2026-09-25T07:50;10;4|9;
V04787;6100;E020306;;2026-09-25T08:00;10;4|9;
V04788;6100;E020306;;2026-09-25T08:10;10;4|9;
V04789;6100;E020306;;2026-09-25T08:20;10;4|9;AT003665
V04790;6100;E020306;;2026-09-25T08:30;10;4|9;AT003666
V04791;6100;E020306;;2026-09-25T08:40;10;4|9;AT003667
V04792;6100;E020306;;2026-09-25T08:50;10;4|9;
V04793;6100;E020306;;2026-09-25T09:00;10;4|9;
V04794;6100;E020306;;2026-09-25T09:10;10;4|9;
V04795;6100;E020306;;2026-09-25T09:20;10;4|9;AT003668
V04796;6100;E020306;;2026-09-25T09:30;10;4|9;AT003669
V04797;6100;E020306;;2026-09-25T09:40;10;4|9;AT003670
V04798;6100;E020306;;2026-09-25T09:50;10;4|9;AT003671
V04799;6100;E020306;;2026-09-25T10:00;10;4|9;AT003672
V04800;6100;E020306;;2026-09-25T10:10;10;4|9;
V04801;6100;E020306;;2026-09-25T10:20;10;4|9;AT003673
V04802;9610;H010101;;2026-09-25T08:30;240;1;
V04803;9610;H010101;;2026-09-25T13:30;240;1;AT003674
V04804;9610;H010102;;2026-09-25T08:30;240;1;
V04805;9610;H010102;;2026-09-25T13:30;240;1;AT003675
V04806;9610;H010103;;2026-09-25T08:30;240;1;AT003676
V04807;9610;H010103;;2026-09-25T13:30;240;1;
V04808;9610;H010104;;2026-09-25T08:30;240;1;AT003677
V04809;9610;H010104;;2026-09-25T13:30;240;1;AT003678
V04810;9602;A031903;U09;2026-09-25T09:00;30;3|1;
V04811;9602;A031903;U09;2026-09-25T09:30;30;3|1;
V04812;9602;A031903;U09;2026-09-25T10:00;30;3|1;
V04813;9602;A031903;U09;2026-09-25T10:30;30;3|1;AT003679
V04814;9602;A031903;U09;2026-09-25T11:00;30;3|1;
V04815;9602;A031903;U09;2026-09-25T11:30;30;3|1;AT003680
V04816;2102;A031707;U01;2026-09-28T08:30;20;22|23|7|5;AT000829
V04817;2102;A031707;U01;2026-09-28T08:50;20;22|23|7|5;AT000819
V04818;2102;A031707;U01;2026-09-28T09:10;20;22|23|7|5;AT000824
V04819;2102;A031707;U01;2026-09-28T09:30;20;22|23|7|5;AT000013
V04820;2102;A031707;U01;2026-09-28T09:50;20;22|23|7|5;AT000821
V04821;2102;A031707;U01;2026-09-28T10:10;20;22|23|7|5;AT003681
V04822;2102;A031707;U01;2026-09-28T10:30;20;22|23|7|5;AT000833
V04823;2102;A031707;U01;2026-09-28T10:50;20;22|23|7|5;
V04824;2102;A031707;U01;2026-09-28T11:10;20;22|23|7|5;
V04825;2102;A031707;U01;2026-09-28T11:30;20;22|23|7|5;
V04826;2102;A031707;U01;2026-09-28T11:50;20;22|23|7|5;AT003682
V04827;2102;A031707;U01;2026-09-28T12:10;20;22|23|7|5;
V04828;1300;A032101;U04;2026-09-28T09:00;40;1;AT003683
V04829;1300;A032101;U04;2026-09-28T09:40;40;1;AT000830
V04830;1300;A032101;U04;2026-09-28T10:20;20;2;AT003684
V04831;1300;A032101;U04;2026-09-28T10:40;20;2;
V04832;1300;A032101;U04;2026-09-28T11:00;20;2;AT003685
V04833;1300;A032101;U04;2026-09-28T11:20;20;2;AT003686
V04834;1300;A032101;U04;2026-09-28T11:40;20;2;
V04835;1300;A032101;U04;2026-09-28T12:00;20;2;AT003687
V04836;1300;A032101;U04;2026-09-28T12:20;20;2;
V04837;1300;A032101;U04;2026-09-28T12:40;20;2;AT003688
V04838;7000_2;A033403;;2026-09-28T08:00;20;1;AT000461
V04839;7000_2;A033403;;2026-09-28T08:20;20;1;AT000788
V04840;7000_2;A033403;;2026-09-28T08:40;20;1;AT003689
V04841;7000_2;A033403;;2026-09-28T09:00;20;1;AT003690
V04842;7000_2;A033403;;2026-09-28T09:20;20;1;AT003691
V04843;7000_2;A033403;;2026-09-28T09:40;20;1;AT003692
V04844;7000_2;A033403;;2026-09-28T10:00;20;1;AT003693
V04845;7000_2;A033403;;2026-09-28T10:20;20;1;AT003694
V04846;7000_2;A033403;;2026-09-28T10:40;20;1;AT003695
V04847;7000_2;A033403;;2026-09-28T11:00;20;1;AT003696
V04848;7000_2;A033403;;2026-09-28T11:20;20;1;AT003697
V04849;7000_2;A033403;;2026-09-28T11:40;20;1;AT003698
V04850;7000_2;A033403;;2026-09-28T12:00;20;1;AT003699
V04851;7000_2;A033403;;2026-09-28T12:20;20;1;AT003700
V04852;7000_2;A033403;;2026-09-28T12:40;20;1;AT003701
V04853;7000_2;A033403;;2026-09-28T13:00;20;1;AT003702
V04854;7000_2;A033403;;2026-09-28T13:20;20;1;AT003703
V04855;7000_2;A033403;;2026-09-28T13:40;20;1;AT003704
V04856;7000_2;A033403;;2026-09-28T14:00;20;1;AT003705
V04857;7000_2;A033403;;2026-09-28T14:20;20;1;AT003706
V04858;7000_2;A033403;;2026-09-28T14:40;20;1;AT003707
V04859;7000_2;A033403;;2026-09-28T15:00;20;1;AT003708
V04860;7000_2;A033403;;2026-09-28T15:20;20;1;AT003709
V04861;7000_2;A033403;;2026-09-28T15:40;20;1;AT003710
V04862;7000_3;A033410;;2026-09-28T09:00;20;1;
V04863;7000_3;A033410;;2026-09-28T09:20;20;1;
V04864;7000_3;A033410;;2026-09-28T09:40;20;1;AT003711
V04865;7000_3;A033410;;2026-09-28T10:00;20;1;AT003712
V04866;7000_3;A033410;;2026-09-28T10:20;20;1;AT003713
V04867;7000_3;A033410;;2026-09-28T10:40;20;1;AT003714
V04868;7000_3;A033410;;2026-09-28T11:00;20;1;AT003715
V04869;7000_3;A033410;;2026-09-28T11:20;20;1;AT003716
V04870;7000_3;A033410;;2026-09-28T11:40;20;1;AT003717
V04871;7000_3;A033410;;2026-09-28T12:00;20;1;AT003718
V04872;7000_3;A033410;;2026-09-28T12:20;20;1;AT003719
V04873;7000_3;A033410;;2026-09-28T12:40;20;1;AT003720
V04874;6100;E020305;;2026-09-28T07:30;10;4|9;AT000843
V04875;6100;E020305;;2026-09-28T07:40;10;4|9;
V04876;6100;E020305;;2026-09-28T07:50;10;4|9;AT003721
V04877;6100;E020305;;2026-09-28T08:00;10;4|9;AT003722
V04878;6100;E020305;;2026-09-28T08:10;10;4|9;AT003723
V04879;6100;E020305;;2026-09-28T08:20;10;4|9;AT003724
V04880;6100;E020305;;2026-09-28T08:30;10;4|9;
V04881;6100;E020305;;2026-09-28T08:40;10;4|9;AT003725
V04882;6100;E020305;;2026-09-28T08:50;10;4|9;
V04883;6100;E020305;;2026-09-28T09:00;10;4|9;AT003726
V04884;6100;E020305;;2026-09-28T09:10;10;4|9;
V04885;6100;E020305;;2026-09-28T09:20;10;4|9;
V04886;6100;E020305;;2026-09-28T09:30;10;4|9;AT003727
V04887;6100;E020305;;2026-09-28T09:40;10;4|9;
V04888;6100;E020305;;2026-09-28T09:50;10;4|9;AT003728
V04889;6100;E020305;;2026-09-28T10:00;10;4|9;AT003729
V04890;6100;E020305;;2026-09-28T10:10;10;4|9;AT003730
V04891;6100;E020305;;2026-09-28T10:20;10;4|9;AT003731
V04892;6100;E020306;;2026-09-28T07:30;10;4|9;AT000417
V04893;6100;E020306;;2026-09-28T07:40;10;4|9;
V04894;6100;E020306;;2026-09-28T07:50;10;4|9;AT003732
V04895;6100;E020306;;2026-09-28T08:00;10;4|9;AT003733
V04896;6100;E020306;;2026-09-28T08:10;10;4|9;
V04897;6100;E020306;;2026-09-28T08:20;10;4|9;
V04898;6100;E020306;;2026-09-28T08:30;10;4|9;
V04899;6100;E020306;;2026-09-28T08:40;10;4|9;
V04900;6100;E020306;;2026-09-28T08:50;10;4|9;AT003734
V04901;6100;E020306;;2026-09-28T09:00;10;4|9;AT003735
V04902;6100;E020306;;2026-09-28T09:10;10;4|9;AT003736
V04903;6100;E020306;;2026-09-28T09:20;10;4|9;
V04904;6100;E020306;;2026-09-28T09:30;10;4|9;AT003737
V04905;6100;E020306;;2026-09-28T09:40;10;4|9;AT003738
V04906;6100;E020306;;2026-09-28T09:50;10;4|9;AT003739
V04907;6100;E020306;;2026-09-28T10:00;10;4|9;
V04908;6100;E020306;;2026-09-28T10:10;10;4|9;
V04909;6100;E020306;;2026-09-28T10:20;10;4|9;AT003740
V04910;9610;H010101;;2026-09-28T08:30;240;1;AT003741
V04911;9610;H010101;;2026-09-28T13:30;240;1;AT003742
V04912;9610;H010102;;2026-09-28T08:30;240;1;
V04913;9610;H010102;;2026-09-28T13:30;240;1;
V04914;9610;H010103;;2026-09-28T08:30;240;1;AT003743
V04915;9610;H010103;;2026-09-28T13:30;240;1;
V04916;9610;H010104;;2026-09-28T08:30;240;1;
V04917;9610;H010104;;2026-09-28T13:30;240;1;AT003744
V04918;9602;A031903;U09;2026-09-28T09:00;30;3|1;
V04919;9602;A031903;U09;2026-09-28T09:30;30;3|1;
V04920;9602;A031903;U09;2026-09-28T10:00;30;3|1;
V04921;9602;A031903;U09;2026-09-28T10:30;30;3|1;
V04922;9602;A031903;U09;2026-09-28T11:00;30;3|1;
V04923;9602;A031903;U09;2026-09-28T11:30;30;3|1;
V04924;2102;A031708;U02;2026-09-29T08:30;20;22|23|7|5;AT000497
V04925;2102;A031708;U02;2026-09-29T08:50;20;22|23|7|5;AT000841
V04926;2102;A031708;U02;2026-09-29T09:10;20;22|23|7|5;AT000849
V04927;2102;A031708;U02;2026-09-29T09:30;20;22|23|7|5;AT000852
V04928;2102;A031708;U02;2026-09-29T09:50;20;22|23|7|5;AT003745
V04929;2102;A031708;U02;2026-09-29T10:10;20;22|23|7|5;AT003746
V04930;2102;A031708;U02;2026-09-29T10:30;20;22|23|7|5;AT003747
V04931;2102;A031708;U02;2026-09-29T10:50;20;22|23|7|5;AT003748
V04932;2102;A031708;U02;2026-09-29T11:10;20;22|23|7|5;AT003749
V04933;2102;A031708;U02;2026-09-29T11:30;20;22|23|7|5;AT003750
V04934;2102;A031708;U02;2026-09-29T11:50;20;22|23|7|5;AT003751
V04935;2102;A031708;U02;2026-09-29T12:10;20;22|23|7|5;
V04936;1300;A032102;U05;2026-09-29T09:00;40;1;AT003752
V04937;1300;A032102;U05;2026-09-29T09:40;40;1;AT003753
V04938;1300;A032102;U05;2026-09-29T10:20;20;2;
V04939;1300;A032102;U05;2026-09-29T10:40;20;2;AT003754
V04940;1300;A032102;U05;2026-09-29T11:00;20;2;AT003755
V04941;1300;A032102;U05;2026-09-29T11:20;20;2;
V04942;1300;A032102;U05;2026-09-29T11:40;20;2;
V04943;1300;A032102;U05;2026-09-29T12:00;20;2;
V04944;1300;A032102;U05;2026-09-29T12:20;20;2;AT003756
V04945;1300;A032102;U05;2026-09-29T12:40;20;2;AT003757
V04946;7000_2;A033403;;2026-09-29T08:00;20;1;AT003758
V04947;7000_2;A033403;;2026-09-29T08:20;20;1;AT003759
V04948;7000_2;A033403;;2026-09-29T08:40;20;1;AT003760
V04949;7000_2;A033403;;2026-09-29T09:00;20;1;AT003761
V04950;7000_2;A033403;;2026-09-29T09:20;20;1;AT003762
V04951;7000_2;A033403;;2026-09-29T09:40;20;1;AT003763
V04952;7000_2;A033403;;2026-09-29T10:00;20;1;AT003764
V04953;7000_2;A033403;;2026-09-29T10:20;20;1;AT003765
V04954;7000_2;A033403;;2026-09-29T10:40;20;1;AT003766
V04955;7000_2;A033403;;2026-09-29T11:00;20;1;AT003767
V04956;7000_2;A033403;;2026-09-29T11:20;20;1;AT003768
V04957;7000_2;A033403;;2026-09-29T11:40;20;1;AT003769
V04958;7000_2;A033403;;2026-09-29T12:00;20;1;AT003770
V04959;7000_2;A033403;;2026-09-29T12:20;20;1;AT003771
V04960;7000_2;A033403;;2026-09-29T12:40;20;1;AT003772
V04961;7000_2;A033403;;2026-09-29T13:00;20;1;AT003773
V04962;7000_2;A033403;;2026-09-29T13:20;20;1;AT003774
V04963;7000_2;A033403;;2026-09-29T13:40;20;1;AT003775
V04964;7000_2;A033403;;2026-09-29T14:00;20;1;AT003776
V04965;7000_2;A033403;;2026-09-29T14:20;20;1;AT003777
V04966;7000_2;A033403;;2026-09-29T14:40;20;1;AT003778
V04967;7000_2;A033403;;2026-09-29T15:00;20;1;AT003779
V04968;7000_2;A033403;;2026-09-29T15:20;20;1;AT003780
V04969;7000_2;A033403;;2026-09-29T15:40;20;1;AT003781
V04970;7000_3;A033410;;2026-09-29T09:00;20;1;AT003782
V04971;7000_3;A033410;;2026-09-29T09:20;20;1;
V04972;7000_3;A033410;;2026-09-29T09:40;20;1;AT003783
V04973;7000_3;A033410;;2026-09-29T10:00;20;1;AT003784
V04974;7000_3;A033410;;2026-09-29T10:20;20;1;AT003785
V04975;7000_3;A033410;;2026-09-29T10:40;20;1;
V04976;7000_3;A033410;;2026-09-29T11:00;20;1;AT003786
V04977;7000_3;A033410;;2026-09-29T11:20;20;1;AT003787
V04978;7000_3;A033410;;2026-09-29T11:40;20;1;AT003788
V04979;7000_3;A033410;;2026-09-29T12:00;20;1;AT003789
V04980;7000_3;A033410;;2026-09-29T12:20;20;1;AT003790
V04981;7000_3;A033410;;2026-09-29T12:40;20;1;AT003791
V04982;6100;E020305;;2026-09-29T07:30;10;4|9;AT003792
V04983;6100;E020305;;2026-09-29T07:40;10;4|9;
V04984;6100;E020305;;2026-09-29T07:50;10;4|9;
V04985;6100;E020305;;2026-09-29T08:00;10;4|9;AT003793
V04986;6100;E020305;;2026-09-29T08:10;10;4|9;
V04987;6100;E020305;;2026-09-29T08:20;10;4|9;
V04988;6100;E020305;;2026-09-29T08:30;10;4|9;
V04989;6100;E020305;;2026-09-29T08:40;10;4|9;AT003794
V04990;6100;E020305;;2026-09-29T08:50;10;4|9;AT003795
V04991;6100;E020305;;2026-09-29T09:00;10;4|9;
V04992;6100;E020305;;2026-09-29T09:10;10;4|9;AT003796
V04993;6100;E020305;;2026-09-29T09:20;10;4|9;AT003797
V04994;6100;E020305;;2026-09-29T09:30;10;4|9;AT003798
V04995;6100;E020305;;2026-09-29T09:40;10;4|9;AT003799
V04996;6100;E020305;;2026-09-29T09:50;10;4|9;
V04997;6100;E020305;;2026-09-29T10:00;10;4|9;AT003800
V04998;6100;E020305;;2026-09-29T10:10;10;4|9;AT003801
V04999;6100;E020305;;2026-09-29T10:20;10;4|9;AT003802
V05000;6100;E020306;;2026-09-29T07:30;10;4|9;AT003803
V05001;6100;E020306;;2026-09-29T07:40;10;4|9;AT003804
V05002;6100;E020306;;2026-09-29T07:50;10;4|9;AT003805
V05003;6100;E020306;;2026-09-29T08:00;10;4|9;AT003806
V05004;6100;E020306;;2026-09-29T08:10;10;4|9;
V05005;6100;E020306;;2026-09-29T08:20;10;4|9;AT003807
V05006;6100;E020306;;2026-09-29T08:30;10;4|9;AT003808
V05007;6100;E020306;;2026-09-29T08:40;10;4|9;AT003809
V05008;6100;E020306;;2026-09-29T08:50;10;4|9;AT003810
V05009;6100;E020306;;2026-09-29T09:00;10;4|9;AT003811
V05010;6100;E020306;;2026-09-29T09:10;10;4|9;
V05011;6100;E020306;;2026-09-29T09:20;10;4|9;
V05012;6100;E020306;;2026-09-29T09:30;10;4|9;
V05013;6100;E020306;;2026-09-29T09:40;10;4|9;
V05014;6100;E020306;;2026-09-29T09:50;10;4|9;
V05015;6100;E020306;;2026-09-29T10:00;10;4|9;AT003812
V05016;6100;E020306;;2026-09-29T10:10;10;4|9;
V05017;6100;E020306;;2026-09-29T10:20;10;4|9;AT003813
V05018;9610;H010101;;2026-09-29T08:30;240;1;
V05019;9610;H010101;;2026-09-29T13:30;240;1;
V05020;9610;H010102;;2026-09-29T08:30;240;1;
V05021;9610;H010102;;2026-09-29T13:30;240;1;
V05022;9610;H010103;;2026-09-29T08:30;240;1;AT003814
V05023;9610;H010103;;2026-09-29T13:30;240;1;AT003815
V05024;9610;H010104;;2026-09-29T08:30;240;1;AT003816
V05025;9610;H010104;;2026-09-29T13:30;240;1;
V05026;9602;A031903;U09;2026-09-29T09:00;30;3|1;AT003817
V05027;9602;A031903;U09;2026-09-29T09:30;30;3|1;
V05028;9602;A031903;U09;2026-09-29T10:00;30;3|1;
V05029;9602;A031903;U09;2026-09-29T10:30;30;3|1;
V05030;9602;A031903;U09;2026-09-29T11:00;30;3|1;AT003818
V05031;9602;A031903;U09;2026-09-29T11:30;30;3|1;
V05032;2102;A031707;U01;2026-09-30T08:30;20;22|23|7|5;AT000858
V05033;2102;A031707;U01;2026-09-30T08:50;20;22|23|7|5;AT000861
V05034;2102;A031707;U01;2026-09-30T09:10;20;22|23|7|5;AT000866
V05035;2102;A031707;U01;2026-09-30T09:30;20;22|23|7|5;AT000871
V05036;2102;A031707;U01;2026-09-30T09:50;20;22|23|7|5;AT003819
V05037;2102;A031707;U01;2026-09-30T10:10;20;22|23|7|5;AT003820
V05038;2102;A031707;U01;2026-09-30T10:30;20;22|23|7|5;
V05039;2102;A031707;U01;2026-09-30T10:50;20;22|23|7|5;AT003821
V05040;2102;A031707;U01;2026-09-30T11:10;20;22|23|7|5;AT003822
V05041;2102;A031707;U01;2026-09-30T11:30;20;22|23|7|5;AT003823
V05042;2102;A031707;U01;2026-09-30T11:50;20;22|23|7|5;
V05043;2102;A031707;U01;2026-09-30T12:10;20;22|23|7|5;AT003824
V05044;2300;A032501;U06;2026-09-30T09:00;40;1;
V05045;2300;A032501;U06;2026-09-30T09:40;40;1;AT003825
V05046;2300;A032501;U06;2026-09-30T10:20;40;1;
V05047;2300;A032501;U06;2026-09-30T11:00;40;1;AT003826
V05048;2300;A032501;U06;2026-09-30T11:40;40;1;AT003827
V05049;7000_2;A033403;;2026-09-30T08:00;20;1;AT003828
V05050;7000_2;A033403;;2026-09-30T08:20;20;1;AT003829
V05051;7000_2;A033403;;2026-09-30T08:40;20;1;AT003830
V05052;7000_2;A033403;;2026-09-30T09:00;20;1;AT003831
V05053;7000_2;A033403;;2026-09-30T09:20;20;1;AT003832
V05054;7000_2;A033403;;2026-09-30T09:40;20;1;AT003833
V05055;7000_2;A033403;;2026-09-30T10:00;20;1;AT003834
V05056;7000_2;A033403;;2026-09-30T10:20;20;1;AT003835
V05057;7000_2;A033403;;2026-09-30T10:40;20;1;AT003836
V05058;7000_2;A033403;;2026-09-30T11:00;20;1;AT003837
V05059;7000_2;A033403;;2026-09-30T11:20;20;1;AT003838
V05060;7000_2;A033403;;2026-09-30T11:40;20;1;AT003839
V05061;7000_2;A033403;;2026-09-30T12:00;20;1;AT003840
V05062;7000_2;A033403;;2026-09-30T12:20;20;1;AT003841
V05063;7000_2;A033403;;2026-09-30T12:40;20;1;AT003842
V05064;7000_2;A033403;;2026-09-30T13:00;20;1;AT003843
V05065;7000_2;A033403;;2026-09-30T13:20;20;1;AT003844
V05066;7000_2;A033403;;2026-09-30T13:40;20;1;AT003845
V05067;7000_2;A033403;;2026-09-30T14:00;20;1;AT003846
V05068;7000_2;A033403;;2026-09-30T14:20;20;1;AT003847
V05069;7000_2;A033403;;2026-09-30T14:40;20;1;AT003848
V05070;7000_2;A033403;;2026-09-30T15:00;20;1;AT003849
V05071;7000_2;A033403;;2026-09-30T15:20;20;1;AT003850
V05072;7000_2;A033403;;2026-09-30T15:40;20;1;AT003851
V05073;7000_3;A033410;;2026-09-30T09:00;20;1;AT003852
V05074;7000_3;A033410;;2026-09-30T09:20;20;1;AT003853
V05075;7000_3;A033410;;2026-09-30T09:40;20;1;
V05076;7000_3;A033410;;2026-09-30T10:00;20;1;
V05077;7000_3;A033410;;2026-09-30T10:20;20;1;AT003854
V05078;7000_3;A033410;;2026-09-30T10:40;20;1;
V05079;7000_3;A033410;;2026-09-30T11:00;20;1;AT003855
V05080;7000_3;A033410;;2026-09-30T11:20;20;1;
V05081;7000_3;A033410;;2026-09-30T11:40;20;1;AT003856
V05082;7000_3;A033410;;2026-09-30T12:00;20;1;
V05083;7000_3;A033410;;2026-09-30T12:20;20;1;AT003857
V05084;7000_3;A033410;;2026-09-30T12:40;20;1;AT003858
V05085;6100;E020305;;2026-09-30T07:30;10;4|9;AT003859
V05086;6100;E020305;;2026-09-30T07:40;10;4|9;AT003860
V05087;6100;E020305;;2026-09-30T07:50;10;4|9;AT003861
V05088;6100;E020305;;2026-09-30T08:00;10;4|9;AT003862
V05089;6100;E020305;;2026-09-30T08:10;10;4|9;AT003863
V05090;6100;E020305;;2026-09-30T08:20;10;4|9;
V05091;6100;E020305;;2026-09-30T08:30;10;4|9;AT003864
V05092;6100;E020305;;2026-09-30T08:40;10;4|9;AT003865
V05093;6100;E020305;;2026-09-30T08:50;10;4|9;
V05094;6100;E020305;;2026-09-30T09:00;10;4|9;
V05095;6100;E020305;;2026-09-30T09:10;10;4|9;AT003866
V05096;6100;E020305;;2026-09-30T09:20;10;4|9;AT003867
V05097;6100;E020305;;2026-09-30T09:30;10;4|9;AT003868
V05098;6100;E020305;;2026-09-30T09:40;10;4|9;AT003869
V05099;6100;E020305;;2026-09-30T09:50;10;4|9;
V05100;6100;E020305;;2026-09-30T10:00;10;4|9;
V05101;6100;E020305;;2026-09-30T10:10;10;4|9;AT003870
V05102;6100;E020305;;2026-09-30T10:20;10;4|9;AT003871
V05103;6100;E020306;;2026-09-30T07:30;10;4|9;AT003872
V05104;6100;E020306;;2026-09-30T07:40;10;4|9;AT003873
V05105;6100;E020306;;2026-09-30T07:50;10;4|9;AT003874
V05106;6100;E020306;;2026-09-30T08:00;10;4|9;
V05107;6100;E020306;;2026-09-30T08:10;10;4|9;
V05108;6100;E020306;;2026-09-30T08:20;10;4|9;
V05109;6100;E020306;;2026-09-30T08:30;10;4|9;
V05110;6100;E020306;;2026-09-30T08:40;10;4|9;AT003875
V05111;6100;E020306;;2026-09-30T08:50;10;4|9;
V05112;6100;E020306;;2026-09-30T09:00;10;4|9;AT003876
V05113;6100;E020306;;2026-09-30T09:10;10;4|9;
V05114;6100;E020306;;2026-09-30T09:20;10;4|9;AT003877
V05115;6100;E020306;;2026-09-30T09:30;10;4|9;
V05116;6100;E020306;;2026-09-30T09:40;10;4|9;
V05117;6100;E020306;;2026-09-30T09:50;10;4|9;AT003878
V05118;6100;E020306;;2026-09-30T10:00;10;4|9;
V05119;6100;E020306;;2026-09-30T10:10;10;4|9;
V05120;6100;E020306;;2026-09-30T10:20;10;4|9;
V05121;9610;H010101;;2026-09-30T08:30;240;1;AT003879
V05122;9610;H010101;;2026-09-30T13:30;240;1;
V05123;9610;H010102;;2026-09-30T08:30;240;1;AT003880
V05124;9610;H010102;;2026-09-30T13:30;240;1;AT003881
V05125;9610;H010103;;2026-09-30T08:30;240;1;AT003882
V05126;9610;H010103;;2026-09-30T13:30;240;1;AT003883
V05127;9610;H010104;;2026-09-30T08:30;240;1;AT003884
V05128;9610;H010104;;2026-09-30T13:30;240;1;AT003885
V05129;9602;A031903;U09;2026-09-30T09:00;30;3|1;AT000822
V05130;9602;A031903;U09;2026-09-30T09:30;30;3|1;AT003886
V05131;9602;A031903;U09;2026-09-30T10:00;30;3|1;
V05132;9602;A031903;U09;2026-09-30T10:30;30;3|1;
V05133;9602;A031903;U09;2026-09-30T11:00;30;3|1;
V05134;9602;A031903;U09;2026-09-30T11:30;30;3|1;AT003887
V05135;2102;A031708;U02;2026-10-01T08:30;20;22|23|7|5;AT000418
V05136;2102;A031708;U02;2026-10-01T08:50;20;22|23|7|5;AT000844
V05137;2102;A031708;U02;2026-10-01T09:10;20;22|23|7|5;AT000879
V05138;2102;A031708;U02;2026-10-01T09:30;20;22|23|7|5;AT000884
V05139;2102;A031708;U02;2026-10-01T09:50;20;22|23|7|5;AT000887
V05140;2102;A031708;U02;2026-10-01T10:10;20;22|23|7|5;AT000882
V05141;2102;A031708;U02;2026-10-01T10:30;20;22|23|7|5;AT000890
V05142;2102;A031708;U02;2026-10-01T10:50;20;22|23|7|5;AT000893
V05143;2102;A031708;U02;2026-10-01T11:10;20;22|23|7|5;
V05144;2102;A031708;U02;2026-10-01T11:30;20;22|23|7|5;AT003888
V05145;2102;A031708;U02;2026-10-01T11:50;20;22|23|7|5;AT003889
V05146;2102;A031708;U02;2026-10-01T12:10;20;22|23|7|5;
V05147;1300;A032101;U04;2026-10-01T09:00;40;1;AT003890
V05148;1300;A032101;U04;2026-10-01T09:40;40;1;
V05149;1300;A032101;U04;2026-10-01T10:20;20;2;AT003891
V05150;1300;A032101;U04;2026-10-01T10:40;20;2;
V05151;1300;A032101;U04;2026-10-01T11:00;20;2;
V05152;1300;A032101;U04;2026-10-01T11:20;20;2;AT003892
V05153;1300;A032101;U04;2026-10-01T11:40;20;2;
V05154;1300;A032101;U04;2026-10-01T12:00;20;2;AT003893
V05155;1300;A032101;U04;2026-10-01T12:20;20;2;AT003894
V05156;1300;A032101;U04;2026-10-01T12:40;20;2;AT003895
V05157;7000_2;A033403;;2026-10-01T08:00;20;1;AT000810
V05158;7000_2;A033403;;2026-10-01T08:20;20;1;AT003896
V05159;7000_2;A033403;;2026-10-01T08:40;20;1;AT003897
V05160;7000_2;A033403;;2026-10-01T09:00;20;1;AT003898
V05161;7000_2;A033403;;2026-10-01T09:20;20;1;AT003899
V05162;7000_2;A033403;;2026-10-01T09:40;20;1;AT003900
V05163;7000_2;A033403;;2026-10-01T10:00;20;1;AT003901
V05164;7000_2;A033403;;2026-10-01T10:20;20;1;AT003902
V05165;7000_2;A033403;;2026-10-01T10:40;20;1;AT003903
V05166;7000_2;A033403;;2026-10-01T11:00;20;1;AT003904
V05167;7000_2;A033403;;2026-10-01T11:20;20;1;AT003905
V05168;7000_2;A033403;;2026-10-01T11:40;20;1;AT003906
V05169;7000_2;A033403;;2026-10-01T12:00;20;1;AT003907
V05170;7000_2;A033403;;2026-10-01T12:20;20;1;AT003908
V05171;7000_2;A033403;;2026-10-01T12:40;20;1;AT003909
V05172;7000_2;A033403;;2026-10-01T13:00;20;1;AT003910
V05173;7000_2;A033403;;2026-10-01T13:20;20;1;AT003911
V05174;7000_2;A033403;;2026-10-01T13:40;20;1;AT003912
V05175;7000_2;A033403;;2026-10-01T14:00;20;1;AT003913
V05176;7000_2;A033403;;2026-10-01T14:20;20;1;AT003914
V05177;7000_2;A033403;;2026-10-01T14:40;20;1;AT003915
V05178;7000_2;A033403;;2026-10-01T15:00;20;1;AT003916
V05179;7000_2;A033403;;2026-10-01T15:20;20;1;AT003917
V05180;7000_2;A033403;;2026-10-01T15:40;20;1;AT003918
V05181;7000_3;A033410;;2026-10-01T09:00;20;1;AT000916
V05182;7000_3;A033410;;2026-10-01T09:20;20;1;
V05183;7000_3;A033410;;2026-10-01T09:40;20;1;AT003919
V05184;7000_3;A033410;;2026-10-01T10:00;20;1;AT003920
V05185;7000_3;A033410;;2026-10-01T10:20;20;1;AT003921
V05186;7000_3;A033410;;2026-10-01T10:40;20;1;AT003922
V05187;7000_3;A033410;;2026-10-01T11:00;20;1;
V05188;7000_3;A033410;;2026-10-01T11:20;20;1;AT003923
V05189;7000_3;A033410;;2026-10-01T11:40;20;1;
V05190;7000_3;A033410;;2026-10-01T12:00;20;1;
V05191;7000_3;A033410;;2026-10-01T12:20;20;1;
V05192;7000_3;A033410;;2026-10-01T12:40;20;1;
V05193;6100;E020305;;2026-10-01T07:30;10;4|9;AT003924
V05194;6100;E020305;;2026-10-01T07:40;10;4|9;
V05195;6100;E020305;;2026-10-01T07:50;10;4|9;AT003925
V05196;6100;E020305;;2026-10-01T08:00;10;4|9;
V05197;6100;E020305;;2026-10-01T08:10;10;4|9;
V05198;6100;E020305;;2026-10-01T08:20;10;4|9;
V05199;6100;E020305;;2026-10-01T08:30;10;4|9;
V05200;6100;E020305;;2026-10-01T08:40;10;4|9;
V05201;6100;E020305;;2026-10-01T08:50;10;4|9;
V05202;6100;E020305;;2026-10-01T09:00;10;4|9;
V05203;6100;E020305;;2026-10-01T09:10;10;4|9;
V05204;6100;E020305;;2026-10-01T09:20;10;4|9;AT003926
V05205;6100;E020305;;2026-10-01T09:30;10;4|9;AT003927
V05206;6100;E020305;;2026-10-01T09:40;10;4|9;AT003928
V05207;6100;E020305;;2026-10-01T09:50;10;4|9;AT003929
V05208;6100;E020305;;2026-10-01T10:00;10;4|9;AT003930
V05209;6100;E020305;;2026-10-01T10:10;10;4|9;AT003931
V05210;6100;E020305;;2026-10-01T10:20;10;4|9;
V05211;6100;E020306;;2026-10-01T07:30;10;4|9;
V05212;6100;E020306;;2026-10-01T07:40;10;4|9;
V05213;6100;E020306;;2026-10-01T07:50;10;4|9;AT003932
V05214;6100;E020306;;2026-10-01T08:00;10;4|9;AT003933
V05215;6100;E020306;;2026-10-01T08:10;10;4|9;
V05216;6100;E020306;;2026-10-01T08:20;10;4|9;
V05217;6100;E020306;;2026-10-01T08:30;10;4|9;AT003934
V05218;6100;E020306;;2026-10-01T08:40;10;4|9;AT003935
V05219;6100;E020306;;2026-10-01T08:50;10;4|9;AT003936
V05220;6100;E020306;;2026-10-01T09:00;10;4|9;AT003937
V05221;6100;E020306;;2026-10-01T09:10;10;4|9;AT003938
V05222;6100;E020306;;2026-10-01T09:20;10;4|9;AT003939
V05223;6100;E020306;;2026-10-01T09:30;10;4|9;AT003940
V05224;6100;E020306;;2026-10-01T09:40;10;4|9;
V05225;6100;E020306;;2026-10-01T09:50;10;4|9;
V05226;6100;E020306;;2026-10-01T10:00;10;4|9;AT003941
V05227;6100;E020306;;2026-10-01T10:10;10;4|9;AT003942
V05228;6100;E020306;;2026-10-01T10:20;10;4|9;AT003943
V05229;9610;H010101;;2026-10-01T08:30;240;1;AT003944
V05230;9610;H010101;;2026-10-01T13:30;240;1;
V05231;9610;H010102;;2026-10-01T08:30;240;1;
V05232;9610;H010102;;2026-10-01T13:30;240;1;AT003945
V05233;9610;H010103;;2026-10-01T08:30;240;1;
V05234;9610;H010103;;2026-10-01T13:30;240;1;AT003946
V05235;9610;H010104;;2026-10-01T08:30;240;1;
V05236;9610;H010104;;2026-10-01T13:30;240;1;AT003947
V05237;9602;A031903;U09;2026-10-01T09:00;30;3|1;
V05238;9602;A031903;U09;2026-10-01T09:30;30;3|1;AT003948
V05239;9602;A031903;U09;2026-10-01T10:00;30;3|1;
V05240;9602;A031903;U09;2026-10-01T10:30;30;3|1;
V05241;9602;A031903;U09;2026-10-01T11:00;30;3|1;AT003949
V05242;9602;A031903;U09;2026-10-01T11:30;30;3|1;AT003950
V05243;2102;A031707;U01;2026-10-02T08:30;20;22|23|7|5;AT000910
V05244;2102;A031707;U01;2026-10-02T08:50;20;22|23|7|5;AT000899
V05245;2102;A031707;U01;2026-10-02T09:10;20;22|23|7|5;AT000908
V05246;2102;A031707;U01;2026-10-02T09:30;20;22|23|7|5;AT003951
V05247;2102;A031707;U01;2026-10-02T09:50;20;22|23|7|5;
V05248;2102;A031707;U01;2026-10-02T10:10;20;22|23|7|5;AT003952
V05249;2102;A031707;U01;2026-10-02T10:30;20;22|23|7|5;
V05250;2102;A031707;U01;2026-10-02T10:50;20;22|23|7|5;
V05251;2102;A031707;U01;2026-10-02T11:10;20;22|23|7|5;AT003953
V05252;2102;A031707;U01;2026-10-02T11:30;20;22|23|7|5;
V05253;2102;A031707;U01;2026-10-02T11:50;20;22|23|7|5;AT003954
V05254;2102;A031707;U01;2026-10-02T12:10;20;22|23|7|5;
V05255;1300;A032102;U05;2026-10-02T09:00;40;1;AT003955
V05256;1300;A032102;U05;2026-10-02T09:40;40;1;AT003956
V05257;1300;A032102;U05;2026-10-02T10:20;20;2;AT003957
V05258;1300;A032102;U05;2026-10-02T10:40;20;2;AT003958
V05259;1300;A032102;U05;2026-10-02T11:00;20;2;AT003959
V05260;1300;A032102;U05;2026-10-02T11:20;20;2;
V05261;1300;A032102;U05;2026-10-02T11:40;20;2;
V05262;1300;A032102;U05;2026-10-02T12:00;20;2;AT003960
V05263;1300;A032102;U05;2026-10-02T12:20;20;2;AT003961
V05264;1300;A032102;U05;2026-10-02T12:40;20;2;AT003962
V05265;7000_2;A033403;;2026-10-02T08:00;20;1;AT003963
V05266;7000_2;A033403;;2026-10-02T08:20;20;1;AT003964
V05267;7000_2;A033403;;2026-10-02T08:40;20;1;AT003965
V05268;7000_2;A033403;;2026-10-02T09:00;20;1;AT003966
V05269;7000_2;A033403;;2026-10-02T09:20;20;1;AT003967
V05270;7000_2;A033403;;2026-10-02T09:40;20;1;AT003968
V05271;7000_2;A033403;;2026-10-02T10:00;20;1;AT000018
V05272;7000_2;A033403;;2026-10-02T10:20;20;1;AT003969
V05273;7000_2;A033403;;2026-10-02T10:40;20;1;AT003970
V05274;7000_2;A033403;;2026-10-02T11:00;20;1;AT003971
V05275;7000_2;A033403;;2026-10-02T11:20;20;1;AT003972
V05276;7000_2;A033403;;2026-10-02T11:40;20;1;AT003973
V05277;7000_2;A033403;;2026-10-02T12:00;20;1;AT003974
V05278;7000_2;A033403;;2026-10-02T12:20;20;1;AT003975
V05279;7000_2;A033403;;2026-10-02T12:40;20;1;AT003976
V05280;7000_2;A033403;;2026-10-02T13:00;20;1;AT003977
V05281;7000_2;A033403;;2026-10-02T13:20;20;1;AT003978
V05282;7000_2;A033403;;2026-10-02T13:40;20;1;AT003979
V05283;7000_2;A033403;;2026-10-02T14:00;20;1;AT003980
V05284;7000_2;A033403;;2026-10-02T14:20;20;1;AT003981
V05285;7000_2;A033403;;2026-10-02T14:40;20;1;AT003982
V05286;7000_2;A033403;;2026-10-02T15:00;20;1;AT003983
V05287;7000_2;A033403;;2026-10-02T15:20;20;1;AT003984
V05288;7000_2;A033403;;2026-10-02T15:40;20;1;AT003985
V05289;7000_3;A033410;;2026-10-02T09:00;20;1;AT003986
V05290;7000_3;A033410;;2026-10-02T09:20;20;1;AT003987
V05291;7000_3;A033410;;2026-10-02T09:40;20;1;
V05292;7000_3;A033410;;2026-10-02T10:00;20;1;
V05293;7000_3;A033410;;2026-10-02T10:20;20;1;AT003988
V05294;7000_3;A033410;;2026-10-02T10:40;20;1;
V05295;7000_3;A033410;;2026-10-02T11:00;20;1;AT003989
V05296;7000_3;A033410;;2026-10-02T11:20;20;1;AT003990
V05297;7000_3;A033410;;2026-10-02T11:40;20;1;AT003991
V05298;7000_3;A033410;;2026-10-02T12:00;20;1;
V05299;7000_3;A033410;;2026-10-02T12:20;20;1;
V05300;7000_3;A033410;;2026-10-02T12:40;20;1;
V05301;6100;E020305;;2026-10-02T07:30;10;4|9;AT000838
V05302;6100;E020305;;2026-10-02T07:40;10;4|9;AT000593
V05303;6100;E020305;;2026-10-02T07:50;10;4|9;
V05304;6100;E020305;;2026-10-02T08:00;10;4|9;AT003992
V05305;6100;E020305;;2026-10-02T08:10;10;4|9;AT003993
V05306;6100;E020305;;2026-10-02T08:20;10;4|9;AT003994
V05307;6100;E020305;;2026-10-02T08:30;10;4|9;AT003995
V05308;6100;E020305;;2026-10-02T08:40;10;4|9;
V05309;6100;E020305;;2026-10-02T08:50;10;4|9;
V05310;6100;E020305;;2026-10-02T09:00;10;4|9;
V05311;6100;E020305;;2026-10-02T09:10;10;4|9;AT003996
V05312;6100;E020305;;2026-10-02T09:20;10;4|9;AT003997
V05313;6100;E020305;;2026-10-02T09:30;10;4|9;
V05314;6100;E020305;;2026-10-02T09:40;10;4|9;
V05315;6100;E020305;;2026-10-02T09:50;10;4|9;AT003998
V05316;6100;E020305;;2026-10-02T10:00;10;4|9;
V05317;6100;E020305;;2026-10-02T10:10;10;4|9;AT003999
V05318;6100;E020305;;2026-10-02T10:20;10;4|9;AT004000
V05319;6100;E020306;;2026-10-02T07:30;10;4|9;AT000503
V05320;6100;E020306;;2026-10-02T07:40;10;4|9;
V05321;6100;E020306;;2026-10-02T07:50;10;4|9;AT004001
V05322;6100;E020306;;2026-10-02T08:00;10;4|9;AT004002
V05323;6100;E020306;;2026-10-02T08:10;10;4|9;
V05324;6100;E020306;;2026-10-02T08:20;10;4|9;
V05325;6100;E020306;;2026-10-02T08:30;10;4|9;AT004003
V05326;6100;E020306;;2026-10-02T08:40;10;4|9;AT004004
V05327;6100;E020306;;2026-10-02T08:50;10;4|9;AT004005
V05328;6100;E020306;;2026-10-02T09:00;10;4|9;AT004006
V05329;6100;E020306;;2026-10-02T09:10;10;4|9;
V05330;6100;E020306;;2026-10-02T09:20;10;4|9;AT004007
V05331;6100;E020306;;2026-10-02T09:30;10;4|9;
V05332;6100;E020306;;2026-10-02T09:40;10;4|9;
V05333;6100;E020306;;2026-10-02T09:50;10;4|9;AT004008
V05334;6100;E020306;;2026-10-02T10:00;10;4|9;AT004009
V05335;6100;E020306;;2026-10-02T10:10;10;4|9;AT004010
V05336;6100;E020306;;2026-10-02T10:20;10;4|9;
V05337;9610;H010101;;2026-10-02T08:30;240;1;AT004011
V05338;9610;H010101;;2026-10-02T13:30;240;1;AT004012
V05339;9610;H010102;;2026-10-02T08:30;240;1;AT004013
V05340;9610;H010102;;2026-10-02T13:30;240;1;AT004014
V05341;9610;H010103;;2026-10-02T08:30;240;1;AT004015
V05342;9610;H010103;;2026-10-02T13:30;240;1;AT004016
V05343;9610;H010104;;2026-10-02T08:30;240;1;AT004017
V05344;9610;H010104;;2026-10-02T13:30;240;1;AT004018
V05345;9602;A031903;U09;2026-10-02T09:00;30;3|1;AT004019
V05346;9602;A031903;U09;2026-10-02T09:30;30;3|1;AT004020
V05347;9602;A031903;U09;2026-10-02T10:00;30;3|1;
V05348;9602;A031903;U09;2026-10-02T10:30;30;3|1;
V05349;9602;A031903;U09;2026-10-02T11:00;30;3|1;AT004021
V05350;9602;A031903;U09;2026-10-02T11:30;30;3|1;AT004022
V05351;2102;A031707;U01;2026-10-05T08:30;20;22|23|7|5;AT000915
V05352;2102;A031707;U01;2026-10-05T08:50;20;22|23|7|5;AT000462
V05353;2102;A031707;U01;2026-10-05T09:10;20;22|23|7|5;AT000923
V05354;2102;A031707;U01;2026-10-05T09:30;20;22|23|7|5;AT000917
V05355;2102;A031707;U01;2026-10-05T09:50;20;22|23|7|5;AT000920
V05356;2102;A031707;U01;2026-10-05T10:10;20;22|23|7|5;AT000925
V05357;2102;A031707;U01;2026-10-05T10:30;20;22|23|7|5;AT000930
V05358;2102;A031707;U01;2026-10-05T10:50;20;22|23|7|5;AT000928
V05359;2102;A031707;U01;2026-10-05T11:10;20;22|23|7|5;
V05360;2102;A031707;U01;2026-10-05T11:30;20;22|23|7|5;AT004023
V05361;2102;A031707;U01;2026-10-05T11:50;20;22|23|7|5;AT004024
V05362;2102;A031707;U01;2026-10-05T12:10;20;22|23|7|5;AT004025
V05363;1300;A032101;U04;2026-10-05T09:00;40;1;
V05364;1300;A032101;U04;2026-10-05T09:40;40;1;AT004026
V05365;1300;A032101;U04;2026-10-05T10:20;20;2;AT004027
V05366;1300;A032101;U04;2026-10-05T10:40;20;2;AT004028
V05367;1300;A032101;U04;2026-10-05T11:00;20;2;AT004029
V05368;1300;A032101;U04;2026-10-05T11:20;20;2;AT004030
V05369;1300;A032101;U04;2026-10-05T11:40;20;2;
V05370;1300;A032101;U04;2026-10-05T12:00;20;2;
V05371;1300;A032101;U04;2026-10-05T12:20;20;2;
V05372;1300;A032101;U04;2026-10-05T12:40;20;2;AT004031
V05373;7000_2;A033403;;2026-10-05T08:00;20;1;AT000504
V05374;7000_2;A033403;;2026-10-05T08:20;20;1;AT000594
V05375;7000_2;A033403;;2026-10-05T08:40;20;1;AT004032
V05376;7000_2;A033403;;2026-10-05T09:00;20;1;AT004033
V05377;7000_2;A033403;;2026-10-05T09:20;20;1;AT004034
V05378;7000_2;A033403;;2026-10-05T09:40;20;1;AT004035
V05379;7000_2;A033403;;2026-10-05T10:00;20;1;AT004036
V05380;7000_2;A033403;;2026-10-05T10:20;20;1;AT004037
V05381;7000_2;A033403;;2026-10-05T10:40;20;1;AT004038
V05382;7000_2;A033403;;2026-10-05T11:00;20;1;AT004039
V05383;7000_2;A033403;;2026-10-05T11:20;20;1;AT004040
V05384;7000_2;A033403;;2026-10-05T11:40;20;1;AT004041
V05385;7000_2;A033403;;2026-10-05T12:00;20;1;AT004042
V05386;7000_2;A033403;;2026-10-05T12:20;20;1;AT004043
V05387;7000_2;A033403;;2026-10-05T12:40;20;1;AT004044
V05388;7000_2;A033403;;2026-10-05T13:00;20;1;AT004045
V05389;7000_2;A033403;;2026-10-05T13:20;20;1;AT004046
V05390;7000_2;A033403;;2026-10-05T13:40;20;1;AT004047
V05391;7000_2;A033403;;2026-10-05T14:00;20;1;AT004048
V05392;7000_2;A033403;;2026-10-05T14:20;20;1;AT004049
V05393;7000_2;A033403;;2026-10-05T14:40;20;1;AT004050
V05394;7000_2;A033403;;2026-10-05T15:00;20;1;AT004051
V05395;7000_2;A033403;;2026-10-05T15:20;20;1;AT004052
V05396;7000_2;A033403;;2026-10-05T15:40;20;1;AT004053
V05397;7000_3;A033410;;2026-10-05T09:00;20;1;AT004054
V05398;7000_3;A033410;;2026-10-05T09:20;20;1;AT004055
V05399;7000_3;A033410;;2026-10-05T09:40;20;1;AT004056
V05400;7000_3;A033410;;2026-10-05T10:00;20;1;
V05401;7000_3;A033410;;2026-10-05T10:20;20;1;AT004057
V05402;7000_3;A033410;;2026-10-05T10:40;20;1;
V05403;7000_3;A033410;;2026-10-05T11:00;20;1;AT004058
V05404;7000_3;A033410;;2026-10-05T11:20;20;1;AT004059
V05405;7000_3;A033410;;2026-10-05T11:40;20;1;
V05406;7000_3;A033410;;2026-10-05T12:00;20;1;AT004060
V05407;7000_3;A033410;;2026-10-05T12:20;20;1;
V05408;7000_3;A033410;;2026-10-05T12:40;20;1;AT004061
V05409;6100;E020305;;2026-10-05T07:30;10;4|9;AT004062
V05410;6100;E020305;;2026-10-05T07:40;10;4|9;
V05411;6100;E020305;;2026-10-05T07:50;10;4|9;
V05412;6100;E020305;;2026-10-05T08:00;10;4|9;AT004063
V05413;6100;E020305;;2026-10-05T08:10;10;4|9;
V05414;6100;E020305;;2026-10-05T08:20;10;4|9;
V05415;6100;E020305;;2026-10-05T08:30;10;4|9;AT004064
V05416;6100;E020305;;2026-10-05T08:40;10;4|9;
V05417;6100;E020305;;2026-10-05T08:50;10;4|9;AT004065
V05418;6100;E020305;;2026-10-05T09:00;10;4|9;
V05419;6100;E020305;;2026-10-05T09:10;10;4|9;AT004066
V05420;6100;E020305;;2026-10-05T09:20;10;4|9;AT004067
V05421;6100;E020305;;2026-10-05T09:30;10;4|9;AT004068
V05422;6100;E020305;;2026-10-05T09:40;10;4|9;AT004069
V05423;6100;E020305;;2026-10-05T09:50;10;4|9;AT004070
V05424;6100;E020305;;2026-10-05T10:00;10;4|9;
V05425;6100;E020305;;2026-10-05T10:10;10;4|9;AT004071
V05426;6100;E020305;;2026-10-05T10:20;10;4|9;AT004072
V05427;6100;E020306;;2026-10-05T07:30;10;4|9;
V05428;6100;E020306;;2026-10-05T07:40;10;4|9;
V05429;6100;E020306;;2026-10-05T07:50;10;4|9;
V05430;6100;E020306;;2026-10-05T08:00;10;4|9;AT004073
V05431;6100;E020306;;2026-10-05T08:10;10;4|9;AT004074
V05432;6100;E020306;;2026-10-05T08:20;10;4|9;AT004075
V05433;6100;E020306;;2026-10-05T08:30;10;4|9;
V05434;6100;E020306;;2026-10-05T08:40;10;4|9;AT004076
V05435;6100;E020306;;2026-10-05T08:50;10;4|9;
V05436;6100;E020306;;2026-10-05T09:00;10;4|9;
V05437;6100;E020306;;2026-10-05T09:10;10;4|9;
V05438;6100;E020306;;2026-10-05T09:20;10;4|9;
V05439;6100;E020306;;2026-10-05T09:30;10;4|9;
V05440;6100;E020306;;2026-10-05T09:40;10;4|9;
V05441;6100;E020306;;2026-10-05T09:50;10;4|9;AT004077
V05442;6100;E020306;;2026-10-05T10:00;10;4|9;
V05443;6100;E020306;;2026-10-05T10:10;10;4|9;AT004078
V05444;6100;E020306;;2026-10-05T10:20;10;4|9;AT004079
V05445;9610;H010101;;2026-10-05T08:30;240;1;AT004080
V05446;9610;H010101;;2026-10-05T13:30;240;1;AT004081
V05447;9610;H010102;;2026-10-05T08:30;240;1;AT004082
V05448;9610;H010102;;2026-10-05T13:30;240;1;AT004083
V05449;9610;H010103;;2026-10-05T08:30;240;1;AT004084
V05450;9610;H010103;;2026-10-05T13:30;240;1;
V05451;9610;H010104;;2026-10-05T08:30;240;1;AT004085
V05452;9610;H010104;;2026-10-05T13:30;240;1;
V05453;9602;A031903;U09;2026-10-05T09:00;30;3|1;
V05454;9602;A031903;U09;2026-10-05T09:30;30;3|1;AT004086
V05455;9602;A031903;U09;2026-10-05T10:00;30;3|1;AT004087
V05456;9602;A031903;U09;2026-10-05T10:30;30;3|1;AT004088
V05457;9602;A031903;U09;2026-10-05T11:00;30;3|1;AT004089
V05458;9602;A031903;U09;2026-10-05T11:30;30;3|1;AT004090
V05459;2102;A031708;U02;2026-10-06T08:30;20;22|23|7|5;AT000789
V05460;2102;A031708;U02;2026-10-06T08:50;20;22|23|7|5;AT000839
V05461;2102;A031708;U02;2026-10-06T09:10;20;22|23|7|5;AT000939
V05462;2102;A031708;U02;2026-10-06T09:30;20;22|23|7|5;AT000948
V05463;2102;A031708;U02;2026-10-06T09:50;20;22|23|7|5;AT000943
V05464;2102;A031708;U02;2026-10-06T10:10;20;22|23|7|5;AT000941
V05465;2102;A031708;U02;2026-10-06T10:30;20;22|23|7|5;
V05466;2102;A031708;U02;2026-10-06T10:50;20;22|23|7|5;AT004091
V05467;2102;A031708;U02;2026-10-06T11:10;20;22|23|7|5;AT004092
V05468;2102;A031708;U02;2026-10-06T11:30;20;22|23|7|5;
V05469;2102;A031708;U02;2026-10-06T11:50;20;22|23|7|5;
V05470;2102;A031708;U02;2026-10-06T12:10;20;22|23|7|5;
V05471;1300;A032102;U05;2026-10-06T09:00;40;1;AT004093
V05472;1300;A032102;U05;2026-10-06T09:40;40;1;
V05473;1300;A032102;U05;2026-10-06T10:20;20;2;
V05474;1300;A032102;U05;2026-10-06T10:40;20;2;AT004094
V05475;1300;A032102;U05;2026-10-06T11:00;20;2;AT004095
V05476;1300;A032102;U05;2026-10-06T11:20;20;2;
V05477;1300;A032102;U05;2026-10-06T11:40;20;2;
V05478;1300;A032102;U05;2026-10-06T12:00;20;2;
V05479;1300;A032102;U05;2026-10-06T12:20;20;2;AT004096
V05480;1300;A032102;U05;2026-10-06T12:40;20;2;AT004097
V05481;7000_2;A033403;;2026-10-06T08:00;20;1;AT004098
V05482;7000_2;A033403;;2026-10-06T08:20;20;1;AT004099
V05483;7000_2;A033403;;2026-10-06T08:40;20;1;AT004100
V05484;7000_2;A033403;;2026-10-06T09:00;20;1;AT004101
V05485;7000_2;A033403;;2026-10-06T09:20;20;1;AT004102
V05486;7000_2;A033403;;2026-10-06T09:40;20;1;AT004103
V05487;7000_2;A033403;;2026-10-06T10:00;20;1;AT004104
V05488;7000_2;A033403;;2026-10-06T10:20;20;1;AT004105
V05489;7000_2;A033403;;2026-10-06T10:40;20;1;AT004106
V05490;7000_2;A033403;;2026-10-06T11:00;20;1;AT004107
V05491;7000_2;A033403;;2026-10-06T11:20;20;1;AT004108
V05492;7000_2;A033403;;2026-10-06T11:40;20;1;AT004109
V05493;7000_2;A033403;;2026-10-06T12:00;20;1;AT004110
V05494;7000_2;A033403;;2026-10-06T12:20;20;1;AT004111
V05495;7000_2;A033403;;2026-10-06T12:40;20;1;AT004112
V05496;7000_2;A033403;;2026-10-06T13:00;20;1;AT004113
V05497;7000_2;A033403;;2026-10-06T13:20;20;1;AT004114
V05498;7000_2;A033403;;2026-10-06T13:40;20;1;AT004115
V05499;7000_2;A033403;;2026-10-06T14:00;20;1;AT004116
V05500;7000_2;A033403;;2026-10-06T14:20;20;1;AT004117
V05501;7000_2;A033403;;2026-10-06T14:40;20;1;AT004118
V05502;7000_2;A033403;;2026-10-06T15:00;20;1;AT004119
V05503;7000_2;A033403;;2026-10-06T15:20;20;1;AT004120
V05504;7000_2;A033403;;2026-10-06T15:40;20;1;AT004121
V05505;7000_3;A033410;;2026-10-06T09:00;20;1;AT004122
V05506;7000_3;A033410;;2026-10-06T09:20;20;1;
V05507;7000_3;A033410;;2026-10-06T09:40;20;1;
V05508;7000_3;A033410;;2026-10-06T10:00;20;1;
V05509;7000_3;A033410;;2026-10-06T10:20;20;1;
V05510;7000_3;A033410;;2026-10-06T10:40;20;1;
V05511;7000_3;A033410;;2026-10-06T11:00;20;1;AT004123
V05512;7000_3;A033410;;2026-10-06T11:20;20;1;AT004124
V05513;7000_3;A033410;;2026-10-06T11:40;20;1;
V05514;7000_3;A033410;;2026-10-06T12:00;20;1;
V05515;7000_3;A033410;;2026-10-06T12:20;20;1;AT004125
V05516;7000_3;A033410;;2026-10-06T12:40;20;1;AT004126
V05517;6100;E020305;;2026-10-06T07:30;10;4|9;AT004127
V05518;6100;E020305;;2026-10-06T07:40;10;4|9;AT004128
V05519;6100;E020305;;2026-10-06T07:50;10;4|9;AT004129
V05520;6100;E020305;;2026-10-06T08:00;10;4|9;
V05521;6100;E020305;;2026-10-06T08:10;10;4|9;
V05522;6100;E020305;;2026-10-06T08:20;10;4|9;
V05523;6100;E020305;;2026-10-06T08:30;10;4|9;
V05524;6100;E020305;;2026-10-06T08:40;10;4|9;AT004130
V05525;6100;E020305;;2026-10-06T08:50;10;4|9;
V05526;6100;E020305;;2026-10-06T09:00;10;4|9;
V05527;6100;E020305;;2026-10-06T09:10;10;4|9;AT004131
V05528;6100;E020305;;2026-10-06T09:20;10;4|9;
V05529;6100;E020305;;2026-10-06T09:30;10;4|9;
V05530;6100;E020305;;2026-10-06T09:40;10;4|9;AT004132
V05531;6100;E020305;;2026-10-06T09:50;10;4|9;
V05532;6100;E020305;;2026-10-06T10:00;10;4|9;
V05533;6100;E020305;;2026-10-06T10:10;10;4|9;
V05534;6100;E020305;;2026-10-06T10:20;10;4|9;AT004133
V05535;6100;E020306;;2026-10-06T07:30;10;4|9;AT004134
V05536;6100;E020306;;2026-10-06T07:40;10;4|9;
V05537;6100;E020306;;2026-10-06T07:50;10;4|9;
V05538;6100;E020306;;2026-10-06T08:00;10;4|9;
V05539;6100;E020306;;2026-10-06T08:10;10;4|9;AT004135
V05540;6100;E020306;;2026-10-06T08:20;10;4|9;
V05541;6100;E020306;;2026-10-06T08:30;10;4|9;
V05542;6100;E020306;;2026-10-06T08:40;10;4|9;
V05543;6100;E020306;;2026-10-06T08:50;10;4|9;AT004136
V05544;6100;E020306;;2026-10-06T09:00;10;4|9;
V05545;6100;E020306;;2026-10-06T09:10;10;4|9;
V05546;6100;E020306;;2026-10-06T09:20;10;4|9;
V05547;6100;E020306;;2026-10-06T09:30;10;4|9;AT004137
V05548;6100;E020306;;2026-10-06T09:40;10;4|9;
V05549;6100;E020306;;2026-10-06T09:50;10;4|9;AT004138
V05550;6100;E020306;;2026-10-06T10:00;10;4|9;
V05551;6100;E020306;;2026-10-06T10:10;10;4|9;
V05552;6100;E020306;;2026-10-06T10:20;10;4|9;AT004139
V05553;9610;H010101;;2026-10-06T08:30;240;1;
V05554;9610;H010101;;2026-10-06T13:30;240;1;AT004140
V05555;9610;H010102;;2026-10-06T08:30;240;1;AT004141
V05556;9610;H010102;;2026-10-06T13:30;240;1;AT004142
V05557;9610;H010103;;2026-10-06T08:30;240;1;AT004143
V05558;9610;H010103;;2026-10-06T13:30;240;1;AT004144
V05559;9610;H010104;;2026-10-06T08:30;240;1;
V05560;9610;H010104;;2026-10-06T13:30;240;1;AT004145
V05561;9602;A031903;U09;2026-10-06T09:00;30;3|1;
V05562;9602;A031903;U09;2026-10-06T09:30;30;3|1;AT004146
V05563;9602;A031903;U09;2026-10-06T10:00;30;3|1;
V05564;9602;A031903;U09;2026-10-06T10:30;30;3|1;
V05565;9602;A031903;U09;2026-10-06T11:00;30;3|1;
V05566;9602;A031903;U09;2026-10-06T11:30;30;3|1;
V05567;2102;A031707;U01;2026-10-07T08:30;20;22|23|7|5;AT004147
V05568;2102;A031707;U01;2026-10-07T08:50;20;22|23|7|5;AT000966
V05569;2102;A031707;U01;2026-10-07T09:10;20;22|23|7|5;AT000970
V05570;2102;A031707;U01;2026-10-07T09:30;20;22|23|7|5;AT004148
V05571;2102;A031707;U01;2026-10-07T09:50;20;22|23|7|5;AT004149
V05572;2102;A031707;U01;2026-10-07T10:10;20;22|23|7|5;
V05573;2102;A031707;U01;2026-10-07T10:30;20;22|23|7|5;AT004150
V05574;2102;A031707;U01;2026-10-07T10:50;20;22|23|7|5;
V05575;2102;A031707;U01;2026-10-07T11:10;20;22|23|7|5;
V05576;2102;A031707;U01;2026-10-07T11:30;20;22|23|7|5;
V05577;2102;A031707;U01;2026-10-07T11:50;20;22|23|7|5;
V05578;2102;A031707;U01;2026-10-07T12:10;20;22|23|7|5;
V05579;2300;A032501;U06;2026-10-07T09:00;40;1;AT004151
V05580;2300;A032501;U06;2026-10-07T09:40;40;1;AT004152
V05581;2300;A032501;U06;2026-10-07T10:20;40;1;
V05582;2300;A032501;U06;2026-10-07T11:00;40;1;AT004153
V05583;2300;A032501;U06;2026-10-07T11:40;40;1;AT004154
V05584;7000_2;A033403;;2026-10-07T08:00;20;1;AT004155
V05585;7000_2;A033403;;2026-10-07T08:20;20;1;AT004156
V05586;7000_2;A033403;;2026-10-07T08:40;20;1;AT004157
V05587;7000_2;A033403;;2026-10-07T09:00;20;1;AT004158
V05588;7000_2;A033403;;2026-10-07T09:20;20;1;AT004159
V05589;7000_2;A033403;;2026-10-07T09:40;20;1;AT004160
V05590;7000_2;A033403;;2026-10-07T10:00;20;1;AT004161
V05591;7000_2;A033403;;2026-10-07T10:20;20;1;AT004162
V05592;7000_2;A033403;;2026-10-07T10:40;20;1;AT004163
V05593;7000_2;A033403;;2026-10-07T11:00;20;1;AT004164
V05594;7000_2;A033403;;2026-10-07T11:20;20;1;AT004165
V05595;7000_2;A033403;;2026-10-07T11:40;20;1;AT004166
V05596;7000_2;A033403;;2026-10-07T12:00;20;1;AT004167
V05597;7000_2;A033403;;2026-10-07T12:20;20;1;AT004168
V05598;7000_2;A033403;;2026-10-07T12:40;20;1;AT004169
V05599;7000_2;A033403;;2026-10-07T13:00;20;1;AT004170
V05600;7000_2;A033403;;2026-10-07T13:20;20;1;AT004171
V05601;7000_2;A033403;;2026-10-07T13:40;20;1;AT004172
V05602;7000_2;A033403;;2026-10-07T14:00;20;1;AT004173
V05603;7000_2;A033403;;2026-10-07T14:20;20;1;AT004174
V05604;7000_2;A033403;;2026-10-07T14:40;20;1;AT004175
V05605;7000_2;A033403;;2026-10-07T15:00;20;1;AT004176
V05606;7000_2;A033403;;2026-10-07T15:20;20;1;AT004177
V05607;7000_2;A033403;;2026-10-07T15:40;20;1;AT004178
V05608;7000_3;A033410;;2026-10-07T09:00;20;1;
V05609;7000_3;A033410;;2026-10-07T09:20;20;1;AT004179
V05610;7000_3;A033410;;2026-10-07T09:40;20;1;AT004180
V05611;7000_3;A033410;;2026-10-07T10:00;20;1;AT004181
V05612;7000_3;A033410;;2026-10-07T10:20;20;1;
V05613;7000_3;A033410;;2026-10-07T10:40;20;1;AT004182
V05614;7000_3;A033410;;2026-10-07T11:00;20;1;AT004183
V05615;7000_3;A033410;;2026-10-07T11:20;20;1;
V05616;7000_3;A033410;;2026-10-07T11:40;20;1;
V05617;7000_3;A033410;;2026-10-07T12:00;20;1;AT004184
V05618;7000_3;A033410;;2026-10-07T12:20;20;1;
V05619;7000_3;A033410;;2026-10-07T12:40;20;1;
V05620;6100;E020305;;2026-10-07T07:30;10;4|9;AT004185
V05621;6100;E020305;;2026-10-07T07:40;10;4|9;
V05622;6100;E020305;;2026-10-07T07:50;10;4|9;AT004186
V05623;6100;E020305;;2026-10-07T08:00;10;4|9;
V05624;6100;E020305;;2026-10-07T08:10;10;4|9;AT004187
V05625;6100;E020305;;2026-10-07T08:20;10;4|9;AT004188
V05626;6100;E020305;;2026-10-07T08:30;10;4|9;
V05627;6100;E020305;;2026-10-07T08:40;10;4|9;
V05628;6100;E020305;;2026-10-07T08:50;10;4|9;
V05629;6100;E020305;;2026-10-07T09:00;10;4|9;AT004189
V05630;6100;E020305;;2026-10-07T09:10;10;4|9;
V05631;6100;E020305;;2026-10-07T09:20;10;4|9;
V05632;6100;E020305;;2026-10-07T09:30;10;4|9;AT004190
V05633;6100;E020305;;2026-10-07T09:40;10;4|9;AT004191
V05634;6100;E020305;;2026-10-07T09:50;10;4|9;
V05635;6100;E020305;;2026-10-07T10:00;10;4|9;AT004192
V05636;6100;E020305;;2026-10-07T10:10;10;4|9;
V05637;6100;E020305;;2026-10-07T10:20;10;4|9;AT004193
V05638;6100;E020306;;2026-10-07T07:30;10;4|9;AT004194
V05639;6100;E020306;;2026-10-07T07:40;10;4|9;AT004195
V05640;6100;E020306;;2026-10-07T07:50;10;4|9;
V05641;6100;E020306;;2026-10-07T08:00;10;4|9;
V05642;6100;E020306;;2026-10-07T08:10;10;4|9;
V05643;6100;E020306;;2026-10-07T08:20;10;4|9;
V05644;6100;E020306;;2026-10-07T08:30;10;4|9;AT004196
V05645;6100;E020306;;2026-10-07T08:40;10;4|9;AT004197
V05646;6100;E020306;;2026-10-07T08:50;10;4|9;AT004198
V05647;6100;E020306;;2026-10-07T09:00;10;4|9;AT004199
V05648;6100;E020306;;2026-10-07T09:10;10;4|9;AT004200
V05649;6100;E020306;;2026-10-07T09:20;10;4|9;AT004201
V05650;6100;E020306;;2026-10-07T09:30;10;4|9;AT004202
V05651;6100;E020306;;2026-10-07T09:40;10;4|9;AT004203
V05652;6100;E020306;;2026-10-07T09:50;10;4|9;AT004204
V05653;6100;E020306;;2026-10-07T10:00;10;4|9;
V05654;6100;E020306;;2026-10-07T10:10;10;4|9;AT004205
V05655;6100;E020306;;2026-10-07T10:20;10;4|9;AT004206
V05656;9610;H010101;;2026-10-07T08:30;240;1;AT004207
V05657;9610;H010101;;2026-10-07T13:30;240;1;AT004208
V05658;9610;H010102;;2026-10-07T08:30;240;1;
V05659;9610;H010102;;2026-10-07T13:30;240;1;
V05660;9610;H010103;;2026-10-07T08:30;240;1;AT004209
V05661;9610;H010103;;2026-10-07T13:30;240;1;AT004210
V05662;9610;H010104;;2026-10-07T08:30;240;1;
V05663;9610;H010104;;2026-10-07T13:30;240;1;
V05664;9602;A031903;U09;2026-10-07T09:00;30;3|1;
V05665;9602;A031903;U09;2026-10-07T09:30;30;3|1;
V05666;9602;A031903;U09;2026-10-07T10:00;30;3|1;
V05667;9602;A031903;U09;2026-10-07T10:30;30;3|1;AT004211
V05668;9602;A031903;U09;2026-10-07T11:00;30;3|1;AT004212
V05669;9602;A031903;U09;2026-10-07T11:30;30;3|1;AT004213
V05670;2102;A031708;U02;2026-10-08T08:30;20;22|23|7|5;AT000980
V05671;2102;A031708;U02;2026-10-08T08:50;20;22|23|7|5;AT000978
V05672;2102;A031708;U02;2026-10-08T09:10;20;22|23|7|5;AT000982
V05673;2102;A031708;U02;2026-10-08T09:30;20;22|23|7|5;AT000985
V05674;2102;A031708;U02;2026-10-08T09:50;20;22|23|7|5;AT000993
V05675;2102;A031708;U02;2026-10-08T10:10;20;22|23|7|5;AT000987
V05676;2102;A031708;U02;2026-10-08T10:30;20;22|23|7|5;AT000991
V05677;2102;A031708;U02;2026-10-08T10:50;20;22|23|7|5;AT004214
V05678;2102;A031708;U02;2026-10-08T11:10;20;22|23|7|5;AT000996
V05679;2102;A031708;U02;2026-10-08T11:30;20;22|23|7|5;AT004215
V05680;2102;A031708;U02;2026-10-08T11:50;20;22|23|7|5;
V05681;2102;A031708;U02;2026-10-08T12:10;20;22|23|7|5;
V05682;1300;A032101;U04;2026-10-08T09:00;40;1;
V05683;1300;A032101;U04;2026-10-08T09:40;40;1;AT000903
V05684;1300;A032101;U04;2026-10-08T10:20;20;2;
V05685;1300;A032101;U04;2026-10-08T10:40;20;2;AT004216
V05686;1300;A032101;U04;2026-10-08T11:00;20;2;AT004217
V05687;1300;A032101;U04;2026-10-08T11:20;20;2;AT004218
V05688;1300;A032101;U04;2026-10-08T11:40;20;2;
V05689;1300;A032101;U04;2026-10-08T12:00;20;2;
V05690;1300;A032101;U04;2026-10-08T12:20;20;2;AT004219
V05691;1300;A032101;U04;2026-10-08T12:40;20;2;AT004220
V05692;7000_2;A033403;;2026-10-08T08:00;20;1;AT000955
V05693;7000_2;A033403;;2026-10-08T08:20;20;1;AT004221
V05694;7000_2;A033403;;2026-10-08T08:40;20;1;AT004222
V05695;7000_2;A033403;;2026-10-08T09:00;20;1;AT004223
V05696;7000_2;A033403;;2026-10-08T09:20;20;1;AT004224
V05697;7000_2;A033403;;2026-10-08T09:40;20;1;AT004225
V05698;7000_2;A033403;;2026-10-08T10:00;20;1;AT004226
V05699;7000_2;A033403;;2026-10-08T10:20;20;1;AT004227
V05700;7000_2;A033403;;2026-10-08T10:40;20;1;AT004228
V05701;7000_2;A033403;;2026-10-08T11:00;20;1;AT004229
V05702;7000_2;A033403;;2026-10-08T11:20;20;1;AT004230
V05703;7000_2;A033403;;2026-10-08T11:40;20;1;AT004231
V05704;7000_2;A033403;;2026-10-08T12:00;20;1;AT004232
V05705;7000_2;A033403;;2026-10-08T12:20;20;1;AT004233
V05706;7000_2;A033403;;2026-10-08T12:40;20;1;AT004234
V05707;7000_2;A033403;;2026-10-08T13:00;20;1;AT004235
V05708;7000_2;A033403;;2026-10-08T13:20;20;1;AT004236
V05709;7000_2;A033403;;2026-10-08T13:40;20;1;AT004237
V05710;7000_2;A033403;;2026-10-08T14:00;20;1;AT004238
V05711;7000_2;A033403;;2026-10-08T14:20;20;1;AT004239
V05712;7000_2;A033403;;2026-10-08T14:40;20;1;AT004240
V05713;7000_2;A033403;;2026-10-08T15:00;20;1;AT004241
V05714;7000_2;A033403;;2026-10-08T15:20;20;1;AT004242
V05715;7000_2;A033403;;2026-10-08T15:40;20;1;AT004243
V05716;7000_3;A033410;;2026-10-08T09:00;20;1;
V05717;7000_3;A033410;;2026-10-08T09:20;20;1;
V05718;7000_3;A033410;;2026-10-08T09:40;20;1;
V05719;7000_3;A033410;;2026-10-08T10:00;20;1;
V05720;7000_3;A033410;;2026-10-08T10:20;20;1;AT004244
V05721;7000_3;A033410;;2026-10-08T10:40;20;1;
V05722;7000_3;A033410;;2026-10-08T11:00;20;1;AT004245
V05723;7000_3;A033410;;2026-10-08T11:20;20;1;AT004246
V05724;7000_3;A033410;;2026-10-08T11:40;20;1;
V05725;7000_3;A033410;;2026-10-08T12:00;20;1;AT004247
V05726;7000_3;A033410;;2026-10-08T12:20;20;1;AT004248
V05727;7000_3;A033410;;2026-10-08T12:40;20;1;AT004249
V05728;6100;E020305;;2026-10-08T07:30;10;4|9;
V05729;6100;E020305;;2026-10-08T07:40;10;4|9;AT004250
V05730;6100;E020305;;2026-10-08T07:50;10;4|9;
V05731;6100;E020305;;2026-10-08T08:00;10;4|9;
V05732;6100;E020305;;2026-10-08T08:10;10;4|9;
V05733;6100;E020305;;2026-10-08T08:20;10;4|9;AT004251
V05734;6100;E020305;;2026-10-08T08:30;10;4|9;AT004252
V05735;6100;E020305;;2026-10-08T08:40;10;4|9;AT004253
V05736;6100;E020305;;2026-10-08T08:50;10;4|9;AT004254
V05737;6100;E020305;;2026-10-08T09:00;10;4|9;
V05738;6100;E020305;;2026-10-08T09:10;10;4|9;
V05739;6100;E020305;;2026-10-08T09:20;10;4|9;AT004255
V05740;6100;E020305;;2026-10-08T09:30;10;4|9;
V05741;6100;E020305;;2026-10-08T09:40;10;4|9;
V05742;6100;E020305;;2026-10-08T09:50;10;4|9;
V05743;6100;E020305;;2026-10-08T10:00;10;4|9;AT004256
V05744;6100;E020305;;2026-10-08T10:10;10;4|9;AT004257
V05745;6100;E020305;;2026-10-08T10:20;10;4|9;AT004258
V05746;6100;E020306;;2026-10-08T07:30;10;4|9;
V05747;6100;E020306;;2026-10-08T07:40;10;4|9;
V05748;6100;E020306;;2026-10-08T07:50;10;4|9;
V05749;6100;E020306;;2026-10-08T08:00;10;4|9;AT004259
V05750;6100;E020306;;2026-10-08T08:10;10;4|9;
V05751;6100;E020306;;2026-10-08T08:20;10;4|9;AT004260
V05752;6100;E020306;;2026-10-08T08:30;10;4|9;AT004261
V05753;6100;E020306;;2026-10-08T08:40;10;4|9;
V05754;6100;E020306;;2026-10-08T08:50;10;4|9;AT004262
V05755;6100;E020306;;2026-10-08T09:00;10;4|9;AT004263
V05756;6100;E020306;;2026-10-08T09:10;10;4|9;
V05757;6100;E020306;;2026-10-08T09:20;10;4|9;AT004264
V05758;6100;E020306;;2026-10-08T09:30;10;4|9;
V05759;6100;E020306;;2026-10-08T09:40;10;4|9;
V05760;6100;E020306;;2026-10-08T09:50;10;4|9;
V05761;6100;E020306;;2026-10-08T10:00;10;4|9;AT004265
V05762;6100;E020306;;2026-10-08T10:10;10;4|9;
V05763;6100;E020306;;2026-10-08T10:20;10;4|9;
V05764;9610;H010101;;2026-10-08T08:30;240;1;
V05765;9610;H010101;;2026-10-08T13:30;240;1;AT004266
V05766;9610;H010102;;2026-10-08T08:30;240;1;AT004267
V05767;9610;H010102;;2026-10-08T13:30;240;1;AT004268
V05768;9610;H010103;;2026-10-08T08:30;240;1;AT004269
V05769;9610;H010103;;2026-10-08T13:30;240;1;
V05770;9610;H010104;;2026-10-08T08:30;240;1;AT004270
V05771;9610;H010104;;2026-10-08T13:30;240;1;AT004271
V05772;9602;A031903;U09;2026-10-08T09:00;30;3|1;
V05773;9602;A031903;U09;2026-10-08T09:30;30;3|1;
V05774;9602;A031903;U09;2026-10-08T10:00;30;3|1;
V05775;9602;A031903;U09;2026-10-08T10:30;30;3|1;AT004272
V05776;9602;A031903;U09;2026-10-08T11:00;30;3|1;
V05777;9602;A031903;U09;2026-10-08T11:30;30;3|1;
V05778;2102;A031707;U01;2026-10-09T08:30;20;22|23|7|5;AT001001
V05779;2102;A031707;U01;2026-10-09T08:50;20;22|23|7|5;AT001010
V05780;2102;A031707;U01;2026-10-09T09:10;20;22|23|7|5;AT000811
V05781;2102;A031707;U01;2026-10-09T09:30;20;22|23|7|5;AT001003
V05782;2102;A031707;U01;2026-10-09T09:50;20;22|23|7|5;AT001008
V05783;2102;A031707;U01;2026-10-09T10:10;20;22|23|7|5;AT001012
V05784;2102;A031707;U01;2026-10-09T10:30;20;22|23|7|5;AT004273
V05785;2102;A031707;U01;2026-10-09T10:50;20;22|23|7|5;AT001014
V05786;2102;A031707;U01;2026-10-09T11:10;20;22|23|7|5;
V05787;2102;A031707;U01;2026-10-09T11:30;20;22|23|7|5;AT004274
V05788;2102;A031707;U01;2026-10-09T11:50;20;22|23|7|5;AT004275
V05789;2102;A031707;U01;2026-10-09T12:10;20;22|23|7|5;AT004276
V05790;1300;A032102;U05;2026-10-09T09:00;40;1;
V05791;1300;A032102;U05;2026-10-09T09:40;40;1;
V05792;1300;A032102;U05;2026-10-09T10:20;20;2;AT004277
V05793;1300;A032102;U05;2026-10-09T10:40;20;2;AT004278
V05794;1300;A032102;U05;2026-10-09T11:00;20;2;
V05795;1300;A032102;U05;2026-10-09T11:20;20;2;AT004279
V05796;1300;A032102;U05;2026-10-09T11:40;20;2;AT004280
V05797;1300;A032102;U05;2026-10-09T12:00;20;2;AT004281
V05798;1300;A032102;U05;2026-10-09T12:20;20;2;AT004282
V05799;1300;A032102;U05;2026-10-09T12:40;20;2;AT004283
V05800;7000_2;A033403;;2026-10-09T08:00;20;1;AT004284
V05801;7000_2;A033403;;2026-10-09T08:20;20;1;AT004285
V05802;7000_2;A033403;;2026-10-09T08:40;20;1;AT004286
V05803;7000_2;A033403;;2026-10-09T09:00;20;1;AT004287
V05804;7000_2;A033403;;2026-10-09T09:20;20;1;AT004288
V05805;7000_2;A033403;;2026-10-09T09:40;20;1;AT004289
V05806;7000_2;A033403;;2026-10-09T10:00;20;1;AT004290
V05807;7000_2;A033403;;2026-10-09T10:20;20;1;AT004291
V05808;7000_2;A033403;;2026-10-09T10:40;20;1;AT004292
V05809;7000_2;A033403;;2026-10-09T11:00;20;1;AT004293
V05810;7000_2;A033403;;2026-10-09T11:20;20;1;AT004294
V05811;7000_2;A033403;;2026-10-09T11:40;20;1;AT004295
V05812;7000_2;A033403;;2026-10-09T12:00;20;1;AT004296
V05813;7000_2;A033403;;2026-10-09T12:20;20;1;AT004297
V05814;7000_2;A033403;;2026-10-09T12:40;20;1;AT004298
V05815;7000_2;A033403;;2026-10-09T13:00;20;1;AT004299
V05816;7000_2;A033403;;2026-10-09T13:20;20;1;AT004300
V05817;7000_2;A033403;;2026-10-09T13:40;20;1;AT004301
V05818;7000_2;A033403;;2026-10-09T14:00;20;1;AT004302
V05819;7000_2;A033403;;2026-10-09T14:20;20;1;AT004303
V05820;7000_2;A033403;;2026-10-09T14:40;20;1;AT004304
V05821;7000_2;A033403;;2026-10-09T15:00;20;1;AT004305
V05822;7000_2;A033403;;2026-10-09T15:20;20;1;AT004306
V05823;7000_2;A033403;;2026-10-09T15:40;20;1;AT004307
V05824;7000_3;A033410;;2026-10-09T09:00;20;1;AT004308
V05825;7000_3;A033410;;2026-10-09T09:20;20;1;AT004309
V05826;7000_3;A033410;;2026-10-09T09:40;20;1;AT004310
V05827;7000_3;A033410;;2026-10-09T10:00;20;1;AT004311
V05828;7000_3;A033410;;2026-10-09T10:20;20;1;
V05829;7000_3;A033410;;2026-10-09T10:40;20;1;AT004312
V05830;7000_3;A033410;;2026-10-09T11:00;20;1;
V05831;7000_3;A033410;;2026-10-09T11:20;20;1;AT004313
V05832;7000_3;A033410;;2026-10-09T11:40;20;1;
V05833;7000_3;A033410;;2026-10-09T12:00;20;1;
V05834;7000_3;A033410;;2026-10-09T12:20;20;1;
V05835;7000_3;A033410;;2026-10-09T12:40;20;1;
V05836;6100;E020305;;2026-10-09T07:30;10;4|9;AT000708
V05837;6100;E020305;;2026-10-09T07:40;10;4|9;
V05838;6100;E020305;;2026-10-09T07:50;10;4|9;AT004314
V05839;6100;E020305;;2026-10-09T08:00;10;4|9;
V05840;6100;E020305;;2026-10-09T08:10;10;4|9;AT004315
V05841;6100;E020305;;2026-10-09T08:20;10;4|9;AT004316
V05842;6100;E020305;;2026-10-09T08:30;10;4|9;AT004317
V05843;6100;E020305;;2026-10-09T08:40;10;4|9;AT004318
V05844;6100;E020305;;2026-10-09T08:50;10;4|9;AT004319
V05845;6100;E020305;;2026-10-09T09:00;10;4|9;
V05846;6100;E020305;;2026-10-09T09:10;10;4|9;
V05847;6100;E020305;;2026-10-09T09:20;10;4|9;AT004320
V05848;6100;E020305;;2026-10-09T09:30;10;4|9;
V05849;6100;E020305;;2026-10-09T09:40;10;4|9;
V05850;6100;E020305;;2026-10-09T09:50;10;4|9;
V05851;6100;E020305;;2026-10-09T10:00;10;4|9;AT004321
V05852;6100;E020305;;2026-10-09T10:10;10;4|9;AT004322
V05853;6100;E020305;;2026-10-09T10:20;10;4|9;
V05854;6100;E020306;;2026-10-09T07:30;10;4|9;
V05855;6100;E020306;;2026-10-09T07:40;10;4|9;
V05856;6100;E020306;;2026-10-09T07:50;10;4|9;
V05857;6100;E020306;;2026-10-09T08:00;10;4|9;
V05858;6100;E020306;;2026-10-09T08:10;10;4|9;
V05859;6100;E020306;;2026-10-09T08:20;10;4|9;
V05860;6100;E020306;;2026-10-09T08:30;10;4|9;AT004323
V05861;6100;E020306;;2026-10-09T08:40;10;4|9;
V05862;6100;E020306;;2026-10-09T08:50;10;4|9;AT004324
V05863;6100;E020306;;2026-10-09T09:00;10;4|9;
V05864;6100;E020306;;2026-10-09T09:10;10;4|9;AT004325
V05865;6100;E020306;;2026-10-09T09:20;10;4|9;
V05866;6100;E020306;;2026-10-09T09:30;10;4|9;AT004326
V05867;6100;E020306;;2026-10-09T09:40;10;4|9;
V05868;6100;E020306;;2026-10-09T09:50;10;4|9;AT004327
V05869;6100;E020306;;2026-10-09T10:00;10;4|9;AT004328
V05870;6100;E020306;;2026-10-09T10:10;10;4|9;
V05871;6100;E020306;;2026-10-09T10:20;10;4|9;
V05872;9610;H010101;;2026-10-09T08:30;240;1;AT004329
V05873;9610;H010101;;2026-10-09T13:30;240;1;AT004330
V05874;9610;H010102;;2026-10-09T08:30;240;1;AT004331
V05875;9610;H010102;;2026-10-09T13:30;240;1;
V05876;9610;H010103;;2026-10-09T08:30;240;1;AT004332
V05877;9610;H010103;;2026-10-09T13:30;240;1;
V05878;9610;H010104;;2026-10-09T08:30;240;1;AT004333
V05879;9610;H010104;;2026-10-09T13:30;240;1;AT004334
V05880;9602;A031903;U09;2026-10-09T09:00;30;3|1;AT004335
V05881;9602;A031903;U09;2026-10-09T09:30;30;3|1;
V05882;9602;A031903;U09;2026-10-09T10:00;30;3|1;AT004336
V05883;9602;A031903;U09;2026-10-09T10:30;30;3|1;
V05884;9602;A031903;U09;2026-10-09T11:00;30;3|1;AT004337
V05885;9602;A031903;U09;2026-10-09T11:30;30;3|1;AT004338
V05886;2102;A031707;U01;2026-10-12T08:30;20;22|23|7|5;AT001016
V05887;2102;A031707;U01;2026-10-12T08:50;20;22|23|7|5;AT000595
V05888;2102;A031707;U01;2026-10-12T09:10;20;22|23|7|5;AT001023
V05889;2102;A031707;U01;2026-10-12T09:30;20;22|23|7|5;AT001018
V05890;2102;A031707;U01;2026-10-12T09:50;20;22|23|7|5;
V05891;2102;A031707;U01;2026-10-12T10:10;20;22|23|7|5;AT004339
V05892;2102;A031707;U01;2026-10-12T10:30;20;22|23|7|5;
V05893;2102;A031707;U01;2026-10-12T10:50;20;22|23|7|5;AT004340
V05894;2102;A031707;U01;2026-10-12T11:10;20;22|23|7|5;
V05895;2102;A031707;U01;2026-10-12T11:30;20;22|23|7|5;
V05896;2102;A031707;U01;2026-10-12T11:50;20;22|23|7|5;AT004341
V05897;2102;A031707;U01;2026-10-12T12:10;20;22|23|7|5;AT004342
V05898;1300;A032101;U04;2026-10-12T09:00;40;1;AT004343
V05899;1300;A032101;U04;2026-10-12T09:40;40;1;
V05900;1300;A032101;U04;2026-10-12T10:20;20;2;AT004344
V05901;1300;A032101;U04;2026-10-12T10:40;20;2;
V05902;1300;A032101;U04;2026-10-12T11:00;20;2;AT004345
V05903;1300;A032101;U04;2026-10-12T11:20;20;2;AT004346
V05904;1300;A032101;U04;2026-10-12T11:40;20;2;
V05905;1300;A032101;U04;2026-10-12T12:00;20;2;AT004347
V05906;1300;A032101;U04;2026-10-12T12:20;20;2;AT004348
V05907;1300;A032101;U04;2026-10-12T12:40;20;2;AT004349
V05908;7000_2;A033403;;2026-10-12T08:00;20;1;AT000709
V05909;7000_2;A033403;;2026-10-12T08:20;20;1;AT004350
V05910;7000_2;A033403;;2026-10-12T08:40;20;1;AT004351
V05911;7000_2;A033403;;2026-10-12T09:00;20;1;AT004352
V05912;7000_2;A033403;;2026-10-12T09:20;20;1;AT004353
V05913;7000_2;A033403;;2026-10-12T09:40;20;1;AT004354
V05914;7000_2;A033403;;2026-10-12T10:00;20;1;AT004355
V05915;7000_2;A033403;;2026-10-12T10:20;20;1;AT004356
V05916;7000_2;A033403;;2026-10-12T10:40;20;1;AT004357
V05917;7000_2;A033403;;2026-10-12T11:00;20;1;AT004358
V05918;7000_2;A033403;;2026-10-12T11:20;20;1;AT004359
V05919;7000_2;A033403;;2026-10-12T11:40;20;1;AT004360
V05920;7000_2;A033403;;2026-10-12T12:00;20;1;AT004361
V05921;7000_2;A033403;;2026-10-12T12:20;20;1;AT004362
V05922;7000_2;A033403;;2026-10-12T12:40;20;1;AT004363
V05923;7000_2;A033403;;2026-10-12T13:00;20;1;AT004364
V05924;7000_2;A033403;;2026-10-12T13:20;20;1;AT004365
V05925;7000_2;A033403;;2026-10-12T13:40;20;1;AT004366
V05926;7000_2;A033403;;2026-10-12T14:00;20;1;AT004367
V05927;7000_2;A033403;;2026-10-12T14:20;20;1;AT004368
V05928;7000_2;A033403;;2026-10-12T14:40;20;1;AT004369
V05929;7000_2;A033403;;2026-10-12T15:00;20;1;AT004370
V05930;7000_2;A033403;;2026-10-12T15:20;20;1;AT004371
V05931;7000_2;A033403;;2026-10-12T15:40;20;1;AT004372
V05932;7000_3;A033410;;2026-10-12T09:00;20;1;
V05933;7000_3;A033410;;2026-10-12T09:20;20;1;AT004373
V05934;7000_3;A033410;;2026-10-12T09:40;20;1;
V05935;7000_3;A033410;;2026-10-12T10:00;20;1;AT004374
V05936;7000_3;A033410;;2026-10-12T10:20;20;1;AT004375
V05937;7000_3;A033410;;2026-10-12T10:40;20;1;
V05938;7000_3;A033410;;2026-10-12T11:00;20;1;
V05939;7000_3;A033410;;2026-10-12T11:20;20;1;
V05940;7000_3;A033410;;2026-10-12T11:40;20;1;
V05941;7000_3;A033410;;2026-10-12T12:00;20;1;
V05942;7000_3;A033410;;2026-10-12T12:20;20;1;AT004376
V05943;7000_3;A033410;;2026-10-12T12:40;20;1;
V05944;6100;E020305;;2026-10-12T07:30;10;4|9;AT000725
V05945;6100;E020305;;2026-10-12T07:40;10;4|9;
V05946;6100;E020305;;2026-10-12T07:50;10;4|9;AT004377
V05947;6100;E020305;;2026-10-12T08:00;10;4|9;
V05948;6100;E020305;;2026-10-12T08:10;10;4|9;AT004378
V05949;6100;E020305;;2026-10-12T08:20;10;4|9;
V05950;6100;E020305;;2026-10-12T08:30;10;4|9;
V05951;6100;E020305;;2026-10-12T08:40;10;4|9;AT004379
V05952;6100;E020305;;2026-10-12T08:50;10;4|9;AT004380
V05953;6100;E020305;;2026-10-12T09:00;10;4|9;AT004381
V05954;6100;E020305;;2026-10-12T09:10;10;4|9;AT004382
V05955;6100;E020305;;2026-10-12T09:20;10;4|9;AT004383
V05956;6100;E020305;;2026-10-12T09:30;10;4|9;
V05957;6100;E020305;;2026-10-12T09:40;10;4|9;
V05958;6100;E020305;;2026-10-12T09:50;10;4|9;AT004384
V05959;6100;E020305;;2026-10-12T10:00;10;4|9;AT004385
V05960;6100;E020305;;2026-10-12T10:10;10;4|9;AT004386
V05961;6100;E020305;;2026-10-12T10:20;10;4|9;AT004387
V05962;6100;E020306;;2026-10-12T07:30;10;4|9;AT000958
V05963;6100;E020306;;2026-10-12T07:40;10;4|9;AT004388
V05964;6100;E020306;;2026-10-12T07:50;10;4|9;AT004389
V05965;6100;E020306;;2026-10-12T08:00;10;4|9;AT004390
V05966;6100;E020306;;2026-10-12T08:10;10;4|9;AT004391
V05967;6100;E020306;;2026-10-12T08:20;10;4|9;AT004392
V05968;6100;E020306;;2026-10-12T08:30;10;4|9;
V05969;6100;E020306;;2026-10-12T08:40;10;4|9;
V05970;6100;E020306;;2026-10-12T08:50;10;4|9;AT004393
V05971;6100;E020306;;2026-10-12T09:00;10;4|9;
V05972;6100;E020306;;2026-10-12T09:10;10;4|9;
V05973;6100;E020306;;2026-10-12T09:20;10;4|9;AT004394
V05974;6100;E020306;;2026-10-12T09:30;10;4|9;AT004395
V05975;6100;E020306;;2026-10-12T09:40;10;4|9;AT004396
V05976;6100;E020306;;2026-10-12T09:50;10;4|9;
V05977;6100;E020306;;2026-10-12T10:00;10;4|9;AT004397
V05978;6100;E020306;;2026-10-12T10:10;10;4|9;AT004398
V05979;6100;E020306;;2026-10-12T10:20;10;4|9;AT004399
V05980;9610;H010101;;2026-10-12T08:30;240;1;AT004400
V05981;9610;H010101;;2026-10-12T13:30;240;1;AT004401
V05982;9610;H010102;;2026-10-12T08:30;240;1;AT004402
V05983;9610;H010102;;2026-10-12T13:30;240;1;AT004403
V05984;9610;H010103;;2026-10-12T08:30;240;1;
V05985;9610;H010103;;2026-10-12T13:30;240;1;
V05986;9610;H010104;;2026-10-12T08:30;240;1;AT004404
V05987;9610;H010104;;2026-10-12T13:30;240;1;AT004405
V05988;9602;A031903;U09;2026-10-12T09:00;30;3|1;AT004406
V05989;9602;A031903;U09;2026-10-12T09:30;30;3|1;
V05990;9602;A031903;U09;2026-10-12T10:00;30;3|1;
V05991;9602;A031903;U09;2026-10-12T10:30;30;3|1;AT004407
V05992;9602;A031903;U09;2026-10-12T11:00;30;3|1;AT004408
V05993;9602;A031903;U09;2026-10-12T11:30;30;3|1;
V05994;2102;A031708;U02;2026-10-13T08:30;20;22|23|7|5;AT000505
V05995;2102;A031708;U02;2026-10-13T08:50;20;22|23|7|5;AT001031
V05996;2102;A031708;U02;2026-10-13T09:10;20;22|23|7|5;AT001026
V05997;2102;A031708;U02;2026-10-13T09:30;20;22|23|7|5;AT001033
V05998;2102;A031708;U02;2026-10-13T09:50;20;22|23|7|5;AT004409
V05999;2102;A031708;U02;2026-10-13T10:10;20;22|23|7|5;AT004410
V06000;2102;A031708;U02;2026-10-13T10:30;20;22|23|7|5;AT004411
V06001;2102;A031708;U02;2026-10-13T10:50;20;22|23|7|5;AT004412
V06002;2102;A031708;U02;2026-10-13T11:10;20;22|23|7|5;AT004413
V06003;2102;A031708;U02;2026-10-13T11:30;20;22|23|7|5;AT004414
V06004;2102;A031708;U02;2026-10-13T11:50;20;22|23|7|5;
V06005;2102;A031708;U02;2026-10-13T12:10;20;22|23|7|5;
V06006;1300;A032102;U05;2026-10-13T09:00;40;1;
V06007;1300;A032102;U05;2026-10-13T09:40;40;1;AT004415
V06008;1300;A032102;U05;2026-10-13T10:20;20;2;
V06009;1300;A032102;U05;2026-10-13T10:40;20;2;AT004416
V06010;1300;A032102;U05;2026-10-13T11:00;20;2;AT004417
V06011;1300;A032102;U05;2026-10-13T11:20;20;2;AT004418
V06012;1300;A032102;U05;2026-10-13T11:40;20;2;AT004419
V06013;1300;A032102;U05;2026-10-13T12:00;20;2;AT004420
V06014;1300;A032102;U05;2026-10-13T12:20;20;2;AT004421
V06015;1300;A032102;U05;2026-10-13T12:40;20;2;AT004422
V06016;7000_2;A033403;;2026-10-13T08:00;20;1;AT000726
V06017;7000_2;A033403;;2026-10-13T08:20;20;1;AT000959
V06018;7000_2;A033403;;2026-10-13T08:40;20;1;AT004423
V06019;7000_2;A033403;;2026-10-13T09:00;20;1;AT004424
V06020;7000_2;A033403;;2026-10-13T09:20;20;1;AT004425
V06021;7000_2;A033403;;2026-10-13T09:40;20;1;AT004426
V06022;7000_2;A033403;;2026-10-13T10:00;20;1;AT004427
V06023;7000_2;A033403;;2026-10-13T10:20;20;1;AT004428
V06024;7000_2;A033403;;2026-10-13T10:40;20;1;AT004429
V06025;7000_2;A033403;;2026-10-13T11:00;20;1;AT004430
V06026;7000_2;A033403;;2026-10-13T11:20;20;1;AT004431
V06027;7000_2;A033403;;2026-10-13T11:40;20;1;AT004432
V06028;7000_2;A033403;;2026-10-13T12:00;20;1;AT004433
V06029;7000_2;A033403;;2026-10-13T12:20;20;1;AT004434
V06030;7000_2;A033403;;2026-10-13T12:40;20;1;AT004435
V06031;7000_2;A033403;;2026-10-13T13:00;20;1;AT004436
V06032;7000_2;A033403;;2026-10-13T13:20;20;1;AT004437
V06033;7000_2;A033403;;2026-10-13T13:40;20;1;AT004438
V06034;7000_2;A033403;;2026-10-13T14:00;20;1;AT004439
V06035;7000_2;A033403;;2026-10-13T14:20;20;1;AT004440
V06036;7000_2;A033403;;2026-10-13T14:40;20;1;AT004441
V06037;7000_2;A033403;;2026-10-13T15:00;20;1;AT004442
V06038;7000_2;A033403;;2026-10-13T15:20;20;1;AT004443
V06039;7000_2;A033403;;2026-10-13T15:40;20;1;AT004444
V06040;7000_3;A033410;;2026-10-13T09:00;20;1;AT004445
V06041;7000_3;A033410;;2026-10-13T09:20;20;1;AT004446
V06042;7000_3;A033410;;2026-10-13T09:40;20;1;
V06043;7000_3;A033410;;2026-10-13T10:00;20;1;
V06044;7000_3;A033410;;2026-10-13T10:20;20;1;AT004447
V06045;7000_3;A033410;;2026-10-13T10:40;20;1;AT004448
V06046;7000_3;A033410;;2026-10-13T11:00;20;1;
V06047;7000_3;A033410;;2026-10-13T11:20;20;1;
V06048;7000_3;A033410;;2026-10-13T11:40;20;1;AT004449
V06049;7000_3;A033410;;2026-10-13T12:00;20;1;AT004450
V06050;7000_3;A033410;;2026-10-13T12:20;20;1;
V06051;7000_3;A033410;;2026-10-13T12:40;20;1;
V06052;6100;E020305;;2026-10-13T07:30;10;4|9;AT004451
V06053;6100;E020305;;2026-10-13T07:40;10;4|9;
V06054;6100;E020305;;2026-10-13T07:50;10;4|9;
V06055;6100;E020305;;2026-10-13T08:00;10;4|9;AT004452
V06056;6100;E020305;;2026-10-13T08:10;10;4|9;
V06057;6100;E020305;;2026-10-13T08:20;10;4|9;AT004453
V06058;6100;E020305;;2026-10-13T08:30;10;4|9;
V06059;6100;E020305;;2026-10-13T08:40;10;4|9;AT004454
V06060;6100;E020305;;2026-10-13T08:50;10;4|9;
V06061;6100;E020305;;2026-10-13T09:00;10;4|9;
V06062;6100;E020305;;2026-10-13T09:10;10;4|9;
V06063;6100;E020305;;2026-10-13T09:20;10;4|9;
V06064;6100;E020305;;2026-10-13T09:30;10;4|9;AT004455
V06065;6100;E020305;;2026-10-13T09:40;10;4|9;
V06066;6100;E020305;;2026-10-13T09:50;10;4|9;AT004456
V06067;6100;E020305;;2026-10-13T10:00;10;4|9;AT004457
V06068;6100;E020305;;2026-10-13T10:10;10;4|9;
V06069;6100;E020305;;2026-10-13T10:20;10;4|9;AT004458
V06070;6100;E020306;;2026-10-13T07:30;10;4|9;
V06071;6100;E020306;;2026-10-13T07:40;10;4|9;AT004459
V06072;6100;E020306;;2026-10-13T07:50;10;4|9;
V06073;6100;E020306;;2026-10-13T08:00;10;4|9;
V06074;6100;E020306;;2026-10-13T08:10;10;4|9;
V06075;6100;E020306;;2026-10-13T08:20;10;4|9;AT004460
V06076;6100;E020306;;2026-10-13T08:30;10;4|9;AT004461
V06077;6100;E020306;;2026-10-13T08:40;10;4|9;
V06078;6100;E020306;;2026-10-13T08:50;10;4|9;
V06079;6100;E020306;;2026-10-13T09:00;10;4|9;
V06080;6100;E020306;;2026-10-13T09:10;10;4|9;AT004462
V06081;6100;E020306;;2026-10-13T09:20;10;4|9;
V06082;6100;E020306;;2026-10-13T09:30;10;4|9;
V06083;6100;E020306;;2026-10-13T09:40;10;4|9;
V06084;6100;E020306;;2026-10-13T09:50;10;4|9;
V06085;6100;E020306;;2026-10-13T10:00;10;4|9;AT004463
V06086;6100;E020306;;2026-10-13T10:10;10;4|9;AT004464
V06087;6100;E020306;;2026-10-13T10:20;10;4|9;AT004465
V06088;9610;H010101;;2026-10-13T08:30;240;1;
V06089;9610;H010101;;2026-10-13T13:30;240;1;AT004466
V06090;9610;H010102;;2026-10-13T08:30;240;1;AT004467
V06091;9610;H010102;;2026-10-13T13:30;240;1;
V06092;9610;H010103;;2026-10-13T08:30;240;1;AT004468
V06093;9610;H010103;;2026-10-13T13:30;240;1;AT004469
V06094;9610;H010104;;2026-10-13T08:30;240;1;AT004470
V06095;9610;H010104;;2026-10-13T13:30;240;1;AT004471
V06096;9602;A031903;U09;2026-10-13T09:00;30;3|1;
V06097;9602;A031903;U09;2026-10-13T09:30;30;3|1;AT004472
V06098;9602;A031903;U09;2026-10-13T10:00;30;3|1;
V06099;9602;A031903;U09;2026-10-13T10:30;30;3|1;
V06100;9602;A031903;U09;2026-10-13T11:00;30;3|1;AT004473
V06101;9602;A031903;U09;2026-10-13T11:30;30;3|1;
V06102;2102;A031707;U01;2026-10-14T08:30;20;22|23|7|5;AT004474
V06103;2102;A031707;U01;2026-10-14T08:50;20;22|23|7|5;
V06104;2102;A031707;U01;2026-10-14T09:10;20;22|23|7|5;AT004475
V06105;2102;A031707;U01;2026-10-14T09:30;20;22|23|7|5;
V06106;2102;A031707;U01;2026-10-14T09:50;20;22|23|7|5;
V06107;2102;A031707;U01;2026-10-14T10:10;20;22|23|7|5;AT004476
V06108;2102;A031707;U01;2026-10-14T10:30;20;22|23|7|5;
V06109;2102;A031707;U01;2026-10-14T10:50;20;22|23|7|5;
V06110;2102;A031707;U01;2026-10-14T11:10;20;22|23|7|5;AT004477
V06111;2102;A031707;U01;2026-10-14T11:30;20;22|23|7|5;AT004478
V06112;2102;A031707;U01;2026-10-14T11:50;20;22|23|7|5;AT004479
V06113;2102;A031707;U01;2026-10-14T12:10;20;22|23|7|5;AT004480
V06114;2300;A032501;U06;2026-10-14T09:00;40;1;AT004481
V06115;2300;A032501;U06;2026-10-14T09:40;40;1;
V06116;2300;A032501;U06;2026-10-14T10:20;40;1;
V06117;2300;A032501;U06;2026-10-14T11:00;40;1;AT004482
V06118;2300;A032501;U06;2026-10-14T11:40;40;1;AT004483
V06119;7000_2;A033403;;2026-10-14T08:00;20;1;
V06120;7000_2;A033403;;2026-10-14T08:20;20;1;
V06121;7000_2;A033403;;2026-10-14T08:40;20;1;
V06122;7000_2;A033403;;2026-10-14T09:00;20;1;
V06123;7000_2;A033403;;2026-10-14T09:20;20;1;AT001005
V06124;7000_2;A033403;;2026-10-14T09:40;20;1;AT004484
V06125;7000_2;A033403;;2026-10-14T10:00;20;1;AT004485
V06126;7000_2;A033403;;2026-10-14T10:20;20;1;
V06127;7000_2;A033403;;2026-10-14T10:40;20;1;
V06128;7000_2;A033403;;2026-10-14T11:00;20;1;
V06129;7000_2;A033403;;2026-10-14T11:20;20;1;AT004486
V06130;7000_2;A033403;;2026-10-14T11:40;20;1;AT004487
V06131;7000_2;A033403;;2026-10-14T12:00;20;1;AT004488
V06132;7000_2;A033403;;2026-10-14T12:20;20;1;AT004489
V06133;7000_2;A033403;;2026-10-14T12:40;20;1;
V06134;7000_2;A033403;;2026-10-14T13:00;20;1;AT004490
V06135;7000_2;A033403;;2026-10-14T13:20;20;1;AT004491
V06136;7000_2;A033403;;2026-10-14T13:40;20;1;AT004492
V06137;7000_2;A033403;;2026-10-14T14:00;20;1;AT004493
V06138;7000_2;A033403;;2026-10-14T14:20;20;1;AT004494
V06139;7000_2;A033403;;2026-10-14T14:40;20;1;AT004495
V06140;7000_2;A033403;;2026-10-14T15:00;20;1;
V06141;7000_2;A033403;;2026-10-14T15:20;20;1;AT004496
V06142;7000_2;A033403;;2026-10-14T15:40;20;1;AT004497
V06143;7000_3;A033410;;2026-10-14T09:00;20;1;AT004498
V06144;7000_3;A033410;;2026-10-14T09:20;20;1;AT004499
V06145;7000_3;A033410;;2026-10-14T09:40;20;1;AT004500
V06146;7000_3;A033410;;2026-10-14T10:00;20;1;
V06147;7000_3;A033410;;2026-10-14T10:20;20;1;
V06148;7000_3;A033410;;2026-10-14T10:40;20;1;AT004501
V06149;7000_3;A033410;;2026-10-14T11:00;20;1;AT004502
V06150;7000_3;A033410;;2026-10-14T11:20;20;1;AT004503
V06151;7000_3;A033410;;2026-10-14T11:40;20;1;
V06152;7000_3;A033410;;2026-10-14T12:00;20;1;AT004504
V06153;7000_3;A033410;;2026-10-14T12:20;20;1;
V06154;7000_3;A033410;;2026-10-14T12:40;20;1;AT004505
V06155;6100;E020305;;2026-10-14T07:30;10;4|9;
V06156;6100;E020305;;2026-10-14T07:40;10;4|9;AT004506
V06157;6100;E020305;;2026-10-14T07:50;10;4|9;AT004507
V06158;6100;E020305;;2026-10-14T08:00;10;4|9;AT004508
V06159;6100;E020305;;2026-10-14T08:10;10;4|9;AT004509
V06160;6100;E020305;;2026-10-14T08:20;10;4|9;AT004510
V06161;6100;E020305;;2026-10-14T08:30;10;4|9;AT004511
V06162;6100;E020305;;2026-10-14T08:40;10;4|9;
V06163;6100;E020305;;2026-10-14T08:50;10;4|9;
V06164;6100;E020305;;2026-10-14T09:00;10;4|9;
V06165;6100;E020305;;2026-10-14T09:10;10;4|9;
V06166;6100;E020305;;2026-10-14T09:20;10;4|9;
V06167;6100;E020305;;2026-10-14T09:30;10;4|9;AT004512
V06168;6100;E020305;;2026-10-14T09:40;10;4|9;AT004513
V06169;6100;E020305;;2026-10-14T09:50;10;4|9;
V06170;6100;E020305;;2026-10-14T10:00;10;4|9;AT004514
V06171;6100;E020305;;2026-10-14T10:10;10;4|9;AT004515
V06172;6100;E020305;;2026-10-14T10:20;10;4|9;
V06173;6100;E020306;;2026-10-14T07:30;10;4|9;AT000900
V06174;6100;E020306;;2026-10-14T07:40;10;4|9;
V06175;6100;E020306;;2026-10-14T07:50;10;4|9;AT004516
V06176;6100;E020306;;2026-10-14T08:00;10;4|9;
V06177;6100;E020306;;2026-10-14T08:10;10;4|9;
V06178;6100;E020306;;2026-10-14T08:20;10;4|9;
V06179;6100;E020306;;2026-10-14T08:30;10;4|9;
V06180;6100;E020306;;2026-10-14T08:40;10;4|9;
V06181;6100;E020306;;2026-10-14T08:50;10;4|9;AT004517
V06182;6100;E020306;;2026-10-14T09:00;10;4|9;AT004518
V06183;6100;E020306;;2026-10-14T09:10;10;4|9;AT004519
V06184;6100;E020306;;2026-10-14T09:20;10;4|9;AT004520
V06185;6100;E020306;;2026-10-14T09:30;10;4|9;
V06186;6100;E020306;;2026-10-14T09:40;10;4|9;
V06187;6100;E020306;;2026-10-14T09:50;10;4|9;
V06188;6100;E020306;;2026-10-14T10:00;10;4|9;AT004521
V06189;6100;E020306;;2026-10-14T10:10;10;4|9;
V06190;6100;E020306;;2026-10-14T10:20;10;4|9;AT004522
V06191;9610;H010101;;2026-10-14T08:30;240;1;AT004523
V06192;9610;H010101;;2026-10-14T13:30;240;1;
V06193;9610;H010102;;2026-10-14T08:30;240;1;AT004524
V06194;9610;H010102;;2026-10-14T13:30;240;1;AT004525
V06195;9610;H010103;;2026-10-14T08:30;240;1;AT004526
V06196;9610;H010103;;2026-10-14T13:30;240;1;AT004527
V06197;9610;H010104;;2026-10-14T08:30;240;1;AT004528
V06198;9610;H010104;;2026-10-14T13:30;240;1;AT004529
V06199;9602;A031903;U09;2026-10-14T09:00;30;3|1;
V06200;9602;A031903;U09;2026-10-14T09:30;30;3|1;AT004530
V06201;9602;A031903;U09;2026-10-14T10:00;30;3|1;AT004531
V06202;9602;A031903;U09;2026-10-14T10:30;30;3|1;AT004532
V06203;9602;A031903;U09;2026-10-14T11:00;30;3|1;
V06204;9602;A031903;U09;2026-10-14T11:30;30;3|1;AT004533
V06205;2102;A031708;U02;2026-10-15T08:30;20;22|23|7|5;AT004534
V06206;2102;A031708;U02;2026-10-15T08:50;20;22|23|7|5;
V06207;2102;A031708;U02;2026-10-15T09:10;20;22|23|7|5;AT004535
V06208;2102;A031708;U02;2026-10-15T09:30;20;22|23|7|5;AT004536
V06209;2102;A031708;U02;2026-10-15T09:50;20;22|23|7|5;
V06210;2102;A031708;U02;2026-10-15T10:10;20;22|23|7|5;AT004537
V06211;2102;A031708;U02;2026-10-15T10:30;20;22|23|7|5;
V06212;2102;A031708;U02;2026-10-15T10:50;20;22|23|7|5;
V06213;2102;A031708;U02;2026-10-15T11:10;20;22|23|7|5;
V06214;2102;A031708;U02;2026-10-15T11:30;20;22|23|7|5;
V06215;2102;A031708;U02;2026-10-15T11:50;20;22|23|7|5;
V06216;2102;A031708;U02;2026-10-15T12:10;20;22|23|7|5;
V06217;1300;A032101;U04;2026-10-15T09:00;40;1;AT004538
V06218;1300;A032101;U04;2026-10-15T09:40;40;1;
V06219;1300;A032101;U04;2026-10-15T10:20;20;2;AT004539
V06220;1300;A032101;U04;2026-10-15T10:40;20;2;
V06221;1300;A032101;U04;2026-10-15T11:00;20;2;
V06222;1300;A032101;U04;2026-10-15T11:20;20;2;
V06223;1300;A032101;U04;2026-10-15T11:40;20;2;AT004540
V06224;1300;A032101;U04;2026-10-15T12:00;20;2;
V06225;1300;A032101;U04;2026-10-15T12:20;20;2;AT004541
V06226;1300;A032101;U04;2026-10-15T12:40;20;2;
V06227;7000_2;A033403;;2026-10-15T08:00;20;1;
V06228;7000_2;A033403;;2026-10-15T08:20;20;1;AT004542
V06229;7000_2;A033403;;2026-10-15T08:40;20;1;AT004543
V06230;7000_2;A033403;;2026-10-15T09:00;20;1;AT004544
V06231;7000_2;A033403;;2026-10-15T09:20;20;1;AT004545
V06232;7000_2;A033403;;2026-10-15T09:40;20;1;AT004546
V06233;7000_2;A033403;;2026-10-15T10:00;20;1;
V06234;7000_2;A033403;;2026-10-15T10:20;20;1;
V06235;7000_2;A033403;;2026-10-15T10:40;20;1;
V06236;7000_2;A033403;;2026-10-15T11:00;20;1;
V06237;7000_2;A033403;;2026-10-15T11:20;20;1;
V06238;7000_2;A033403;;2026-10-15T11:40;20;1;AT004547
V06239;7000_2;A033403;;2026-10-15T12:00;20;1;
V06240;7000_2;A033403;;2026-10-15T12:20;20;1;AT004548
V06241;7000_2;A033403;;2026-10-15T12:40;20;1;AT004549
V06242;7000_2;A033403;;2026-10-15T13:00;20;1;AT004550
V06243;7000_2;A033403;;2026-10-15T13:20;20;1;AT004551
V06244;7000_2;A033403;;2026-10-15T13:40;20;1;AT004552
V06245;7000_2;A033403;;2026-10-15T14:00;20;1;
V06246;7000_2;A033403;;2026-10-15T14:20;20;1;AT004553
V06247;7000_2;A033403;;2026-10-15T14:40;20;1;AT004554
V06248;7000_2;A033403;;2026-10-15T15:00;20;1;
V06249;7000_2;A033403;;2026-10-15T15:20;20;1;AT004555
V06250;7000_2;A033403;;2026-10-15T15:40;20;1;AT004556
V06251;7000_3;A033410;;2026-10-15T09:00;20;1;
V06252;7000_3;A033410;;2026-10-15T09:20;20;1;AT004557
V06253;7000_3;A033410;;2026-10-15T09:40;20;1;
V06254;7000_3;A033410;;2026-10-15T10:00;20;1;
V06255;7000_3;A033410;;2026-10-15T10:20;20;1;AT004558
V06256;7000_3;A033410;;2026-10-15T10:40;20;1;
V06257;7000_3;A033410;;2026-10-15T11:00;20;1;
V06258;7000_3;A033410;;2026-10-15T11:20;20;1;
V06259;7000_3;A033410;;2026-10-15T11:40;20;1;
V06260;7000_3;A033410;;2026-10-15T12:00;20;1;
V06261;7000_3;A033410;;2026-10-15T12:20;20;1;AT004559
V06262;7000_3;A033410;;2026-10-15T12:40;20;1;AT004560
V06263;6100;E020305;;2026-10-15T07:30;10;4|9;AT004561
V06264;6100;E020305;;2026-10-15T07:40;10;4|9;
V06265;6100;E020305;;2026-10-15T07:50;10;4|9;
V06266;6100;E020305;;2026-10-15T08:00;10;4|9;
V06267;6100;E020305;;2026-10-15T08:10;10;4|9;AT004562
V06268;6100;E020305;;2026-10-15T08:20;10;4|9;
V06269;6100;E020305;;2026-10-15T08:30;10;4|9;
V06270;6100;E020305;;2026-10-15T08:40;10;4|9;AT004563
V06271;6100;E020305;;2026-10-15T08:50;10;4|9;
V06272;6100;E020305;;2026-10-15T09:00;10;4|9;
V06273;6100;E020305;;2026-10-15T09:10;10;4|9;
V06274;6100;E020305;;2026-10-15T09:20;10;4|9;
V06275;6100;E020305;;2026-10-15T09:30;10;4|9;AT004564
V06276;6100;E020305;;2026-10-15T09:40;10;4|9;
V06277;6100;E020305;;2026-10-15T09:50;10;4|9;
V06278;6100;E020305;;2026-10-15T10:00;10;4|9;AT004565
V06279;6100;E020305;;2026-10-15T10:10;10;4|9;
V06280;6100;E020305;;2026-10-15T10:20;10;4|9;AT004566
V06281;6100;E020306;;2026-10-15T07:30;10;4|9;
V06282;6100;E020306;;2026-10-15T07:40;10;4|9;
V06283;6100;E020306;;2026-10-15T07:50;10;4|9;AT004567
V06284;6100;E020306;;2026-10-15T08:00;10;4|9;
V06285;6100;E020306;;2026-10-15T08:10;10;4|9;
V06286;6100;E020306;;2026-10-15T08:20;10;4|9;
V06287;6100;E020306;;2026-10-15T08:30;10;4|9;
V06288;6100;E020306;;2026-10-15T08:40;10;4|9;AT004568
V06289;6100;E020306;;2026-10-15T08:50;10;4|9;
V06290;6100;E020306;;2026-10-15T09:00;10;4|9;AT004569
V06291;6100;E020306;;2026-10-15T09:10;10;4|9;
V06292;6100;E020306;;2026-10-15T09:20;10;4|9;AT004570
V06293;6100;E020306;;2026-10-15T09:30;10;4|9;AT004571
V06294;6100;E020306;;2026-10-15T09:40;10;4|9;AT004572
V06295;6100;E020306;;2026-10-15T09:50;10;4|9;
V06296;6100;E020306;;2026-10-15T10:00;10;4|9;
V06297;6100;E020306;;2026-10-15T10:10;10;4|9;
V06298;6100;E020306;;2026-10-15T10:20;10;4|9;AT004573
V06299;9610;H010101;;2026-10-15T08:30;240;1;AT004574
V06300;9610;H010101;;2026-10-15T13:30;240;1;AT004575
V06301;9610;H010102;;2026-10-15T08:30;240;1;AT004576
V06302;9610;H010102;;2026-10-15T13:30;240;1;
V06303;9610;H010103;;2026-10-15T08:30;240;1;AT004577
V06304;9610;H010103;;2026-10-15T13:30;240;1;
V06305;9610;H010104;;2026-10-15T08:30;240;1;
V06306;9610;H010104;;2026-10-15T13:30;240;1;AT004578
V06307;9602;A031903;U09;2026-10-15T09:00;30;3|1;
V06308;9602;A031903;U09;2026-10-15T09:30;30;3|1;
V06309;9602;A031903;U09;2026-10-15T10:00;30;3|1;AT004579
V06310;9602;A031903;U09;2026-10-15T10:30;30;3|1;
V06311;9602;A031903;U09;2026-10-15T11:00;30;3|1;
V06312;9602;A031903;U09;2026-10-15T11:30;30;3|1;AT004580
V06313;2102;A031707;U01;2026-10-16T08:30;20;22|23|7|5;AT004581
V06314;2102;A031707;U01;2026-10-16T08:50;20;22|23|7|5;AT000901
V06315;2102;A031707;U01;2026-10-16T09:10;20;22|23|7|5;AT000956
V06316;2102;A031707;U01;2026-10-16T09:30;20;22|23|7|5;AT004582
V06317;2102;A031707;U01;2026-10-16T09:50;20;22|23|7|5;
V06318;2102;A031707;U01;2026-10-16T10:10;20;22|23|7|5;AT004583
V06319;2102;A031707;U01;2026-10-16T10:30;20;22|23|7|5;
V06320;2102;A031707;U01;2026-10-16T10:50;20;22|23|7|5;AT004584
V06321;2102;A031707;U01;2026-10-16T11:10;20;22|23|7|5;
V06322;2102;A031707;U01;2026-10-16T11:30;20;22|23|7|5;
V06323;2102;A031707;U01;2026-10-16T11:50;20;22|23|7|5;
V06324;2102;A031707;U01;2026-10-16T12:10;20;22|23|7|5;
V06325;1300;A032102;U05;2026-10-16T09:00;40;1;AT004585
V06326;1300;A032102;U05;2026-10-16T09:40;40;1;AT004586
V06327;1300;A032102;U05;2026-10-16T10:20;20;2;
V06328;1300;A032102;U05;2026-10-16T10:40;20;2;AT004587
V06329;1300;A032102;U05;2026-10-16T11:00;20;2;AT004588
V06330;1300;A032102;U05;2026-10-16T11:20;20;2;AT004589
V06331;1300;A032102;U05;2026-10-16T11:40;20;2;
V06332;1300;A032102;U05;2026-10-16T12:00;20;2;AT004590
V06333;1300;A032102;U05;2026-10-16T12:20;20;2;AT004591
V06334;1300;A032102;U05;2026-10-16T12:40;20;2;
V06335;7000_2;A033403;;2026-10-16T08:00;20;1;
V06336;7000_2;A033403;;2026-10-16T08:20;20;1;
V06337;7000_2;A033403;;2026-10-16T08:40;20;1;
V06338;7000_2;A033403;;2026-10-16T09:00;20;1;
V06339;7000_2;A033403;;2026-10-16T09:20;20;1;AT004592
V06340;7000_2;A033403;;2026-10-16T09:40;20;1;AT004593
V06341;7000_2;A033403;;2026-10-16T10:00;20;1;AT004594
V06342;7000_2;A033403;;2026-10-16T10:20;20;1;
V06343;7000_2;A033403;;2026-10-16T10:40;20;1;
V06344;7000_2;A033403;;2026-10-16T11:00;20;1;AT004595
V06345;7000_2;A033403;;2026-10-16T11:20;20;1;AT004596
V06346;7000_2;A033403;;2026-10-16T11:40;20;1;
V06347;7000_2;A033403;;2026-10-16T12:00;20;1;
V06348;7000_2;A033403;;2026-10-16T12:20;20;1;
V06349;7000_2;A033403;;2026-10-16T12:40;20;1;AT004597
V06350;7000_2;A033403;;2026-10-16T13:00;20;1;AT004598
V06351;7000_2;A033403;;2026-10-16T13:20;20;1;AT004599
V06352;7000_2;A033403;;2026-10-16T13:40;20;1;
V06353;7000_2;A033403;;2026-10-16T14:00;20;1;AT004600
V06354;7000_2;A033403;;2026-10-16T14:20;20;1;AT004601
V06355;7000_2;A033403;;2026-10-16T14:40;20;1;AT004602
V06356;7000_2;A033403;;2026-10-16T15:00;20;1;AT004603
V06357;7000_2;A033403;;2026-10-16T15:20;20;1;AT004604
V06358;7000_2;A033403;;2026-10-16T15:40;20;1;AT004605
V06359;7000_3;A033410;;2026-10-16T09:00;20;1;AT004606
V06360;7000_3;A033410;;2026-10-16T09:20;20;1;
V06361;7000_3;A033410;;2026-10-16T09:40;20;1;
V06362;7000_3;A033410;;2026-10-16T10:00;20;1;AT004607
V06363;7000_3;A033410;;2026-10-16T10:20;20;1;
V06364;7000_3;A033410;;2026-10-16T10:40;20;1;
V06365;7000_3;A033410;;2026-10-16T11:00;20;1;
V06366;7000_3;A033410;;2026-10-16T11:20;20;1;
V06367;7000_3;A033410;;2026-10-16T11:40;20;1;
V06368;7000_3;A033410;;2026-10-16T12:00;20;1;
V06369;7000_3;A033410;;2026-10-16T12:20;20;1;AT004608
V06370;7000_3;A033410;;2026-10-16T12:40;20;1;
V06371;6100;E020305;;2026-10-16T07:30;10;4|9;
V06372;6100;E020305;;2026-10-16T07:40;10;4|9;AT004609
V06373;6100;E020305;;2026-10-16T07:50;10;4|9;
V06374;6100;E020305;;2026-10-16T08:00;10;4|9;
V06375;6100;E020305;;2026-10-16T08:10;10;4|9;
V06376;6100;E020305;;2026-10-16T08:20;10;4|9;
V06377;6100;E020305;;2026-10-16T08:30;10;4|9;
V06378;6100;E020305;;2026-10-16T08:40;10;4|9;AT004610
V06379;6100;E020305;;2026-10-16T08:50;10;4|9;
V06380;6100;E020305;;2026-10-16T09:00;10;4|9;AT004611
V06381;6100;E020305;;2026-10-16T09:10;10;4|9;
V06382;6100;E020305;;2026-10-16T09:20;10;4|9;AT004612
V06383;6100;E020305;;2026-10-16T09:30;10;4|9;AT004613
V06384;6100;E020305;;2026-10-16T09:40;10;4|9;
V06385;6100;E020305;;2026-10-16T09:50;10;4|9;
V06386;6100;E020305;;2026-10-16T10:00;10;4|9;
V06387;6100;E020305;;2026-10-16T10:10;10;4|9;
V06388;6100;E020305;;2026-10-16T10:20;10;4|9;AT004614
V06389;6100;E020306;;2026-10-16T07:30;10;4|9;
V06390;6100;E020306;;2026-10-16T07:40;10;4|9;
V06391;6100;E020306;;2026-10-16T07:50;10;4|9;
V06392;6100;E020306;;2026-10-16T08:00;10;4|9;
V06393;6100;E020306;;2026-10-16T08:10;10;4|9;
V06394;6100;E020306;;2026-10-16T08:20;10;4|9;AT004615
V06395;6100;E020306;;2026-10-16T08:30;10;4|9;
V06396;6100;E020306;;2026-10-16T08:40;10;4|9;AT004616
V06397;6100;E020306;;2026-10-16T08:50;10;4|9;
V06398;6100;E020306;;2026-10-16T09:00;10;4|9;AT004617
V06399;6100;E020306;;2026-10-16T09:10;10;4|9;
V06400;6100;E020306;;2026-10-16T09:20;10;4|9;AT004618
V06401;6100;E020306;;2026-10-16T09:30;10;4|9;AT004619
V06402;6100;E020306;;2026-10-16T09:40;10;4|9;
V06403;6100;E020306;;2026-10-16T09:50;10;4|9;
V06404;6100;E020306;;2026-10-16T10:00;10;4|9;
V06405;6100;E020306;;2026-10-16T10:10;10;4|9;
V06406;6100;E020306;;2026-10-16T10:20;10;4|9;AT004620
V06407;9610;H010101;;2026-10-16T08:30;240;1;
V06408;9610;H010101;;2026-10-16T13:30;240;1;AT004621
V06409;9610;H010102;;2026-10-16T08:30;240;1;
V06410;9610;H010102;;2026-10-16T13:30;240;1;
V06411;9610;H010103;;2026-10-16T08:30;240;1;
V06412;9610;H010103;;2026-10-16T13:30;240;1;
V06413;9610;H010104;;2026-10-16T08:30;240;1;
V06414;9610;H010104;;2026-10-16T13:30;240;1;
V06415;9602;A031903;U09;2026-10-16T09:00;30;3|1;
V06416;9602;A031903;U09;2026-10-16T09:30;30;3|1;
V06417;9602;A031903;U09;2026-10-16T10:00;30;3|1;
V06418;9602;A031903;U09;2026-10-16T10:30;30;3|1;AT004622
V06419;9602;A031903;U09;2026-10-16T11:00;30;3|1;
V06420;9602;A031903;U09;2026-10-16T11:30;30;3|1;
V06421;2102;A031707;U01;2026-10-19T08:30;20;22|23|7|5;AT000710
V06422;2102;A031707;U01;2026-10-19T08:50;20;22|23|7|5;
V06423;2102;A031707;U01;2026-10-19T09:10;20;22|23|7|5;
V06424;2102;A031707;U01;2026-10-19T09:30;20;22|23|7|5;
V06425;2102;A031707;U01;2026-10-19T09:50;20;22|23|7|5;AT004623
V06426;2102;A031707;U01;2026-10-19T10:10;20;22|23|7|5;
V06427;2102;A031707;U01;2026-10-19T10:30;20;22|23|7|5;
V06428;2102;A031707;U01;2026-10-19T10:50;20;22|23|7|5;
V06429;2102;A031707;U01;2026-10-19T11:10;20;22|23|7|5;
V06430;2102;A031707;U01;2026-10-19T11:30;20;22|23|7|5;
V06431;2102;A031707;U01;2026-10-19T11:50;20;22|23|7|5;
V06432;2102;A031707;U01;2026-10-19T12:10;20;22|23|7|5;AT004624
V06433;1300;A032101;U04;2026-10-19T09:00;40;1;
V06434;1300;A032101;U04;2026-10-19T09:40;40;1;AT004625
V06435;1300;A032101;U04;2026-10-19T10:20;20;2;AT004626
V06436;1300;A032101;U04;2026-10-19T10:40;20;2;
V06437;1300;A032101;U04;2026-10-19T11:00;20;2;AT004627
V06438;1300;A032101;U04;2026-10-19T11:20;20;2;AT004628
V06439;1300;A032101;U04;2026-10-19T11:40;20;2;AT004629
V06440;1300;A032101;U04;2026-10-19T12:00;20;2;
V06441;1300;A032101;U04;2026-10-19T12:20;20;2;
V06442;1300;A032101;U04;2026-10-19T12:40;20;2;
V06443;7000_2;A033403;;2026-10-19T08:00;20;1;AT000796
V06444;7000_2;A033403;;2026-10-19T08:20;20;1;
V06445;7000_2;A033403;;2026-10-19T08:40;20;1;AT001020
V06446;7000_2;A033403;;2026-10-19T09:00;20;1;
V06447;7000_2;A033403;;2026-10-19T09:20;20;1;AT004630
V06448;7000_2;A033403;;2026-10-19T09:40;20;1;
V06449;7000_2;A033403;;2026-10-19T10:00;20;1;
V06450;7000_2;A033403;;2026-10-19T10:20;20;1;AT004631
V06451;7000_2;A033403;;2026-10-19T10:40;20;1;
V06452;7000_2;A033403;;2026-10-19T11:00;20;1;
V06453;7000_2;A033403;;2026-10-19T11:20;20;1;AT004632
V06454;7000_2;A033403;;2026-10-19T11:40;20;1;AT004633
V06455;7000_2;A033403;;2026-10-19T12:00;20;1;AT004634
V06456;7000_2;A033403;;2026-10-19T12:20;20;1;
V06457;7000_2;A033403;;2026-10-19T12:40;20;1;
V06458;7000_2;A033403;;2026-10-19T13:00;20;1;
V06459;7000_2;A033403;;2026-10-19T13:20;20;1;
V06460;7000_2;A033403;;2026-10-19T13:40;20;1;AT004635
V06461;7000_2;A033403;;2026-10-19T14:00;20;1;AT004636
V06462;7000_2;A033403;;2026-10-19T14:20;20;1;
V06463;7000_2;A033403;;2026-10-19T14:40;20;1;AT004637
V06464;7000_2;A033403;;2026-10-19T15:00;20;1;AT004638
V06465;7000_2;A033403;;2026-10-19T15:20;20;1;
V06466;7000_2;A033403;;2026-10-19T15:40;20;1;AT004639
V06467;7000_3;A033410;;2026-10-19T09:00;20;1;
V06468;7000_3;A033410;;2026-10-19T09:20;20;1;AT004640
V06469;7000_3;A033410;;2026-10-19T09:40;20;1;
V06470;7000_3;A033410;;2026-10-19T10:00;20;1;
V06471;7000_3;A033410;;2026-10-19T10:20;20;1;AT004641
V06472;7000_3;A033410;;2026-10-19T10:40;20;1;
V06473;7000_3;A033410;;2026-10-19T11:00;20;1;AT004642
V06474;7000_3;A033410;;2026-10-19T11:20;20;1;AT004643
V06475;7000_3;A033410;;2026-10-19T11:40;20;1;
V06476;7000_3;A033410;;2026-10-19T12:00;20;1;
V06477;7000_3;A033410;;2026-10-19T12:20;20;1;
V06478;7000_3;A033410;;2026-10-19T12:40;20;1;
V06479;6100;E020305;;2026-10-19T07:30;10;4|9;
V06480;6100;E020305;;2026-10-19T07:40;10;4|9;AT004644
V06481;6100;E020305;;2026-10-19T07:50;10;4|9;
V06482;6100;E020305;;2026-10-19T08:00;10;4|9;
V06483;6100;E020305;;2026-10-19T08:10;10;4|9;
V06484;6100;E020305;;2026-10-19T08:20;10;4|9;
V06485;6100;E020305;;2026-10-19T08:30;10;4|9;AT004645
V06486;6100;E020305;;2026-10-19T08:40;10;4|9;
V06487;6100;E020305;;2026-10-19T08:50;10;4|9;
V06488;6100;E020305;;2026-10-19T09:00;10;4|9;AT004646
V06489;6100;E020305;;2026-10-19T09:10;10;4|9;
V06490;6100;E020305;;2026-10-19T09:20;10;4|9;AT004647
V06491;6100;E020305;;2026-10-19T09:30;10;4|9;
V06492;6100;E020305;;2026-10-19T09:40;10;4|9;
V06493;6100;E020305;;2026-10-19T09:50;10;4|9;AT004648
V06494;6100;E020305;;2026-10-19T10:00;10;4|9;
V06495;6100;E020305;;2026-10-19T10:10;10;4|9;
V06496;6100;E020305;;2026-10-19T10:20;10;4|9;AT004649
V06497;6100;E020306;;2026-10-19T07:30;10;4|9;AT000904
V06498;6100;E020306;;2026-10-19T07:40;10;4|9;AT004650
V06499;6100;E020306;;2026-10-19T07:50;10;4|9;
V06500;6100;E020306;;2026-10-19T08:00;10;4|9;
V06501;6100;E020306;;2026-10-19T08:10;10;4|9;AT004651
V06502;6100;E020306;;2026-10-19T08:20;10;4|9;AT004652
V06503;6100;E020306;;2026-10-19T08:30;10;4|9;AT004653
V06504;6100;E020306;;2026-10-19T08:40;10;4|9;
V06505;6100;E020306;;2026-10-19T08:50;10;4|9;AT004654
V06506;6100;E020306;;2026-10-19T09:00;10;4|9;
V06507;6100;E020306;;2026-10-19T09:10;10;4|9;
V06508;6100;E020306;;2026-10-19T09:20;10;4|9;
V06509;6100;E020306;;2026-10-19T09:30;10;4|9;
V06510;6100;E020306;;2026-10-19T09:40;10;4|9;
V06511;6100;E020306;;2026-10-19T09:50;10;4|9;
V06512;6100;E020306;;2026-10-19T10:00;10;4|9;
V06513;6100;E020306;;2026-10-19T10:10;10;4|9;AT004655
V06514;6100;E020306;;2026-10-19T10:20;10;4|9;AT004656
V06515;9610;H010101;;2026-10-19T08:30;240;1;
V06516;9610;H010101;;2026-10-19T13:30;240;1;
V06517;9610;H010102;;2026-10-19T08:30;240;1;AT004657
V06518;9610;H010102;;2026-10-19T13:30;240;1;
V06519;9610;H010103;;2026-10-19T08:30;240;1;
V06520;9610;H010103;;2026-10-19T13:30;240;1;AT004658
V06521;9610;H010104;;2026-10-19T08:30;240;1;AT004659
V06522;9610;H010104;;2026-10-19T13:30;240;1;
V06523;9602;A031903;U09;2026-10-19T09:00;30;3|1;
V06524;9602;A031903;U09;2026-10-19T09:30;30;3|1;AT004660
V06525;9602;A031903;U09;2026-10-19T10:00;30;3|1;
V06526;9602;A031903;U09;2026-10-19T10:30;30;3|1;AT004661
V06527;9602;A031903;U09;2026-10-19T11:00;30;3|1;
V06528;9602;A031903;U09;2026-10-19T11:30;30;3|1;
V06529;2102;A031708;U02;2026-10-20T08:30;20;22|23|7|5;AT000727
V06530;2102;A031708;U02;2026-10-20T08:50;20;22|23|7|5;
V06531;2102;A031708;U02;2026-10-20T09:10;20;22|23|7|5;
V06532;2102;A031708;U02;2026-10-20T09:30;20;22|23|7|5;
V06533;2102;A031708;U02;2026-10-20T09:50;20;22|23|7|5;
V06534;2102;A031708;U02;2026-10-20T10:10;20;22|23|7|5;AT004662
V06535;2102;A031708;U02;2026-10-20T10:30;20;22|23|7|5;
V06536;2102;A031708;U02;2026-10-20T10:50;20;22|23|7|5;
V06537;2102;A031708;U02;2026-10-20T11:10;20;22|23|7|5;
V06538;2102;A031708;U02;2026-10-20T11:30;20;22|23|7|5;AT004663
V06539;2102;A031708;U02;2026-10-20T11:50;20;22|23|7|5;AT004664
V06540;2102;A031708;U02;2026-10-20T12:10;20;22|23|7|5;AT004665
V06541;1300;A032102;U05;2026-10-20T09:00;40;1;
V06542;1300;A032102;U05;2026-10-20T09:40;40;1;AT004666
V06543;1300;A032102;U05;2026-10-20T10:20;20;2;AT004667
V06544;1300;A032102;U05;2026-10-20T10:40;20;2;
V06545;1300;A032102;U05;2026-10-20T11:00;20;2;
V06546;1300;A032102;U05;2026-10-20T11:20;20;2;AT004668
V06547;1300;A032102;U05;2026-10-20T11:40;20;2;AT004669
V06548;1300;A032102;U05;2026-10-20T12:00;20;2;
V06549;1300;A032102;U05;2026-10-20T12:20;20;2;
V06550;1300;A032102;U05;2026-10-20T12:40;20;2;AT004670
V06551;7000_2;A033403;;2026-10-20T08:00;20;1;
V06552;7000_2;A033403;;2026-10-20T08:20;20;1;
V06553;7000_2;A033403;;2026-10-20T08:40;20;1;AT004671
V06554;7000_2;A033403;;2026-10-20T09:00;20;1;
V06555;7000_2;A033403;;2026-10-20T09:20;20;1;AT004672
V06556;7000_2;A033403;;2026-10-20T09:40;20;1;AT004673
V06557;7000_2;A033403;;2026-10-20T10:00;20;1;AT004674
V06558;7000_2;A033403;;2026-10-20T10:20;20;1;
V06559;7000_2;A033403;;2026-10-20T10:40;20;1;AT004675
V06560;7000_2;A033403;;2026-10-20T11:00;20;1;
V06561;7000_2;A033403;;2026-10-20T11:20;20;1;AT004676
V06562;7000_2;A033403;;2026-10-20T11:40;20;1;
V06563;7000_2;A033403;;2026-10-20T12:00;20;1;
V06564;7000_2;A033403;;2026-10-20T12:20;20;1;AT004677
V06565;7000_2;A033403;;2026-10-20T12:40;20;1;
V06566;7000_2;A033403;;2026-10-20T13:00;20;1;AT004678
V06567;7000_2;A033403;;2026-10-20T13:20;20;1;
V06568;7000_2;A033403;;2026-10-20T13:40;20;1;
V06569;7000_2;A033403;;2026-10-20T14:00;20;1;AT004679
V06570;7000_2;A033403;;2026-10-20T14:20;20;1;
V06571;7000_2;A033403;;2026-10-20T14:40;20;1;
V06572;7000_2;A033403;;2026-10-20T15:00;20;1;
V06573;7000_2;A033403;;2026-10-20T15:20;20;1;AT004680
V06574;7000_2;A033403;;2026-10-20T15:40;20;1;
V06575;7000_3;A033410;;2026-10-20T09:00;20;1;
V06576;7000_3;A033410;;2026-10-20T09:20;20;1;
V06577;7000_3;A033410;;2026-10-20T09:40;20;1;
V06578;7000_3;A033410;;2026-10-20T10:00;20;1;AT004681
V06579;7000_3;A033410;;2026-10-20T10:20;20;1;
V06580;7000_3;A033410;;2026-10-20T10:40;20;1;AT004682
V06581;7000_3;A033410;;2026-10-20T11:00;20;1;
V06582;7000_3;A033410;;2026-10-20T11:20;20;1;
V06583;7000_3;A033410;;2026-10-20T11:40;20;1;AT004683
V06584;7000_3;A033410;;2026-10-20T12:00;20;1;AT004684
V06585;7000_3;A033410;;2026-10-20T12:20;20;1;
V06586;7000_3;A033410;;2026-10-20T12:40;20;1;
V06587;6100;E020305;;2026-10-20T07:30;10;4|9;
V06588;6100;E020305;;2026-10-20T07:40;10;4|9;
V06589;6100;E020305;;2026-10-20T07:50;10;4|9;
V06590;6100;E020305;;2026-10-20T08:00;10;4|9;
V06591;6100;E020305;;2026-10-20T08:10;10;4|9;
V06592;6100;E020305;;2026-10-20T08:20;10;4|9;
V06593;6100;E020305;;2026-10-20T08:30;10;4|9;AT004685
V06594;6100;E020305;;2026-10-20T08:40;10;4|9;
V06595;6100;E020305;;2026-10-20T08:50;10;4|9;
V06596;6100;E020305;;2026-10-20T09:00;10;4|9;
V06597;6100;E020305;;2026-10-20T09:10;10;4|9;
V06598;6100;E020305;;2026-10-20T09:20;10;4|9;
V06599;6100;E020305;;2026-10-20T09:30;10;4|9;
V06600;6100;E020305;;2026-10-20T09:40;10;4|9;
V06601;6100;E020305;;2026-10-20T09:50;10;4|9;
V06602;6100;E020305;;2026-10-20T10:00;10;4|9;
V06603;6100;E020305;;2026-10-20T10:10;10;4|9;AT004686
V06604;6100;E020305;;2026-10-20T10:20;10;4|9;AT004687
V06605;6100;E020306;;2026-10-20T07:30;10;4|9;AT004688
V06606;6100;E020306;;2026-10-20T07:40;10;4|9;AT004689
V06607;6100;E020306;;2026-10-20T07:50;10;4|9;
V06608;6100;E020306;;2026-10-20T08:00;10;4|9;
V06609;6100;E020306;;2026-10-20T08:10;10;4|9;
V06610;6100;E020306;;2026-10-20T08:20;10;4|9;
V06611;6100;E020306;;2026-10-20T08:30;10;4|9;
V06612;6100;E020306;;2026-10-20T08:40;10;4|9;
V06613;6100;E020306;;2026-10-20T08:50;10;4|9;
V06614;6100;E020306;;2026-10-20T09:00;10;4|9;
V06615;6100;E020306;;2026-10-20T09:10;10;4|9;
V06616;6100;E020306;;2026-10-20T09:20;10;4|9;
V06617;6100;E020306;;2026-10-20T09:30;10;4|9;
V06618;6100;E020306;;2026-10-20T09:40;10;4|9;
V06619;6100;E020306;;2026-10-20T09:50;10;4|9;AT004690
V06620;6100;E020306;;2026-10-20T10:00;10;4|9;
V06621;6100;E020306;;2026-10-20T10:10;10;4|9;
V06622;6100;E020306;;2026-10-20T10:20;10;4|9;
V06623;9610;H010101;;2026-10-20T08:30;240;1;
V06624;9610;H010101;;2026-10-20T13:30;240;1;AT004691
V06625;9610;H010102;;2026-10-20T08:30;240;1;
V06626;9610;H010102;;2026-10-20T13:30;240;1;AT004692
V06627;9610;H010103;;2026-10-20T08:30;240;1;
V06628;9610;H010103;;2026-10-20T13:30;240;1;
V06629;9610;H010104;;2026-10-20T08:30;240;1;
V06630;9610;H010104;;2026-10-20T13:30;240;1;AT004693
V06631;9602;A031903;U09;2026-10-20T09:00;30;3|1;
V06632;9602;A031903;U09;2026-10-20T09:30;30;3|1;
V06633;9602;A031903;U09;2026-10-20T10:00;30;3|1;
V06634;9602;A031903;U09;2026-10-20T10:30;30;3|1;
V06635;9602;A031903;U09;2026-10-20T11:00;30;3|1;
V06636;9602;A031903;U09;2026-10-20T11:30;30;3|1;
V06637;2102;A031707;U01;2026-10-21T08:30;20;22|23|7|5;
V06638;2102;A031707;U01;2026-10-21T08:50;20;22|23|7|5;
V06639;2102;A031707;U01;2026-10-21T09:10;20;22|23|7|5;
V06640;2102;A031707;U01;2026-10-21T09:30;20;22|23|7|5;AT000905
V06641;2102;A031707;U01;2026-10-21T09:50;20;22|23|7|5;AT000960
V06642;2102;A031707;U01;2026-10-21T10:10;20;22|23|7|5;AT004694
V06643;2102;A031707;U01;2026-10-21T10:30;20;22|23|7|5;AT001006
V06644;2102;A031707;U01;2026-10-21T10:50;20;22|23|7|5;AT004695
V06645;2102;A031707;U01;2026-10-21T11:10;20;22|23|7|5;
V06646;2102;A031707;U01;2026-10-21T11:30;20;22|23|7|5;
V06647;2102;A031707;U01;2026-10-21T11:50;20;22|23|7|5;
V06648;2102;A031707;U01;2026-10-21T12:10;20;22|23|7|5;
V06649;2300;A032501;U06;2026-10-21T09:00;40;1;
V06650;2300;A032501;U06;2026-10-21T09:40;40;1;
V06651;2300;A032501;U06;2026-10-21T10:20;40;1;
V06652;2300;A032501;U06;2026-10-21T11:00;40;1;
V06653;2300;A032501;U06;2026-10-21T11:40;40;1;
V06654;7000_2;A033403;;2026-10-21T08:00;20;1;
V06655;7000_2;A033403;;2026-10-21T08:20;20;1;
V06656;7000_2;A033403;;2026-10-21T08:40;20;1;
V06657;7000_2;A033403;;2026-10-21T09:00;20;1;
V06658;7000_2;A033403;;2026-10-21T09:20;20;1;AT004696
V06659;7000_2;A033403;;2026-10-21T09:40;20;1;
V06660;7000_2;A033403;;2026-10-21T10:00;20;1;
V06661;7000_2;A033403;;2026-10-21T10:20;20;1;
V06662;7000_2;A033403;;2026-10-21T10:40;20;1;AT004697
V06663;7000_2;A033403;;2026-10-21T11:00;20;1;AT004698
V06664;7000_2;A033403;;2026-10-21T11:20;20;1;AT004699
V06665;7000_2;A033403;;2026-10-21T11:40;20;1;AT004700
V06666;7000_2;A033403;;2026-10-21T12:00;20;1;AT004701
V06667;7000_2;A033403;;2026-10-21T12:20;20;1;
V06668;7000_2;A033403;;2026-10-21T12:40;20;1;
V06669;7000_2;A033403;;2026-10-21T13:00;20;1;AT004702
V06670;7000_2;A033403;;2026-10-21T13:20;20;1;
V06671;7000_2;A033403;;2026-10-21T13:40;20;1;AT004703
V06672;7000_2;A033403;;2026-10-21T14:00;20;1;AT004704
V06673;7000_2;A033403;;2026-10-21T14:20;20;1;
V06674;7000_2;A033403;;2026-10-21T14:40;20;1;AT004705
V06675;7000_2;A033403;;2026-10-21T15:00;20;1;
V06676;7000_2;A033403;;2026-10-21T15:20;20;1;
V06677;7000_2;A033403;;2026-10-21T15:40;20;1;AT004706
V06678;7000_3;A033410;;2026-10-21T09:00;20;1;AT004707
V06679;7000_3;A033410;;2026-10-21T09:20;20;1;
V06680;7000_3;A033410;;2026-10-21T09:40;20;1;
V06681;7000_3;A033410;;2026-10-21T10:00;20;1;
V06682;7000_3;A033410;;2026-10-21T10:20;20;1;
V06683;7000_3;A033410;;2026-10-21T10:40;20;1;
V06684;7000_3;A033410;;2026-10-21T11:00;20;1;AT004708
V06685;7000_3;A033410;;2026-10-21T11:20;20;1;AT004709
V06686;7000_3;A033410;;2026-10-21T11:40;20;1;AT004710
V06687;7000_3;A033410;;2026-10-21T12:00;20;1;AT004711
V06688;7000_3;A033410;;2026-10-21T12:20;20;1;
V06689;7000_3;A033410;;2026-10-21T12:40;20;1;
V06690;6100;E020305;;2026-10-21T07:30;10;4|9;
V06691;6100;E020305;;2026-10-21T07:40;10;4|9;
V06692;6100;E020305;;2026-10-21T07:50;10;4|9;
V06693;6100;E020305;;2026-10-21T08:00;10;4|9;
V06694;6100;E020305;;2026-10-21T08:10;10;4|9;
V06695;6100;E020305;;2026-10-21T08:20;10;4|9;
V06696;6100;E020305;;2026-10-21T08:30;10;4|9;
V06697;6100;E020305;;2026-10-21T08:40;10;4|9;
V06698;6100;E020305;;2026-10-21T08:50;10;4|9;
V06699;6100;E020305;;2026-10-21T09:00;10;4|9;
V06700;6100;E020305;;2026-10-21T09:10;10;4|9;
V06701;6100;E020305;;2026-10-21T09:20;10;4|9;
V06702;6100;E020305;;2026-10-21T09:30;10;4|9;
V06703;6100;E020305;;2026-10-21T09:40;10;4|9;
V06704;6100;E020305;;2026-10-21T09:50;10;4|9;
V06705;6100;E020305;;2026-10-21T10:00;10;4|9;
V06706;6100;E020305;;2026-10-21T10:10;10;4|9;
V06707;6100;E020305;;2026-10-21T10:20;10;4|9;AT004712
V06708;6100;E020306;;2026-10-21T07:30;10;4|9;
V06709;6100;E020306;;2026-10-21T07:40;10;4|9;
V06710;6100;E020306;;2026-10-21T07:50;10;4|9;
V06711;6100;E020306;;2026-10-21T08:00;10;4|9;
V06712;6100;E020306;;2026-10-21T08:10;10;4|9;
V06713;6100;E020306;;2026-10-21T08:20;10;4|9;
V06714;6100;E020306;;2026-10-21T08:30;10;4|9;AT004713
V06715;6100;E020306;;2026-10-21T08:40;10;4|9;
V06716;6100;E020306;;2026-10-21T08:50;10;4|9;
V06717;6100;E020306;;2026-10-21T09:00;10;4|9;AT004714
V06718;6100;E020306;;2026-10-21T09:10;10;4|9;
V06719;6100;E020306;;2026-10-21T09:20;10;4|9;
V06720;6100;E020306;;2026-10-21T09:30;10;4|9;AT004715
V06721;6100;E020306;;2026-10-21T09:40;10;4|9;
V06722;6100;E020306;;2026-10-21T09:50;10;4|9;
V06723;6100;E020306;;2026-10-21T10:00;10;4|9;
V06724;6100;E020306;;2026-10-21T10:10;10;4|9;
V06725;6100;E020306;;2026-10-21T10:20;10;4|9;
V06726;9610;H010101;;2026-10-21T08:30;240;1;
V06727;9610;H010101;;2026-10-21T13:30;240;1;
V06728;9610;H010102;;2026-10-21T08:30;240;1;
V06729;9610;H010102;;2026-10-21T13:30;240;1;
V06730;9610;H010103;;2026-10-21T08:30;240;1;
V06731;9610;H010103;;2026-10-21T13:30;240;1;
V06732;9610;H010104;;2026-10-21T08:30;240;1;
V06733;9610;H010104;;2026-10-21T13:30;240;1;AT004716
V06734;9602;A031903;U09;2026-10-21T09:00;30;3|1;
V06735;9602;A031903;U09;2026-10-21T09:30;30;3|1;
V06736;9602;A031903;U09;2026-10-21T10:00;30;3|1;
V06737;9602;A031903;U09;2026-10-21T10:30;30;3|1;
V06738;9602;A031903;U09;2026-10-21T11:00;30;3|1;
V06739;9602;A031903;U09;2026-10-21T11:30;30;3|1;
V06740;2102;A031708;U02;2026-10-22T08:30;20;22|23|7|5;
V06741;2102;A031708;U02;2026-10-22T08:50;20;22|23|7|5;AT004717
V06742;2102;A031708;U02;2026-10-22T09:10;20;22|23|7|5;AT004718
V06743;2102;A031708;U02;2026-10-22T09:30;20;22|23|7|5;
V06744;2102;A031708;U02;2026-10-22T09:50;20;22|23|7|5;
V06745;2102;A031708;U02;2026-10-22T10:10;20;22|23|7|5;
V06746;2102;A031708;U02;2026-10-22T10:30;20;22|23|7|5;AT004719
V06747;2102;A031708;U02;2026-10-22T10:50;20;22|23|7|5;AT004720
V06748;2102;A031708;U02;2026-10-22T11:10;20;22|23|7|5;AT004721
V06749;2102;A031708;U02;2026-10-22T11:30;20;22|23|7|5;
V06750;2102;A031708;U02;2026-10-22T11:50;20;22|23|7|5;
V06751;2102;A031708;U02;2026-10-22T12:10;20;22|23|7|5;AT004722
V06752;1300;A032101;U04;2026-10-22T09:00;40;1;
V06753;1300;A032101;U04;2026-10-22T09:40;40;1;AT004723
V06754;1300;A032101;U04;2026-10-22T10:20;20;2;AT004724
V06755;1300;A032101;U04;2026-10-22T10:40;20;2;
V06756;1300;A032101;U04;2026-10-22T11:00;20;2;
V06757;1300;A032101;U04;2026-10-22T11:20;20;2;
V06758;1300;A032101;U04;2026-10-22T11:40;20;2;
V06759;1300;A032101;U04;2026-10-22T12:00;20;2;AT004725
V06760;1300;A032101;U04;2026-10-22T12:20;20;2;
V06761;1300;A032101;U04;2026-10-22T12:40;20;2;AT004726
V06762;7000_2;A033403;;2026-10-22T08:00;20;1;
V06763;7000_2;A033403;;2026-10-22T08:20;20;1;AT004727
V06764;7000_2;A033403;;2026-10-22T08:40;20;1;
V06765;7000_2;A033403;;2026-10-22T09:00;20;1;
V06766;7000_2;A033403;;2026-10-22T09:20;20;1;
V06767;7000_2;A033403;;2026-10-22T09:40;20;1;
V06768;7000_2;A033403;;2026-10-22T10:00;20;1;AT004728
V06769;7000_2;A033403;;2026-10-22T10:20;20;1;AT004729
V06770;7000_2;A033403;;2026-10-22T10:40;20;1;AT004730
V06771;7000_2;A033403;;2026-10-22T11:00;20;1;AT004731
V06772;7000_2;A033403;;2026-10-22T11:20;20;1;
V06773;7000_2;A033403;;2026-10-22T11:40;20;1;AT004732
V06774;7000_2;A033403;;2026-10-22T12:00;20;1;AT004733
V06775;7000_2;A033403;;2026-10-22T12:20;20;1;
V06776;7000_2;A033403;;2026-10-22T12:40;20;1;AT004734
V06777;7000_2;A033403;;2026-10-22T13:00;20;1;AT004735
V06778;7000_2;A033403;;2026-10-22T13:20;20;1;
V06779;7000_2;A033403;;2026-10-22T13:40;20;1;
V06780;7000_2;A033403;;2026-10-22T14:00;20;1;AT004736
V06781;7000_2;A033403;;2026-10-22T14:20;20;1;
V06782;7000_2;A033403;;2026-10-22T14:40;20;1;AT004737
V06783;7000_2;A033403;;2026-10-22T15:00;20;1;
V06784;7000_2;A033403;;2026-10-22T15:20;20;1;
V06785;7000_2;A033403;;2026-10-22T15:40;20;1;AT004738
V06786;7000_3;A033410;;2026-10-22T09:00;20;1;
V06787;7000_3;A033410;;2026-10-22T09:20;20;1;
V06788;7000_3;A033410;;2026-10-22T09:40;20;1;
V06789;7000_3;A033410;;2026-10-22T10:00;20;1;
V06790;7000_3;A033410;;2026-10-22T10:20;20;1;
V06791;7000_3;A033410;;2026-10-22T10:40;20;1;
V06792;7000_3;A033410;;2026-10-22T11:00;20;1;AT004739
V06793;7000_3;A033410;;2026-10-22T11:20;20;1;
V06794;7000_3;A033410;;2026-10-22T11:40;20;1;
V06795;7000_3;A033410;;2026-10-22T12:00;20;1;
V06796;7000_3;A033410;;2026-10-22T12:20;20;1;
V06797;7000_3;A033410;;2026-10-22T12:40;20;1;
V06798;6100;E020305;;2026-10-22T07:30;10;4|9;AT004740
V06799;6100;E020305;;2026-10-22T07:40;10;4|9;
V06800;6100;E020305;;2026-10-22T07:50;10;4|9;
V06801;6100;E020305;;2026-10-22T08:00;10;4|9;
V06802;6100;E020305;;2026-10-22T08:10;10;4|9;
V06803;6100;E020305;;2026-10-22T08:20;10;4|9;
V06804;6100;E020305;;2026-10-22T08:30;10;4|9;AT004741
V06805;6100;E020305;;2026-10-22T08:40;10;4|9;
V06806;6100;E020305;;2026-10-22T08:50;10;4|9;
V06807;6100;E020305;;2026-10-22T09:00;10;4|9;AT004742
V06808;6100;E020305;;2026-10-22T09:10;10;4|9;
V06809;6100;E020305;;2026-10-22T09:20;10;4|9;
V06810;6100;E020305;;2026-10-22T09:30;10;4|9;
V06811;6100;E020305;;2026-10-22T09:40;10;4|9;
V06812;6100;E020305;;2026-10-22T09:50;10;4|9;
V06813;6100;E020305;;2026-10-22T10:00;10;4|9;
V06814;6100;E020305;;2026-10-22T10:10;10;4|9;AT004743
V06815;6100;E020305;;2026-10-22T10:20;10;4|9;AT004744
V06816;6100;E020306;;2026-10-22T07:30;10;4|9;
V06817;6100;E020306;;2026-10-22T07:40;10;4|9;
V06818;6100;E020306;;2026-10-22T07:50;10;4|9;AT004745
V06819;6100;E020306;;2026-10-22T08:00;10;4|9;
V06820;6100;E020306;;2026-10-22T08:10;10;4|9;
V06821;6100;E020306;;2026-10-22T08:20;10;4|9;
V06822;6100;E020306;;2026-10-22T08:30;10;4|9;
V06823;6100;E020306;;2026-10-22T08:40;10;4|9;
V06824;6100;E020306;;2026-10-22T08:50;10;4|9;
V06825;6100;E020306;;2026-10-22T09:00;10;4|9;
V06826;6100;E020306;;2026-10-22T09:10;10;4|9;
V06827;6100;E020306;;2026-10-22T09:20;10;4|9;
V06828;6100;E020306;;2026-10-22T09:30;10;4|9;AT004746
V06829;6100;E020306;;2026-10-22T09:40;10;4|9;AT004747
V06830;6100;E020306;;2026-10-22T09:50;10;4|9;
V06831;6100;E020306;;2026-10-22T10:00;10;4|9;
V06832;6100;E020306;;2026-10-22T10:10;10;4|9;
V06833;6100;E020306;;2026-10-22T10:20;10;4|9;
V06834;9610;H010101;;2026-10-22T08:30;240;1;AT004748
V06835;9610;H010101;;2026-10-22T13:30;240;1;
V06836;9610;H010102;;2026-10-22T08:30;240;1;
V06837;9610;H010102;;2026-10-22T13:30;240;1;
V06838;9610;H010103;;2026-10-22T08:30;240;1;AT004749
V06839;9610;H010103;;2026-10-22T13:30;240;1;AT004750
V06840;9610;H010104;;2026-10-22T08:30;240;1;
V06841;9610;H010104;;2026-10-22T13:30;240;1;AT004751
V06842;9602;A031903;U09;2026-10-22T09:00;30;3|1;
V06843;9602;A031903;U09;2026-10-22T09:30;30;3|1;
V06844;9602;A031903;U09;2026-10-22T10:00;30;3|1;
V06845;9602;A031903;U09;2026-10-22T10:30;30;3|1;
V06846;9602;A031903;U09;2026-10-22T11:00;30;3|1;AT004752
V06847;9602;A031903;U09;2026-10-22T11:30;30;3|1;
V06848;2102;A031707;U01;2026-10-23T08:30;20;22|23|7|5;
V06849;2102;A031707;U01;2026-10-23T08:50;20;22|23|7|5;
V06850;2102;A031707;U01;2026-10-23T09:10;20;22|23|7|5;
V06851;2102;A031707;U01;2026-10-23T09:30;20;22|23|7|5;AT004753
V06852;2102;A031707;U01;2026-10-23T09:50;20;22|23|7|5;
V06853;2102;A031707;U01;2026-10-23T10:10;20;22|23|7|5;
V06854;2102;A031707;U01;2026-10-23T10:30;20;22|23|7|5;AT004754
V06855;2102;A031707;U01;2026-10-23T10:50;20;22|23|7|5;
V06856;2102;A031707;U01;2026-10-23T11:10;20;22|23|7|5;
V06857;2102;A031707;U01;2026-10-23T11:30;20;22|23|7|5;
V06858;2102;A031707;U01;2026-10-23T11:50;20;22|23|7|5;
V06859;2102;A031707;U01;2026-10-23T12:10;20;22|23|7|5;AT004755
V06860;1300;A032102;U05;2026-10-23T09:00;40;1;
V06861;1300;A032102;U05;2026-10-23T09:40;40;1;
V06862;1300;A032102;U05;2026-10-23T10:20;20;2;AT004756
V06863;1300;A032102;U05;2026-10-23T10:40;20;2;
V06864;1300;A032102;U05;2026-10-23T11:00;20;2;
V06865;1300;A032102;U05;2026-10-23T11:20;20;2;
V06866;1300;A032102;U05;2026-10-23T11:40;20;2;AT004757
V06867;1300;A032102;U05;2026-10-23T12:00;20;2;
V06868;1300;A032102;U05;2026-10-23T12:20;20;2;
V06869;1300;A032102;U05;2026-10-23T12:40;20;2;
V06870;7000_2;A033403;;2026-10-23T08:00;20;1;AT004758
V06871;7000_2;A033403;;2026-10-23T08:20;20;1;
V06872;7000_2;A033403;;2026-10-23T08:40;20;1;
V06873;7000_2;A033403;;2026-10-23T09:00;20;1;AT004759
V06874;7000_2;A033403;;2026-10-23T09:20;20;1;
V06875;7000_2;A033403;;2026-10-23T09:40;20;1;AT004760
V06876;7000_2;A033403;;2026-10-23T10:00;20;1;
V06877;7000_2;A033403;;2026-10-23T10:20;20;1;
V06878;7000_2;A033403;;2026-10-23T10:40;20;1;
V06879;7000_2;A033403;;2026-10-23T11:00;20;1;
V06880;7000_2;A033403;;2026-10-23T11:20;20;1;
V06881;7000_2;A033403;;2026-10-23T11:40;20;1;
V06882;7000_2;A033403;;2026-10-23T12:00;20;1;AT004761
V06883;7000_2;A033403;;2026-10-23T12:20;20;1;
V06884;7000_2;A033403;;2026-10-23T12:40;20;1;
V06885;7000_2;A033403;;2026-10-23T13:00;20;1;
V06886;7000_2;A033403;;2026-10-23T13:20;20;1;
V06887;7000_2;A033403;;2026-10-23T13:40;20;1;AT004762
V06888;7000_2;A033403;;2026-10-23T14:00;20;1;
V06889;7000_2;A033403;;2026-10-23T14:20;20;1;
V06890;7000_2;A033403;;2026-10-23T14:40;20;1;
V06891;7000_2;A033403;;2026-10-23T15:00;20;1;AT004763
V06892;7000_2;A033403;;2026-10-23T15:20;20;1;
V06893;7000_2;A033403;;2026-10-23T15:40;20;1;AT004764
V06894;7000_3;A033410;;2026-10-23T09:00;20;1;AT004765
V06895;7000_3;A033410;;2026-10-23T09:20;20;1;AT004766
V06896;7000_3;A033410;;2026-10-23T09:40;20;1;AT004767
V06897;7000_3;A033410;;2026-10-23T10:00;20;1;AT004768
V06898;7000_3;A033410;;2026-10-23T10:20;20;1;
V06899;7000_3;A033410;;2026-10-23T10:40;20;1;
V06900;7000_3;A033410;;2026-10-23T11:00;20;1;
V06901;7000_3;A033410;;2026-10-23T11:20;20;1;
V06902;7000_3;A033410;;2026-10-23T11:40;20;1;
V06903;7000_3;A033410;;2026-10-23T12:00;20;1;AT004769
V06904;7000_3;A033410;;2026-10-23T12:20;20;1;
V06905;7000_3;A033410;;2026-10-23T12:40;20;1;
V06906;6100;E020305;;2026-10-23T07:30;10;4|9;
V06907;6100;E020305;;2026-10-23T07:40;10;4|9;
V06908;6100;E020305;;2026-10-23T07:50;10;4|9;
V06909;6100;E020305;;2026-10-23T08:00;10;4|9;AT004770
V06910;6100;E020305;;2026-10-23T08:10;10;4|9;
V06911;6100;E020305;;2026-10-23T08:20;10;4|9;
V06912;6100;E020305;;2026-10-23T08:30;10;4|9;
V06913;6100;E020305;;2026-10-23T08:40;10;4|9;AT004771
V06914;6100;E020305;;2026-10-23T08:50;10;4|9;AT004772
V06915;6100;E020305;;2026-10-23T09:00;10;4|9;AT004773
V06916;6100;E020305;;2026-10-23T09:10;10;4|9;
V06917;6100;E020305;;2026-10-23T09:20;10;4|9;
V06918;6100;E020305;;2026-10-23T09:30;10;4|9;
V06919;6100;E020305;;2026-10-23T09:40;10;4|9;
V06920;6100;E020305;;2026-10-23T09:50;10;4|9;
V06921;6100;E020305;;2026-10-23T10:00;10;4|9;
V06922;6100;E020305;;2026-10-23T10:10;10;4|9;
V06923;6100;E020305;;2026-10-23T10:20;10;4|9;AT004774
V06924;6100;E020306;;2026-10-23T07:30;10;4|9;
V06925;6100;E020306;;2026-10-23T07:40;10;4|9;
V06926;6100;E020306;;2026-10-23T07:50;10;4|9;
V06927;6100;E020306;;2026-10-23T08:00;10;4|9;AT004775
V06928;6100;E020306;;2026-10-23T08:10;10;4|9;
V06929;6100;E020306;;2026-10-23T08:20;10;4|9;
V06930;6100;E020306;;2026-10-23T08:30;10;4|9;AT004776
V06931;6100;E020306;;2026-10-23T08:40;10;4|9;
V06932;6100;E020306;;2026-10-23T08:50;10;4|9;
V06933;6100;E020306;;2026-10-23T09:00;10;4|9;
V06934;6100;E020306;;2026-10-23T09:10;10;4|9;AT004777
V06935;6100;E020306;;2026-10-23T09:20;10;4|9;
V06936;6100;E020306;;2026-10-23T09:30;10;4|9;
V06937;6100;E020306;;2026-10-23T09:40;10;4|9;
V06938;6100;E020306;;2026-10-23T09:50;10;4|9;
V06939;6100;E020306;;2026-10-23T10:00;10;4|9;
V06940;6100;E020306;;2026-10-23T10:10;10;4|9;
V06941;6100;E020306;;2026-10-23T10:20;10;4|9;
V06942;9610;H010101;;2026-10-23T08:30;240;1;AT004778
V06943;9610;H010101;;2026-10-23T13:30;240;1;AT004779
V06944;9610;H010102;;2026-10-23T08:30;240;1;AT004780
V06945;9610;H010102;;2026-10-23T13:30;240;1;
V06946;9610;H010103;;2026-10-23T08:30;240;1;
V06947;9610;H010103;;2026-10-23T13:30;240;1;
V06948;9610;H010104;;2026-10-23T08:30;240;1;
V06949;9610;H010104;;2026-10-23T13:30;240;1;
V06950;9602;A031903;U09;2026-10-23T09:00;30;3|1;AT004781
V06951;9602;A031903;U09;2026-10-23T09:30;30;3|1;
V06952;9602;A031903;U09;2026-10-23T10:00;30;3|1;
V06953;9602;A031903;U09;2026-10-23T10:30;30;3|1;
V06954;9602;A031903;U09;2026-10-23T11:00;30;3|1;
V06955;9602;A031903;U09;2026-10-23T11:30;30;3|1;
V06956;2102;A031707;U01;2026-10-26T08:30;20;22|23|7|5;AT000797
V06957;2102;A031707;U01;2026-10-26T08:50;20;22|23|7|5;AT001021
V06958;2102;A031707;U01;2026-10-26T09:10;20;22|23|7|5;
V06959;2102;A031707;U01;2026-10-26T09:30;20;22|23|7|5;
V06960;2102;A031707;U01;2026-10-26T09:50;20;22|23|7|5;
V06961;2102;A031707;U01;2026-10-26T10:10;20;22|23|7|5;AT004782
V06962;2102;A031707;U01;2026-10-26T10:30;20;22|23|7|5;
V06963;2102;A031707;U01;2026-10-26T10:50;20;22|23|7|5;
V06964;2102;A031707;U01;2026-10-26T11:10;20;22|23|7|5;AT004783
V06965;2102;A031707;U01;2026-10-26T11:30;20;22|23|7|5;
V06966;2102;A031707;U01;2026-10-26T11:50;20;22|23|7|5;AT004784
V06967;2102;A031707;U01;2026-10-26T12:10;20;22|23|7|5;AT004785
V06968;1300;A032101;U04;2026-10-26T09:00;40;1;
V06969;1300;A032101;U04;2026-10-26T09:40;40;1;AT004786
V06970;1300;A032101;U04;2026-10-26T10:20;20;2;AT004787
V06971;1300;A032101;U04;2026-10-26T10:40;20;2;
V06972;1300;A032101;U04;2026-10-26T11:00;20;2;AT004788
V06973;1300;A032101;U04;2026-10-26T11:20;20;2;AT004789
V06974;1300;A032101;U04;2026-10-26T11:40;20;2;AT004790
V06975;1300;A032101;U04;2026-10-26T12:00;20;2;
V06976;1300;A032101;U04;2026-10-26T12:20;20;2;
V06977;1300;A032101;U04;2026-10-26T12:40;20;2;
V06978;7000_2;A033403;;2026-10-26T08:00;20;1;AT004791
V06979;7000_2;A033403;;2026-10-26T08:20;20;1;AT004792
V06980;7000_2;A033403;;2026-10-26T08:40;20;1;AT000863
V06981;7000_2;A033403;;2026-10-26T09:00;20;1;
V06982;7000_2;A033403;;2026-10-26T09:20;20;1;
V06983;7000_2;A033403;;2026-10-26T09:40;20;1;AT004793
V06984;7000_2;A033403;;2026-10-26T10:00;20;1;AT004794
V06985;7000_2;A033403;;2026-10-26T10:20;20;1;
V06986;7000_2;A033403;;2026-10-26T10:40;20;1;
V06987;7000_2;A033403;;2026-10-26T11:00;20;1;AT004795
V06988;7000_2;A033403;;2026-10-26T11:20;20;1;
V06989;7000_2;A033403;;2026-10-26T11:40;20;1;
V06990;7000_2;A033403;;2026-10-26T12:00;20;1;AT004796
V06991;7000_2;A033403;;2026-10-26T12:20;20;1;AT004797
V06992;7000_2;A033403;;2026-10-26T12:40;20;1;
V06993;7000_2;A033403;;2026-10-26T13:00;20;1;
V06994;7000_2;A033403;;2026-10-26T13:20;20;1;AT004798
V06995;7000_2;A033403;;2026-10-26T13:40;20;1;
V06996;7000_2;A033403;;2026-10-26T14:00;20;1;AT004799
V06997;7000_2;A033403;;2026-10-26T14:20;20;1;AT004800
V06998;7000_2;A033403;;2026-10-26T14:40;20;1;AT004801
V06999;7000_2;A033403;;2026-10-26T15:00;20;1;AT004802
V07000;7000_2;A033403;;2026-10-26T15:20;20;1;AT004803
V07001;7000_2;A033403;;2026-10-26T15:40;20;1;
V07002;7000_3;A033410;;2026-10-26T09:00;20;1;
V07003;7000_3;A033410;;2026-10-26T09:20;20;1;AT004804
V07004;7000_3;A033410;;2026-10-26T09:40;20;1;AT004805
V07005;7000_3;A033410;;2026-10-26T10:00;20;1;
V07006;7000_3;A033410;;2026-10-26T10:20;20;1;AT004806
V07007;7000_3;A033410;;2026-10-26T10:40;20;1;
V07008;7000_3;A033410;;2026-10-26T11:00;20;1;
V07009;7000_3;A033410;;2026-10-26T11:20;20;1;
V07010;7000_3;A033410;;2026-10-26T11:40;20;1;AT004807
V07011;7000_3;A033410;;2026-10-26T12:00;20;1;
V07012;7000_3;A033410;;2026-10-26T12:20;20;1;
V07013;7000_3;A033410;;2026-10-26T12:40;20;1;
V07014;6100;E020305;;2026-10-26T07:30;10;4|9;AT000931
V07015;6100;E020305;;2026-10-26T07:40;10;4|9;
V07016;6100;E020305;;2026-10-26T07:50;10;4|9;
V07017;6100;E020305;;2026-10-26T08:00;10;4|9;
V07018;6100;E020305;;2026-10-26T08:10;10;4|9;AT004808
V07019;6100;E020305;;2026-10-26T08:20;10;4|9;
V07020;6100;E020305;;2026-10-26T08:30;10;4|9;AT004809
V07021;6100;E020305;;2026-10-26T08:40;10;4|9;
V07022;6100;E020305;;2026-10-26T08:50;10;4|9;
V07023;6100;E020305;;2026-10-26T09:00;10;4|9;
V07024;6100;E020305;;2026-10-26T09:10;10;4|9;AT004810
V07025;6100;E020305;;2026-10-26T09:20;10;4|9;
V07026;6100;E020305;;2026-10-26T09:30;10;4|9;
V07027;6100;E020305;;2026-10-26T09:40;10;4|9;AT004811
V07028;6100;E020305;;2026-10-26T09:50;10;4|9;
V07029;6100;E020305;;2026-10-26T10:00;10;4|9;
V07030;6100;E020305;;2026-10-26T10:10;10;4|9;
V07031;6100;E020305;;2026-10-26T10:20;10;4|9;AT004812
V07032;6100;E020306;;2026-10-26T07:30;10;4|9;AT000962
V07033;6100;E020306;;2026-10-26T07:40;10;4|9;
V07034;6100;E020306;;2026-10-26T07:50;10;4|9;
V07035;6100;E020306;;2026-10-26T08:00;10;4|9;
V07036;6100;E020306;;2026-10-26T08:10;10;4|9;
V07037;6100;E020306;;2026-10-26T08:20;10;4|9;
V07038;6100;E020306;;2026-10-26T08:30;10;4|9;
V07039;6100;E020306;;2026-10-26T08:40;10;4|9;
V07040;6100;E020306;;2026-10-26T08:50;10;4|9;
V07041;6100;E020306;;2026-10-26T09:00;10;4|9;
V07042;6100;E020306;;2026-10-26T09:10;10;4|9;AT004813
V07043;6100;E020306;;2026-10-26T09:20;10;4|9;AT004814
V07044;6100;E020306;;2026-10-26T09:30;10;4|9;
V07045;6100;E020306;;2026-10-26T09:40;10;4|9;AT004815
V07046;6100;E020306;;2026-10-26T09:50;10;4|9;
V07047;6100;E020306;;2026-10-26T10:00;10;4|9;
V07048;6100;E020306;;2026-10-26T10:10;10;4|9;
V07049;6100;E020306;;2026-10-26T10:20;10;4|9;
V07050;9610;H010101;;2026-10-26T08:30;240;1;
V07051;9610;H010101;;2026-10-26T13:30;240;1;
V07052;9610;H010102;;2026-10-26T08:30;240;1;
V07053;9610;H010102;;2026-10-26T13:30;240;1;AT004816
V07054;9610;H010103;;2026-10-26T08:30;240;1;
V07055;9610;H010103;;2026-10-26T13:30;240;1;
V07056;9610;H010104;;2026-10-26T08:30;240;1;AT004817
V07057;9610;H010104;;2026-10-26T13:30;240;1;
V07058;9602;A031903;U09;2026-10-26T09:00;30;3|1;
V07059;9602;A031903;U09;2026-10-26T09:30;30;3|1;
V07060;9602;A031903;U09;2026-10-26T10:00;30;3|1;
V07061;9602;A031903;U09;2026-10-26T10:30;30;3|1;
V07062;9602;A031903;U09;2026-10-26T11:00;30;3|1;
V07063;9602;A031903;U09;2026-10-26T11:30;30;3|1;
V07064;2102;A031708;U02;2026-10-27T08:30;20;22|23|7|5;AT004818
V07065;2102;A031708;U02;2026-10-27T08:50;20;22|23|7|5;
V07066;2102;A031708;U02;2026-10-27T09:10;20;22|23|7|5;AT004819
V07067;2102;A031708;U02;2026-10-27T09:30;20;22|23|7|5;
V07068;2102;A031708;U02;2026-10-27T09:50;20;22|23|7|5;
V07069;2102;A031708;U02;2026-10-27T10:10;20;22|23|7|5;
V07070;2102;A031708;U02;2026-10-27T10:30;20;22|23|7|5;
V07071;2102;A031708;U02;2026-10-27T10:50;20;22|23|7|5;
V07072;2102;A031708;U02;2026-10-27T11:10;20;22|23|7|5;
V07073;2102;A031708;U02;2026-10-27T11:30;20;22|23|7|5;
V07074;2102;A031708;U02;2026-10-27T11:50;20;22|23|7|5;
V07075;2102;A031708;U02;2026-10-27T12:10;20;22|23|7|5;
V07076;1300;A032102;U05;2026-10-27T09:00;40;1;
V07077;1300;A032102;U05;2026-10-27T09:40;40;1;
V07078;1300;A032102;U05;2026-10-27T10:20;20;2;
V07079;1300;A032102;U05;2026-10-27T10:40;20;2;
V07080;1300;A032102;U05;2026-10-27T11:00;20;2;AT004820
V07081;1300;A032102;U05;2026-10-27T11:20;20;2;AT004821
V07082;1300;A032102;U05;2026-10-27T11:40;20;2;AT004822
V07083;1300;A032102;U05;2026-10-27T12:00;20;2;
V07084;1300;A032102;U05;2026-10-27T12:20;20;2;AT004823
V07085;1300;A032102;U05;2026-10-27T12:40;20;2;
V07086;7000_2;A033403;;2026-10-27T08:00;20;1;
V07087;7000_2;A033403;;2026-10-27T08:20;20;1;
V07088;7000_2;A033403;;2026-10-27T08:40;20;1;
V07089;7000_2;A033403;;2026-10-27T09:00;20;1;AT004824
V07090;7000_2;A033403;;2026-10-27T09:20;20;1;
V07091;7000_2;A033403;;2026-10-27T09:40;20;1;
V07092;7000_2;A033403;;2026-10-27T10:00;20;1;AT004825
V07093;7000_2;A033403;;2026-10-27T10:20;20;1;AT004826
V07094;7000_2;A033403;;2026-10-27T10:40;20;1;AT004827
V07095;7000_2;A033403;;2026-10-27T11:00;20;1;
V07096;7000_2;A033403;;2026-10-27T11:20;20;1;
V07097;7000_2;A033403;;2026-10-27T11:40;20;1;
V07098;7000_2;A033403;;2026-10-27T12:00;20;1;AT004828
V07099;7000_2;A033403;;2026-10-27T12:20;20;1;
V07100;7000_2;A033403;;2026-10-27T12:40;20;1;
V07101;7000_2;A033403;;2026-10-27T13:00;20;1;
V07102;7000_2;A033403;;2026-10-27T13:20;20;1;AT004829
V07103;7000_2;A033403;;2026-10-27T13:40;20;1;
V07104;7000_2;A033403;;2026-10-27T14:00;20;1;
V07105;7000_2;A033403;;2026-10-27T14:20;20;1;AT004830
V07106;7000_2;A033403;;2026-10-27T14:40;20;1;AT004831
V07107;7000_2;A033403;;2026-10-27T15:00;20;1;
V07108;7000_2;A033403;;2026-10-27T15:20;20;1;
V07109;7000_2;A033403;;2026-10-27T15:40;20;1;AT004832
V07110;7000_3;A033410;;2026-10-27T09:00;20;1;AT004833
V07111;7000_3;A033410;;2026-10-27T09:20;20;1;AT004834
V07112;7000_3;A033410;;2026-10-27T09:40;20;1;
V07113;7000_3;A033410;;2026-10-27T10:00;20;1;AT004835
V07114;7000_3;A033410;;2026-10-27T10:20;20;1;AT004836
V07115;7000_3;A033410;;2026-10-27T10:40;20;1;AT004837
V07116;7000_3;A033410;;2026-10-27T11:00;20;1;AT004838
V07117;7000_3;A033410;;2026-10-27T11:20;20;1;
V07118;7000_3;A033410;;2026-10-27T11:40;20;1;
V07119;7000_3;A033410;;2026-10-27T12:00;20;1;AT004839
V07120;7000_3;A033410;;2026-10-27T12:20;20;1;
V07121;7000_3;A033410;;2026-10-27T12:40;20;1;
V07122;6100;E020305;;2026-10-27T07:30;10;4|9;
V07123;6100;E020305;;2026-10-27T07:40;10;4|9;
V07124;6100;E020305;;2026-10-27T07:50;10;4|9;
V07125;6100;E020305;;2026-10-27T08:00;10;4|9;AT004840
V07126;6100;E020305;;2026-10-27T08:10;10;4|9;
V07127;6100;E020305;;2026-10-27T08:20;10;4|9;
V07128;6100;E020305;;2026-10-27T08:30;10;4|9;
V07129;6100;E020305;;2026-10-27T08:40;10;4|9;
V07130;6100;E020305;;2026-10-27T08:50;10;4|9;
V07131;6100;E020305;;2026-10-27T09:00;10;4|9;
V07132;6100;E020305;;2026-10-27T09:10;10;4|9;
V07133;6100;E020305;;2026-10-27T09:20;10;4|9;
V07134;6100;E020305;;2026-10-27T09:30;10;4|9;
V07135;6100;E020305;;2026-10-27T09:40;10;4|9;AT004841
V07136;6100;E020305;;2026-10-27T09:50;10;4|9;
V07137;6100;E020305;;2026-10-27T10:00;10;4|9;
V07138;6100;E020305;;2026-10-27T10:10;10;4|9;
V07139;6100;E020305;;2026-10-27T10:20;10;4|9;
V07140;6100;E020306;;2026-10-27T07:30;10;4|9;
V07141;6100;E020306;;2026-10-27T07:40;10;4|9;
V07142;6100;E020306;;2026-10-27T07:50;10;4|9;
V07143;6100;E020306;;2026-10-27T08:00;10;4|9;
V07144;6100;E020306;;2026-10-27T08:10;10;4|9;
V07145;6100;E020306;;2026-10-27T08:20;10;4|9;
V07146;6100;E020306;;2026-10-27T08:30;10;4|9;
V07147;6100;E020306;;2026-10-27T08:40;10;4|9;
V07148;6100;E020306;;2026-10-27T08:50;10;4|9;
V07149;6100;E020306;;2026-10-27T09:00;10;4|9;AT004842
V07150;6100;E020306;;2026-10-27T09:10;10;4|9;
V07151;6100;E020306;;2026-10-27T09:20;10;4|9;AT004843
V07152;6100;E020306;;2026-10-27T09:30;10;4|9;
V07153;6100;E020306;;2026-10-27T09:40;10;4|9;
V07154;6100;E020306;;2026-10-27T09:50;10;4|9;
V07155;6100;E020306;;2026-10-27T10:00;10;4|9;
V07156;6100;E020306;;2026-10-27T10:10;10;4|9;
V07157;6100;E020306;;2026-10-27T10:20;10;4|9;
V07158;9610;H010101;;2026-10-27T08:30;240;1;
V07159;9610;H010101;;2026-10-27T13:30;240;1;
V07160;9610;H010102;;2026-10-27T08:30;240;1;
V07161;9610;H010102;;2026-10-27T13:30;240;1;AT004844
V07162;9610;H010103;;2026-10-27T08:30;240;1;AT004845
V07163;9610;H010103;;2026-10-27T13:30;240;1;
V07164;9610;H010104;;2026-10-27T08:30;240;1;
V07165;9610;H010104;;2026-10-27T13:30;240;1;
V07166;9602;A031903;U09;2026-10-27T09:00;30;3|1;
V07167;9602;A031903;U09;2026-10-27T09:30;30;3|1;
V07168;9602;A031903;U09;2026-10-27T10:00;30;3|1;AT004846
V07169;9602;A031903;U09;2026-10-27T10:30;30;3|1;
V07170;9602;A031903;U09;2026-10-27T11:00;30;3|1;
V07171;9602;A031903;U09;2026-10-27T11:30;30;3|1;
V07172;2102;A031707;U01;2026-10-28T08:30;20;22|23|7|5;AT000963
V07173;2102;A031707;U01;2026-10-28T08:50;20;22|23|7|5;AT000932
V07174;2102;A031707;U01;2026-10-28T09:10;20;22|23|7|5;
V07175;2102;A031707;U01;2026-10-28T09:30;20;22|23|7|5;AT004847
V07176;2102;A031707;U01;2026-10-28T09:50;20;22|23|7|5;
V07177;2102;A031707;U01;2026-10-28T10:10;20;22|23|7|5;
V07178;2102;A031707;U01;2026-10-28T10:30;20;22|23|7|5;AT004848
V07179;2102;A031707;U01;2026-10-28T10:50;20;22|23|7|5;AT004849
V07180;2102;A031707;U01;2026-10-28T11:10;20;22|23|7|5;AT004850
V07181;2102;A031707;U01;2026-10-28T11:30;20;22|23|7|5;
V07182;2102;A031707;U01;2026-10-28T11:50;20;22|23|7|5;AT004851
V07183;2102;A031707;U01;2026-10-28T12:10;20;22|23|7|5;
V07184;2300;A032501;U06;2026-10-28T09:00;40;1;
V07185;2300;A032501;U06;2026-10-28T09:40;40;1;
V07186;2300;A032501;U06;2026-10-28T10:20;40;1;
V07187;2300;A032501;U06;2026-10-28T11:00;40;1;
V07188;2300;A032501;U06;2026-10-28T11:40;40;1;AT004852
V07189;7000_2;A033403;;2026-10-28T08:00;20;1;AT004853
V07190;7000_2;A033403;;2026-10-28T08:20;20;1;
V07191;7000_2;A033403;;2026-10-28T08:40;20;1;AT004854
V07192;7000_2;A033403;;2026-10-28T09:00;20;1;AT004855
V07193;7000_2;A033403;;2026-10-28T09:20;20;1;
V07194;7000_2;A033403;;2026-10-28T09:40;20;1;
V07195;7000_2;A033403;;2026-10-28T10:00;20;1;AT004856
V07196;7000_2;A033403;;2026-10-28T10:20;20;1;AT004857
V07197;7000_2;A033403;;2026-10-28T10:40;20;1;
V07198;7000_2;A033403;;2026-10-28T11:00;20;1;
V07199;7000_2;A033403;;2026-10-28T11:20;20;1;AT004858
V07200;7000_2;A033403;;2026-10-28T11:40;20;1;
V07201;7000_2;A033403;;2026-10-28T12:00;20;1;AT004859
V07202;7000_2;A033403;;2026-10-28T12:20;20;1;AT004860
V07203;7000_2;A033403;;2026-10-28T12:40;20;1;AT004861
V07204;7000_2;A033403;;2026-10-28T13:00;20;1;AT004862
V07205;7000_2;A033403;;2026-10-28T13:20;20;1;
V07206;7000_2;A033403;;2026-10-28T13:40;20;1;AT004863
V07207;7000_2;A033403;;2026-10-28T14:00;20;1;
V07208;7000_2;A033403;;2026-10-28T14:20;20;1;
V07209;7000_2;A033403;;2026-10-28T14:40;20;1;
V07210;7000_2;A033403;;2026-10-28T15:00;20;1;AT004864
V07211;7000_2;A033403;;2026-10-28T15:20;20;1;
V07212;7000_2;A033403;;2026-10-28T15:40;20;1;
V07213;7000_3;A033410;;2026-10-28T09:00;20;1;
V07214;7000_3;A033410;;2026-10-28T09:20;20;1;
V07215;7000_3;A033410;;2026-10-28T09:40;20;1;
V07216;7000_3;A033410;;2026-10-28T10:00;20;1;
V07217;7000_3;A033410;;2026-10-28T10:20;20;1;AT004865
V07218;7000_3;A033410;;2026-10-28T10:40;20;1;
V07219;7000_3;A033410;;2026-10-28T11:00;20;1;
V07220;7000_3;A033410;;2026-10-28T11:20;20;1;
V07221;7000_3;A033410;;2026-10-28T11:40;20;1;AT004866
V07222;7000_3;A033410;;2026-10-28T12:00;20;1;AT004867
V07223;7000_3;A033410;;2026-10-28T12:20;20;1;
V07224;7000_3;A033410;;2026-10-28T12:40;20;1;
V07225;6100;E020305;;2026-10-28T07:30;10;4|9;AT004868
V07226;6100;E020305;;2026-10-28T07:40;10;4|9;
V07227;6100;E020305;;2026-10-28T07:50;10;4|9;
V07228;6100;E020305;;2026-10-28T08:00;10;4|9;
V07229;6100;E020305;;2026-10-28T08:10;10;4|9;
V07230;6100;E020305;;2026-10-28T08:20;10;4|9;
V07231;6100;E020305;;2026-10-28T08:30;10;4|9;
V07232;6100;E020305;;2026-10-28T08:40;10;4|9;
V07233;6100;E020305;;2026-10-28T08:50;10;4|9;
V07234;6100;E020305;;2026-10-28T09:00;10;4|9;AT004869
V07235;6100;E020305;;2026-10-28T09:10;10;4|9;
V07236;6100;E020305;;2026-10-28T09:20;10;4|9;
V07237;6100;E020305;;2026-10-28T09:30;10;4|9;AT004870
V07238;6100;E020305;;2026-10-28T09:40;10;4|9;
V07239;6100;E020305;;2026-10-28T09:50;10;4|9;
V07240;6100;E020305;;2026-10-28T10:00;10;4|9;AT004871
V07241;6100;E020305;;2026-10-28T10:10;10;4|9;
V07242;6100;E020305;;2026-10-28T10:20;10;4|9;AT004872
V07243;6100;E020306;;2026-10-28T07:30;10;4|9;
V07244;6100;E020306;;2026-10-28T07:40;10;4|9;AT004873
V07245;6100;E020306;;2026-10-28T07:50;10;4|9;
V07246;6100;E020306;;2026-10-28T08:00;10;4|9;
V07247;6100;E020306;;2026-10-28T08:10;10;4|9;AT004874
V07248;6100;E020306;;2026-10-28T08:20;10;4|9;
V07249;6100;E020306;;2026-10-28T08:30;10;4|9;
V07250;6100;E020306;;2026-10-28T08:40;10;4|9;
V07251;6100;E020306;;2026-10-28T08:50;10;4|9;
V07252;6100;E020306;;2026-10-28T09:00;10;4|9;
V07253;6100;E020306;;2026-10-28T09:10;10;4|9;
V07254;6100;E020306;;2026-10-28T09:20;10;4|9;AT004875
V07255;6100;E020306;;2026-10-28T09:30;10;4|9;
V07256;6100;E020306;;2026-10-28T09:40;10;4|9;AT004876
V07257;6100;E020306;;2026-10-28T09:50;10;4|9;
V07258;6100;E020306;;2026-10-28T10:00;10;4|9;
V07259;6100;E020306;;2026-10-28T10:10;10;4|9;
V07260;6100;E020306;;2026-10-28T10:20;10;4|9;AT004877
V07261;9610;H010101;;2026-10-28T08:30;240;1;
V07262;9610;H010101;;2026-10-28T13:30;240;1;
V07263;9610;H010102;;2026-10-28T08:30;240;1;
V07264;9610;H010102;;2026-10-28T13:30;240;1;AT004878
V07265;9610;H010103;;2026-10-28T08:30;240;1;
V07266;9610;H010103;;2026-10-28T13:30;240;1;
V07267;9610;H010104;;2026-10-28T08:30;240;1;AT004879
V07268;9610;H010104;;2026-10-28T13:30;240;1;
V07269;9602;A031903;U09;2026-10-28T09:00;30;3|1;
V07270;9602;A031903;U09;2026-10-28T09:30;30;3|1;AT004880
V07271;9602;A031903;U09;2026-10-28T10:00;30;3|1;
V07272;9602;A031903;U09;2026-10-28T10:30;30;3|1;AT004881
V07273;9602;A031903;U09;2026-10-28T11:00;30;3|1;AT004882
V07274;9602;A031903;U09;2026-10-28T11:30;30;3|1;
V07275;2102;A031708;U02;2026-10-29T08:30;20;22|23|7|5;
V07276;2102;A031708;U02;2026-10-29T08:50;20;22|23|7|5;
V07277;2102;A031708;U02;2026-10-29T09:10;20;22|23|7|5;
V07278;2102;A031708;U02;2026-10-29T09:30;20;22|23|7|5;
V07279;2102;A031708;U02;2026-10-29T09:50;20;22|23|7|5;
V07280;2102;A031708;U02;2026-10-29T10:10;20;22|23|7|5;
V07281;2102;A031708;U02;2026-10-29T10:30;20;22|23|7|5;AT004883
V07282;2102;A031708;U02;2026-10-29T10:50;20;22|23|7|5;
V07283;2102;A031708;U02;2026-10-29T11:10;20;22|23|7|5;AT004884
V07284;2102;A031708;U02;2026-10-29T11:30;20;22|23|7|5;
V07285;2102;A031708;U02;2026-10-29T11:50;20;22|23|7|5;AT004885
V07286;2102;A031708;U02;2026-10-29T12:10;20;22|23|7|5;
V07287;1300;A032101;U04;2026-10-29T09:00;40;1;
V07288;1300;A032101;U04;2026-10-29T09:40;40;1;AT004886
V07289;1300;A032101;U04;2026-10-29T10:20;20;2;AT004887
V07290;1300;A032101;U04;2026-10-29T10:40;20;2;
V07291;1300;A032101;U04;2026-10-29T11:00;20;2;AT004888
V07292;1300;A032101;U04;2026-10-29T11:20;20;2;AT004889
V07293;1300;A032101;U04;2026-10-29T11:40;20;2;AT004890
V07294;1300;A032101;U04;2026-10-29T12:00;20;2;
V07295;1300;A032101;U04;2026-10-29T12:20;20;2;
V07296;1300;A032101;U04;2026-10-29T12:40;20;2;AT004891
V07297;7000_2;A033403;;2026-10-29T08:00;20;1;
V07298;7000_2;A033403;;2026-10-29T08:20;20;1;AT004892
V07299;7000_2;A033403;;2026-10-29T08:40;20;1;AT004893
V07300;7000_2;A033403;;2026-10-29T09:00;20;1;AT004894
V07301;7000_2;A033403;;2026-10-29T09:20;20;1;
V07302;7000_2;A033403;;2026-10-29T09:40;20;1;
V07303;7000_2;A033403;;2026-10-29T10:00;20;1;
V07304;7000_2;A033403;;2026-10-29T10:20;20;1;
V07305;7000_2;A033403;;2026-10-29T10:40;20;1;AT004895
V07306;7000_2;A033403;;2026-10-29T11:00;20;1;
V07307;7000_2;A033403;;2026-10-29T11:20;20;1;AT004896
V07308;7000_2;A033403;;2026-10-29T11:40;20;1;AT004897
V07309;7000_2;A033403;;2026-10-29T12:00;20;1;AT004898
V07310;7000_2;A033403;;2026-10-29T12:20;20;1;AT004899
V07311;7000_2;A033403;;2026-10-29T12:40;20;1;
V07312;7000_2;A033403;;2026-10-29T13:00;20;1;
V07313;7000_2;A033403;;2026-10-29T13:20;20;1;AT004900
V07314;7000_2;A033403;;2026-10-29T13:40;20;1;
V07315;7000_2;A033403;;2026-10-29T14:00;20;1;
V07316;7000_2;A033403;;2026-10-29T14:20;20;1;AT004901
V07317;7000_2;A033403;;2026-10-29T14:40;20;1;AT004902
V07318;7000_2;A033403;;2026-10-29T15:00;20;1;AT004903
V07319;7000_2;A033403;;2026-10-29T15:20;20;1;
V07320;7000_2;A033403;;2026-10-29T15:40;20;1;
V07321;7000_3;A033410;;2026-10-29T09:00;20;1;
V07322;7000_3;A033410;;2026-10-29T09:20;20;1;AT004904
V07323;7000_3;A033410;;2026-10-29T09:40;20;1;
V07324;7000_3;A033410;;2026-10-29T10:00;20;1;
V07325;7000_3;A033410;;2026-10-29T10:20;20;1;
V07326;7000_3;A033410;;2026-10-29T10:40;20;1;
V07327;7000_3;A033410;;2026-10-29T11:00;20;1;AT004905
V07328;7000_3;A033410;;2026-10-29T11:20;20;1;
V07329;7000_3;A033410;;2026-10-29T11:40;20;1;
V07330;7000_3;A033410;;2026-10-29T12:00;20;1;
V07331;7000_3;A033410;;2026-10-29T12:20;20;1;
V07332;7000_3;A033410;;2026-10-29T12:40;20;1;
V07333;6100;E020305;;2026-10-29T07:30;10;4|9;
V07334;6100;E020305;;2026-10-29T07:40;10;4|9;AT004906
V07335;6100;E020305;;2026-10-29T07:50;10;4|9;AT004907
V07336;6100;E020305;;2026-10-29T08:00;10;4|9;
V07337;6100;E020305;;2026-10-29T08:10;10;4|9;
V07338;6100;E020305;;2026-10-29T08:20;10;4|9;
V07339;6100;E020305;;2026-10-29T08:30;10;4|9;
V07340;6100;E020305;;2026-10-29T08:40;10;4|9;
V07341;6100;E020305;;2026-10-29T08:50;10;4|9;
V07342;6100;E020305;;2026-10-29T09:00;10;4|9;
V07343;6100;E020305;;2026-10-29T09:10;10;4|9;
V07344;6100;E020305;;2026-10-29T09:20;10;4|9;AT004908
V07345;6100;E020305;;2026-10-29T09:30;10;4|9;
V07346;6100;E020305;;2026-10-29T09:40;10;4|9;AT004909
V07347;6100;E020305;;2026-10-29T09:50;10;4|9;AT004910
V07348;6100;E020305;;2026-10-29T10:00;10;4|9;
V07349;6100;E020305;;2026-10-29T10:10;10;4|9;AT004911
V07350;6100;E020305;;2026-10-29T10:20;10;4|9;
V07351;6100;E020306;;2026-10-29T07:30;10;4|9;
V07352;6100;E020306;;2026-10-29T07:40;10;4|9;
V07353;6100;E020306;;2026-10-29T07:50;10;4|9;
V07354;6100;E020306;;2026-10-29T08:00;10;4|9;
V07355;6100;E020306;;2026-10-29T08:10;10;4|9;AT004912
V07356;6100;E020306;;2026-10-29T08:20;10;4|9;AT004913
V07357;6100;E020306;;2026-10-29T08:30;10;4|9;
V07358;6100;E020306;;2026-10-29T08:40;10;4|9;
V07359;6100;E020306;;2026-10-29T08:50;10;4|9;
V07360;6100;E020306;;2026-10-29T09:00;10;4|9;
V07361;6100;E020306;;2026-10-29T09:10;10;4|9;
V07362;6100;E020306;;2026-10-29T09:20;10;4|9;
V07363;6100;E020306;;2026-10-29T09:30;10;4|9;
V07364;6100;E020306;;2026-10-29T09:40;10;4|9;AT004914
V07365;6100;E020306;;2026-10-29T09:50;10;4|9;
V07366;6100;E020306;;2026-10-29T10:00;10;4|9;
V07367;6100;E020306;;2026-10-29T10:10;10;4|9;
V07368;6100;E020306;;2026-10-29T10:20;10;4|9;AT004915
V07369;9610;H010101;;2026-10-29T08:30;240;1;
V07370;9610;H010101;;2026-10-29T13:30;240;1;AT004916
V07371;9610;H010102;;2026-10-29T08:30;240;1;
V07372;9610;H010102;;2026-10-29T13:30;240;1;AT004917
V07373;9610;H010103;;2026-10-29T08:30;240;1;AT004918
V07374;9610;H010103;;2026-10-29T13:30;240;1;
V07375;9610;H010104;;2026-10-29T08:30;240;1;AT004919
V07376;9610;H010104;;2026-10-29T13:30;240;1;
V07377;9602;A031903;U09;2026-10-29T09:00;30;3|1;
V07378;9602;A031903;U09;2026-10-29T09:30;30;3|1;
V07379;9602;A031903;U09;2026-10-29T10:00;30;3|1;
V07380;9602;A031903;U09;2026-10-29T10:30;30;3|1;
V07381;9602;A031903;U09;2026-10-29T11:00;30;3|1;
V07382;9602;A031903;U09;2026-10-29T11:30;30;3|1;
V07383;2102;A031707;U01;2026-10-30T08:30;20;22|23|7|5;AT004920
V07384;2102;A031707;U01;2026-10-30T08:50;20;22|23|7|5;
V07385;2102;A031707;U01;2026-10-30T09:10;20;22|23|7|5;AT004921
V07386;2102;A031707;U01;2026-10-30T09:30;20;22|23|7|5;
V07387;2102;A031707;U01;2026-10-30T09:50;20;22|23|7|5;
V07388;2102;A031707;U01;2026-10-30T10:10;20;22|23|7|5;AT004922
V07389;2102;A031707;U01;2026-10-30T10:30;20;22|23|7|5;AT004923
V07390;2102;A031707;U01;2026-10-30T10:50;20;22|23|7|5;
V07391;2102;A031707;U01;2026-10-30T11:10;20;22|23|7|5;AT004924
V07392;2102;A031707;U01;2026-10-30T11:30;20;22|23|7|5;
V07393;2102;A031707;U01;2026-10-30T11:50;20;22|23|7|5;
V07394;2102;A031707;U01;2026-10-30T12:10;20;22|23|7|5;
V07395;1300;A032102;U05;2026-10-30T09:00;40;1;
V07396;1300;A032102;U05;2026-10-30T09:40;40;1;AT004925
V07397;1300;A032102;U05;2026-10-30T10:20;20;2;
V07398;1300;A032102;U05;2026-10-30T10:40;20;2;
V07399;1300;A032102;U05;2026-10-30T11:00;20;2;AT004926
V07400;1300;A032102;U05;2026-10-30T11:20;20;2;AT004927
V07401;1300;A032102;U05;2026-10-30T11:40;20;2;
V07402;1300;A032102;U05;2026-10-30T12:00;20;2;AT004928
V07403;1300;A032102;U05;2026-10-30T12:20;20;2;
V07404;1300;A032102;U05;2026-10-30T12:40;20;2;AT004929
V07405;7000_2;A033403;;2026-10-30T08:00;20;1;
V07406;7000_2;A033403;;2026-10-30T08:20;20;1;
V07407;7000_2;A033403;;2026-10-30T08:40;20;1;
V07408;7000_2;A033403;;2026-10-30T09:00;20;1;
V07409;7000_2;A033403;;2026-10-30T09:20;20;1;
V07410;7000_2;A033403;;2026-10-30T09:40;20;1;
V07411;7000_2;A033403;;2026-10-30T10:00;20;1;AT004930
V07412;7000_2;A033403;;2026-10-30T10:20;20;1;AT004931
V07413;7000_2;A033403;;2026-10-30T10:40;20;1;AT004932
V07414;7000_2;A033403;;2026-10-30T11:00;20;1;AT004933
V07415;7000_2;A033403;;2026-10-30T11:20;20;1;
V07416;7000_2;A033403;;2026-10-30T11:40;20;1;AT004934
V07417;7000_2;A033403;;2026-10-30T12:00;20;1;AT004935
V07418;7000_2;A033403;;2026-10-30T12:20;20;1;
V07419;7000_2;A033403;;2026-10-30T12:40;20;1;
V07420;7000_2;A033403;;2026-10-30T13:00;20;1;AT004936
V07421;7000_2;A033403;;2026-10-30T13:20;20;1;AT004937
V07422;7000_2;A033403;;2026-10-30T13:40;20;1;AT004938
V07423;7000_2;A033403;;2026-10-30T14:00;20;1;
V07424;7000_2;A033403;;2026-10-30T14:20;20;1;
V07425;7000_2;A033403;;2026-10-30T14:40;20;1;
V07426;7000_2;A033403;;2026-10-30T15:00;20;1;
V07427;7000_2;A033403;;2026-10-30T15:20;20;1;AT004939
V07428;7000_2;A033403;;2026-10-30T15:40;20;1;AT004940
V07429;7000_3;A033410;;2026-10-30T09:00;20;1;
V07430;7000_3;A033410;;2026-10-30T09:20;20;1;
V07431;7000_3;A033410;;2026-10-30T09:40;20;1;
V07432;7000_3;A033410;;2026-10-30T10:00;20;1;
V07433;7000_3;A033410;;2026-10-30T10:20;20;1;
V07434;7000_3;A033410;;2026-10-30T10:40;20;1;
V07435;7000_3;A033410;;2026-10-30T11:00;20;1;
V07436;7000_3;A033410;;2026-10-30T11:20;20;1;
V07437;7000_3;A033410;;2026-10-30T11:40;20;1;
V07438;7000_3;A033410;;2026-10-30T12:00;20;1;
V07439;7000_3;A033410;;2026-10-30T12:20;20;1;AT004941
V07440;7000_3;A033410;;2026-10-30T12:40;20;1;
V07441;6100;E020305;;2026-10-30T07:30;10;4|9;AT004942
V07442;6100;E020305;;2026-10-30T07:40;10;4|9;AT004943
V07443;6100;E020305;;2026-10-30T07:50;10;4|9;AT004944
V07444;6100;E020305;;2026-10-30T08:00;10;4|9;AT004945
V07445;6100;E020305;;2026-10-30T08:10;10;4|9;
V07446;6100;E020305;;2026-10-30T08:20;10;4|9;
V07447;6100;E020305;;2026-10-30T08:30;10;4|9;
V07448;6100;E020305;;2026-10-30T08:40;10;4|9;
V07449;6100;E020305;;2026-10-30T08:50;10;4|9;
V07450;6100;E020305;;2026-10-30T09:00;10;4|9;
V07451;6100;E020305;;2026-10-30T09:10;10;4|9;AT004946
V07452;6100;E020305;;2026-10-30T09:20;10;4|9;
V07453;6100;E020305;;2026-10-30T09:30;10;4|9;
V07454;6100;E020305;;2026-10-30T09:40;10;4|9;
V07455;6100;E020305;;2026-10-30T09:50;10;4|9;
V07456;6100;E020305;;2026-10-30T10:00;10;4|9;AT004947
V07457;6100;E020305;;2026-10-30T10:10;10;4|9;AT004948
V07458;6100;E020305;;2026-10-30T10:20;10;4|9;
V07459;6100;E020306;;2026-10-30T07:30;10;4|9;
V07460;6100;E020306;;2026-10-30T07:40;10;4|9;
V07461;6100;E020306;;2026-10-30T07:50;10;4|9;
V07462;6100;E020306;;2026-10-30T08:00;10;4|9;
V07463;6100;E020306;;2026-10-30T08:10;10;4|9;AT004949
V07464;6100;E020306;;2026-10-30T08:20;10;4|9;
V07465;6100;E020306;;2026-10-30T08:30;10;4|9;
V07466;6100;E020306;;2026-10-30T08:40;10;4|9;
V07467;6100;E020306;;2026-10-30T08:50;10;4|9;AT004950
V07468;6100;E020306;;2026-10-30T09:00;10;4|9;
V07469;6100;E020306;;2026-10-30T09:10;10;4|9;AT004951
V07470;6100;E020306;;2026-10-30T09:20;10;4|9;
V07471;6100;E020306;;2026-10-30T09:30;10;4|9;
V07472;6100;E020306;;2026-10-30T09:40;10;4|9;AT004952
V07473;6100;E020306;;2026-10-30T09:50;10;4|9;AT004953
V07474;6100;E020306;;2026-10-30T10:00;10;4|9;AT004954
V07475;6100;E020306;;2026-10-30T10:10;10;4|9;AT004955
V07476;6100;E020306;;2026-10-30T10:20;10;4|9;AT004956
V07477;9610;H010101;;2026-10-30T08:30;240;1;
V07478;9610;H010101;;2026-10-30T13:30;240;1;AT004957
V07479;9610;H010102;;2026-10-30T08:30;240;1;
V07480;9610;H010102;;2026-10-30T13:30;240;1;AT004958
V07481;9610;H010103;;2026-10-30T08:30;240;1;
V07482;9610;H010103;;2026-10-30T13:30;240;1;AT004959
V07483;9610;H010104;;2026-10-30T08:30;240;1;AT004960
V07484;9610;H010104;;2026-10-30T13:30;240;1;AT004961
V07485;9602;A031903;U09;2026-10-30T09:00;30;3|1;
V07486;9602;A031903;U09;2026-10-30T09:30;30;3|1;
V07487;9602;A031903;U09;2026-10-30T10:00;30;3|1;
V07488;9602;A031903;U09;2026-10-30T10:30;30;3|1;
V07489;9602;A031903;U09;2026-10-30T11:00;30;3|1;
V07490;9602;A031903;U09;2026-10-30T11:30;30;3|1;
V07491;2102;A031707;U01;2026-11-02T08:30;20;22|23|7|5;
V07492;2102;A031707;U01;2026-11-02T08:50;20;22|23|7|5;AT000864
V07493;2102;A031707;U01;2026-11-02T09:10;20;22|23|7|5;
V07494;2102;A031707;U01;2026-11-02T09:30;20;22|23|7|5;
V07495;2102;A031707;U01;2026-11-02T09:50;20;22|23|7|5;
V07496;2102;A031707;U01;2026-11-02T10:10;20;22|23|7|5;
V07497;2102;A031707;U01;2026-11-02T10:30;20;22|23|7|5;
V07498;2102;A031707;U01;2026-11-02T10:50;20;22|23|7|5;
V07499;2102;A031707;U01;2026-11-02T11:10;20;22|23|7|5;
V07500;2102;A031707;U01;2026-11-02T11:30;20;22|23|7|5;AT004962
V07501;2102;A031707;U01;2026-11-02T11:50;20;22|23|7|5;AT004963
V07502;2102;A031707;U01;2026-11-02T12:10;20;22|23|7|5;
V07503;1300;A032101;U04;2026-11-02T09:00;40;1;
V07504;1300;A032101;U04;2026-11-02T09:40;40;1;AT004964
V07505;1300;A032101;U04;2026-11-02T10:20;20;2;
V07506;1300;A032101;U04;2026-11-02T10:40;20;2;AT004965
V07507;1300;A032101;U04;2026-11-02T11:00;20;2;
V07508;1300;A032101;U04;2026-11-02T11:20;20;2;
V07509;1300;A032101;U04;2026-11-02T11:40;20;2;AT004966
V07510;1300;A032101;U04;2026-11-02T12:00;20;2;AT004967
V07511;1300;A032101;U04;2026-11-02T12:20;20;2;
V07512;1300;A032101;U04;2026-11-02T12:40;20;2;
V07513;7000_2;A033403;;2026-11-02T08:00;20;1;
V07514;7000_2;A033403;;2026-11-02T08:20;20;1;AT001029
V07515;7000_2;A033403;;2026-11-02T08:40;20;1;AT004968
V07516;7000_2;A033403;;2026-11-02T09:00;20;1;AT004969
V07517;7000_2;A033403;;2026-11-02T09:20;20;1;
V07518;7000_2;A033403;;2026-11-02T09:40;20;1;AT004970
V07519;7000_2;A033403;;2026-11-02T10:00;20;1;
V07520;7000_2;A033403;;2026-11-02T10:20;20;1;AT004971
V07521;7000_2;A033403;;2026-11-02T10:40;20;1;
V07522;7000_2;A033403;;2026-11-02T11:00;20;1;AT004972
V07523;7000_2;A033403;;2026-11-02T11:20;20;1;AT004973
V07524;7000_2;A033403;;2026-11-02T11:40;20;1;
V07525;7000_2;A033403;;2026-11-02T12:00;20;1;AT004974
V07526;7000_2;A033403;;2026-11-02T12:20;20;1;
V07527;7000_2;A033403;;2026-11-02T12:40;20;1;AT004975
V07528;7000_2;A033403;;2026-11-02T13:00;20;1;
V07529;7000_2;A033403;;2026-11-02T13:20;20;1;AT004976
V07530;7000_2;A033403;;2026-11-02T13:40;20;1;AT004977
V07531;7000_2;A033403;;2026-11-02T14:00;20;1;
V07532;7000_2;A033403;;2026-11-02T14:20;20;1;AT004978
V07533;7000_2;A033403;;2026-11-02T14:40;20;1;
V07534;7000_2;A033403;;2026-11-02T15:00;20;1;
V07535;7000_2;A033403;;2026-11-02T15:20;20;1;
V07536;7000_2;A033403;;2026-11-02T15:40;20;1;AT004979
V07537;7000_3;A033410;;2026-11-02T09:00;20;1;
V07538;7000_3;A033410;;2026-11-02T09:20;20;1;
V07539;7000_3;A033410;;2026-11-02T09:40;20;1;AT004980
V07540;7000_3;A033410;;2026-11-02T10:00;20;1;
V07541;7000_3;A033410;;2026-11-02T10:20;20;1;
V07542;7000_3;A033410;;2026-11-02T10:40;20;1;
V07543;7000_3;A033410;;2026-11-02T11:00;20;1;
V07544;7000_3;A033410;;2026-11-02T11:20;20;1;
V07545;7000_3;A033410;;2026-11-02T11:40;20;1;AT004981
V07546;7000_3;A033410;;2026-11-02T12:00;20;1;AT004982
V07547;7000_3;A033410;;2026-11-02T12:20;20;1;
V07548;7000_3;A033410;;2026-11-02T12:40;20;1;
V07549;6100;E020305;;2026-11-02T07:30;10;4|9;
V07550;6100;E020305;;2026-11-02T07:40;10;4|9;
V07551;6100;E020305;;2026-11-02T07:50;10;4|9;
V07552;6100;E020305;;2026-11-02T08:00;10;4|9;
V07553;6100;E020305;;2026-11-02T08:10;10;4|9;
V07554;6100;E020305;;2026-11-02T08:20;10;4|9;
V07555;6100;E020305;;2026-11-02T08:30;10;4|9;
V07556;6100;E020305;;2026-11-02T08:40;10;4|9;
V07557;6100;E020305;;2026-11-02T08:50;10;4|9;
V07558;6100;E020305;;2026-11-02T09:00;10;4|9;
V07559;6100;E020305;;2026-11-02T09:10;10;4|9;AT004983
V07560;6100;E020305;;2026-11-02T09:20;10;4|9;
V07561;6100;E020305;;2026-11-02T09:30;10;4|9;
V07562;6100;E020305;;2026-11-02T09:40;10;4|9;
V07563;6100;E020305;;2026-11-02T09:50;10;4|9;
V07564;6100;E020305;;2026-11-02T10:00;10;4|9;AT004984
V07565;6100;E020305;;2026-11-02T10:10;10;4|9;
V07566;6100;E020305;;2026-11-02T10:20;10;4|9;AT004985
V07567;6100;E020306;;2026-11-02T07:30;10;4|9;
V07568;6100;E020306;;2026-11-02T07:40;10;4|9;AT004986
V07569;6100;E020306;;2026-11-02T07:50;10;4|9;
V07570;6100;E020306;;2026-11-02T08:00;10;4|9;AT004987
V07571;6100;E020306;;2026-11-02T08:10;10;4|9;AT004988
V07572;6100;E020306;;2026-11-02T08:20;10;4|9;
V07573;6100;E020306;;2026-11-02T08:30;10;4|9;
V07574;6100;E020306;;2026-11-02T08:40;10;4|9;
V07575;6100;E020306;;2026-11-02T08:50;10;4|9;
V07576;6100;E020306;;2026-11-02T09:00;10;4|9;
V07577;6100;E020306;;2026-11-02T09:10;10;4|9;AT004989
V07578;6100;E020306;;2026-11-02T09:20;10;4|9;AT004990
V07579;6100;E020306;;2026-11-02T09:30;10;4|9;
V07580;6100;E020306;;2026-11-02T09:40;10;4|9;
V07581;6100;E020306;;2026-11-02T09:50;10;4|9;
V07582;6100;E020306;;2026-11-02T10:00;10;4|9;
V07583;6100;E020306;;2026-11-02T10:10;10;4|9;
V07584;6100;E020306;;2026-11-02T10:20;10;4|9;
V07585;9610;H010101;;2026-11-02T08:30;240;1;AT004991
V07586;9610;H010101;;2026-11-02T13:30;240;1;
V07587;9610;H010102;;2026-11-02T08:30;240;1;
V07588;9610;H010102;;2026-11-02T13:30;240;1;
V07589;9610;H010103;;2026-11-02T08:30;240;1;AT004992
V07590;9610;H010103;;2026-11-02T13:30;240;1;
V07591;9610;H010104;;2026-11-02T08:30;240;1;AT004993
V07592;9610;H010104;;2026-11-02T13:30;240;1;AT004994
V07593;9602;A031903;U09;2026-11-02T09:00;30;3|1;
V07594;9602;A031903;U09;2026-11-02T09:30;30;3|1;
V07595;9602;A031903;U09;2026-11-02T10:00;30;3|1;AT004995
V07596;9602;A031903;U09;2026-11-02T10:30;30;3|1;
V07597;9602;A031903;U09;2026-11-02T11:00;30;3|1;
V07598;9602;A031903;U09;2026-11-02T11:30;30;3|1;AT004996
V07599;2102;A031708;U02;2026-11-03T08:30;20;22|23|7|5;
V07600;2102;A031708;U02;2026-11-03T08:50;20;22|23|7|5;
V07601;2102;A031708;U02;2026-11-03T09:10;20;22|23|7|5;AT004997
V07602;2102;A031708;U02;2026-11-03T09:30;20;22|23|7|5;
V07603;2102;A031708;U02;2026-11-03T09:50;20;22|23|7|5;
V07604;2102;A031708;U02;2026-11-03T10:10;20;22|23|7|5;
V07605;2102;A031708;U02;2026-11-03T10:30;20;22|23|7|5;AT004998
V07606;2102;A031708;U02;2026-11-03T10:50;20;22|23|7|5;
V07607;2102;A031708;U02;2026-11-03T11:10;20;22|23|7|5;
V07608;2102;A031708;U02;2026-11-03T11:30;20;22|23|7|5;AT004999
V07609;2102;A031708;U02;2026-11-03T11:50;20;22|23|7|5;
V07610;2102;A031708;U02;2026-11-03T12:10;20;22|23|7|5;AT005000
V07611;1300;A032102;U05;2026-11-03T09:00;40;1;AT005001
V07612;1300;A032102;U05;2026-11-03T09:40;40;1;
V07613;1300;A032102;U05;2026-11-03T10:20;20;2;AT005002
V07614;1300;A032102;U05;2026-11-03T10:40;20;2;
V07615;1300;A032102;U05;2026-11-03T11:00;20;2;
V07616;1300;A032102;U05;2026-11-03T11:20;20;2;
V07617;1300;A032102;U05;2026-11-03T11:40;20;2;AT005003
V07618;1300;A032102;U05;2026-11-03T12:00;20;2;
V07619;1300;A032102;U05;2026-11-03T12:20;20;2;AT005004
V07620;1300;A032102;U05;2026-11-03T12:40;20;2;
V07621;7000_2;A033403;;2026-11-03T08:00;20;1;
V07622;7000_2;A033403;;2026-11-03T08:20;20;1;AT005005
V07623;7000_2;A033403;;2026-11-03T08:40;20;1;AT005006
V07624;7000_2;A033403;;2026-11-03T09:00;20;1;AT005007
V07625;7000_2;A033403;;2026-11-03T09:20;20;1;
V07626;7000_2;A033403;;2026-11-03T09:40;20;1;AT005008
V07627;7000_2;A033403;;2026-11-03T10:00;20;1;
V07628;7000_2;A033403;;2026-11-03T10:20;20;1;
V07629;7000_2;A033403;;2026-11-03T10:40;20;1;
V07630;7000_2;A033403;;2026-11-03T11:00;20;1;AT005009
V07631;7000_2;A033403;;2026-11-03T11:20;20;1;AT005010
V07632;7000_2;A033403;;2026-11-03T11:40;20;1;
V07633;7000_2;A033403;;2026-11-03T12:00;20;1;
V07634;7000_2;A033403;;2026-11-03T12:20;20;1;AT005011
V07635;7000_2;A033403;;2026-11-03T12:40;20;1;
V07636;7000_2;A033403;;2026-11-03T13:00;20;1;AT005012
V07637;7000_2;A033403;;2026-11-03T13:20;20;1;AT005013
V07638;7000_2;A033403;;2026-11-03T13:40;20;1;AT005014
V07639;7000_2;A033403;;2026-11-03T14:00;20;1;
V07640;7000_2;A033403;;2026-11-03T14:20;20;1;AT005015
V07641;7000_2;A033403;;2026-11-03T14:40;20;1;
V07642;7000_2;A033403;;2026-11-03T15:00;20;1;
V07643;7000_2;A033403;;2026-11-03T15:20;20;1;
V07644;7000_2;A033403;;2026-11-03T15:40;20;1;
V07645;7000_3;A033410;;2026-11-03T09:00;20;1;
V07646;7000_3;A033410;;2026-11-03T09:20;20;1;AT005016
V07647;7000_3;A033410;;2026-11-03T09:40;20;1;
V07648;7000_3;A033410;;2026-11-03T10:00;20;1;
V07649;7000_3;A033410;;2026-11-03T10:20;20;1;AT005017
V07650;7000_3;A033410;;2026-11-03T10:40;20;1;
V07651;7000_3;A033410;;2026-11-03T11:00;20;1;
V07652;7000_3;A033410;;2026-11-03T11:20;20;1;AT005018
V07653;7000_3;A033410;;2026-11-03T11:40;20;1;AT005019
V07654;7000_3;A033410;;2026-11-03T12:00;20;1;AT005020
V07655;7000_3;A033410;;2026-11-03T12:20;20;1;
V07656;7000_3;A033410;;2026-11-03T12:40;20;1;
V07657;6100;E020305;;2026-11-03T07:30;10;4|9;
V07658;6100;E020305;;2026-11-03T07:40;10;4|9;
V07659;6100;E020305;;2026-11-03T07:50;10;4|9;
V07660;6100;E020305;;2026-11-03T08:00;10;4|9;
V07661;6100;E020305;;2026-11-03T08:10;10;4|9;AT005021
V07662;6100;E020305;;2026-11-03T08:20;10;4|9;AT005022
V07663;6100;E020305;;2026-11-03T08:30;10;4|9;AT005023
V07664;6100;E020305;;2026-11-03T08:40;10;4|9;
V07665;6100;E020305;;2026-11-03T08:50;10;4|9;
V07666;6100;E020305;;2026-11-03T09:00;10;4|9;
V07667;6100;E020305;;2026-11-03T09:10;10;4|9;
V07668;6100;E020305;;2026-11-03T09:20;10;4|9;AT005024
V07669;6100;E020305;;2026-11-03T09:30;10;4|9;
V07670;6100;E020305;;2026-11-03T09:40;10;4|9;
V07671;6100;E020305;;2026-11-03T09:50;10;4|9;
V07672;6100;E020305;;2026-11-03T10:00;10;4|9;AT005025
V07673;6100;E020305;;2026-11-03T10:10;10;4|9;AT005026
V07674;6100;E020305;;2026-11-03T10:20;10;4|9;
V07675;6100;E020306;;2026-11-03T07:30;10;4|9;AT005027
V07676;6100;E020306;;2026-11-03T07:40;10;4|9;
V07677;6100;E020306;;2026-11-03T07:50;10;4|9;
V07678;6100;E020306;;2026-11-03T08:00;10;4|9;AT005028
V07679;6100;E020306;;2026-11-03T08:10;10;4|9;
V07680;6100;E020306;;2026-11-03T08:20;10;4|9;
V07681;6100;E020306;;2026-11-03T08:30;10;4|9;
V07682;6100;E020306;;2026-11-03T08:40;10;4|9;
V07683;6100;E020306;;2026-11-03T08:50;10;4|9;
V07684;6100;E020306;;2026-11-03T09:00;10;4|9;
V07685;6100;E020306;;2026-11-03T09:10;10;4|9;AT005029
V07686;6100;E020306;;2026-11-03T09:20;10;4|9;AT005030
V07687;6100;E020306;;2026-11-03T09:30;10;4|9;AT005031
V07688;6100;E020306;;2026-11-03T09:40;10;4|9;
V07689;6100;E020306;;2026-11-03T09:50;10;4|9;AT005032
V07690;6100;E020306;;2026-11-03T10:00;10;4|9;AT005033
V07691;6100;E020306;;2026-11-03T10:10;10;4|9;
V07692;6100;E020306;;2026-11-03T10:20;10;4|9;
V07693;9610;H010101;;2026-11-03T08:30;240;1;
V07694;9610;H010101;;2026-11-03T13:30;240;1;AT005034
V07695;9610;H010102;;2026-11-03T08:30;240;1;
V07696;9610;H010102;;2026-11-03T13:30;240;1;AT005035
V07697;9610;H010103;;2026-11-03T08:30;240;1;AT005036
V07698;9610;H010103;;2026-11-03T13:30;240;1;AT005037
V07699;9610;H010104;;2026-11-03T08:30;240;1;
V07700;9610;H010104;;2026-11-03T13:30;240;1;
V07701;9602;A031903;U09;2026-11-03T09:00;30;3|1;AT005038
V07702;9602;A031903;U09;2026-11-03T09:30;30;3|1;AT005039
V07703;9602;A031903;U09;2026-11-03T10:00;30;3|1;
V07704;9602;A031903;U09;2026-11-03T10:30;30;3|1;
V07705;9602;A031903;U09;2026-11-03T11:00;30;3|1;
V07706;9602;A031903;U09;2026-11-03T11:30;30;3|1;AT005040
V07707;2102;A031707;U01;2026-11-04T08:30;20;22|23|7|5;
V07708;2102;A031707;U01;2026-11-04T08:50;20;22|23|7|5;
V07709;2102;A031707;U01;2026-11-04T09:10;20;22|23|7|5;
V07710;2102;A031707;U01;2026-11-04T09:30;20;22|23|7|5;
V07711;2102;A031707;U01;2026-11-04T09:50;20;22|23|7|5;AT005041
V07712;2102;A031707;U01;2026-11-04T10:10;20;22|23|7|5;AT005042
V07713;2102;A031707;U01;2026-11-04T10:30;20;22|23|7|5;
V07714;2102;A031707;U01;2026-11-04T10:50;20;22|23|7|5;AT005043
V07715;2102;A031707;U01;2026-11-04T11:10;20;22|23|7|5;AT005044
V07716;2102;A031707;U01;2026-11-04T11:30;20;22|23|7|5;AT005045
V07717;2102;A031707;U01;2026-11-04T11:50;20;22|23|7|5;
V07718;2102;A031707;U01;2026-11-04T12:10;20;22|23|7|5;
V07719;2300;A032501;U06;2026-11-04T09:00;40;1;
V07720;2300;A032501;U06;2026-11-04T09:40;40;1;
V07721;2300;A032501;U06;2026-11-04T10:20;40;1;
V07722;2300;A032501;U06;2026-11-04T11:00;40;1;
V07723;2300;A032501;U06;2026-11-04T11:40;40;1;AT005046
V07724;7000_2;A033403;;2026-11-04T08:00;20;1;AT005047
V07725;7000_2;A033403;;2026-11-04T08:20;20;1;
V07726;7000_2;A033403;;2026-11-04T08:40;20;1;
V07727;7000_2;A033403;;2026-11-04T09:00;20;1;
V07728;7000_2;A033403;;2026-11-04T09:20;20;1;
V07729;7000_2;A033403;;2026-11-04T09:40;20;1;
V07730;7000_2;A033403;;2026-11-04T10:00;20;1;
V07731;7000_2;A033403;;2026-11-04T10:20;20;1;
V07732;7000_2;A033403;;2026-11-04T10:40;20;1;
V07733;7000_2;A033403;;2026-11-04T11:00;20;1;
V07734;7000_2;A033403;;2026-11-04T11:20;20;1;
V07735;7000_2;A033403;;2026-11-04T11:40;20;1;
V07736;7000_2;A033403;;2026-11-04T12:00;20;1;
V07737;7000_2;A033403;;2026-11-04T12:20;20;1;AT005048
V07738;7000_2;A033403;;2026-11-04T12:40;20;1;AT005049
V07739;7000_2;A033403;;2026-11-04T13:00;20;1;
V07740;7000_2;A033403;;2026-11-04T13:20;20;1;
V07741;7000_2;A033403;;2026-11-04T13:40;20;1;AT005050
V07742;7000_2;A033403;;2026-11-04T14:00;20;1;
V07743;7000_2;A033403;;2026-11-04T14:20;20;1;AT005051
V07744;7000_2;A033403;;2026-11-04T14:40;20;1;
V07745;7000_2;A033403;;2026-11-04T15:00;20;1;AT005052
V07746;7000_2;A033403;;2026-11-04T15:20;20;1;
V07747;7000_2;A033403;;2026-11-04T15:40;20;1;
V07748;7000_3;A033410;;2026-11-04T09:00;20;1;
V07749;7000_3;A033410;;2026-11-04T09:20;20;1;
V07750;7000_3;A033410;;2026-11-04T09:40;20;1;
V07751;7000_3;A033410;;2026-11-04T10:00;20;1;AT005053
V07752;7000_3;A033410;;2026-11-04T10:20;20;1;AT005054
V07753;7000_3;A033410;;2026-11-04T10:40;20;1;AT005055
V07754;7000_3;A033410;;2026-11-04T11:00;20;1;
V07755;7000_3;A033410;;2026-11-04T11:20;20;1;
V07756;7000_3;A033410;;2026-11-04T11:40;20;1;
V07757;7000_3;A033410;;2026-11-04T12:00;20;1;
V07758;7000_3;A033410;;2026-11-04T12:20;20;1;
V07759;7000_3;A033410;;2026-11-04T12:40;20;1;
V07760;6100;E020305;;2026-11-04T07:30;10;4|9;
V07761;6100;E020305;;2026-11-04T07:40;10;4|9;
V07762;6100;E020305;;2026-11-04T07:50;10;4|9;
V07763;6100;E020305;;2026-11-04T08:00;10;4|9;
V07764;6100;E020305;;2026-11-04T08:10;10;4|9;AT005056
V07765;6100;E020305;;2026-11-04T08:20;10;4|9;
V07766;6100;E020305;;2026-11-04T08:30;10;4|9;AT005057
V07767;6100;E020305;;2026-11-04T08:40;10;4|9;
V07768;6100;E020305;;2026-11-04T08:50;10;4|9;
V07769;6100;E020305;;2026-11-04T09:00;10;4|9;
V07770;6100;E020305;;2026-11-04T09:10;10;4|9;
V07771;6100;E020305;;2026-11-04T09:20;10;4|9;
V07772;6100;E020305;;2026-11-04T09:30;10;4|9;
V07773;6100;E020305;;2026-11-04T09:40;10;4|9;
V07774;6100;E020305;;2026-11-04T09:50;10;4|9;
V07775;6100;E020305;;2026-11-04T10:00;10;4|9;
V07776;6100;E020305;;2026-11-04T10:10;10;4|9;
V07777;6100;E020305;;2026-11-04T10:20;10;4|9;
V07778;6100;E020306;;2026-11-04T07:30;10;4|9;
V07779;6100;E020306;;2026-11-04T07:40;10;4|9;AT005058
V07780;6100;E020306;;2026-11-04T07:50;10;4|9;
V07781;6100;E020306;;2026-11-04T08:00;10;4|9;
V07782;6100;E020306;;2026-11-04T08:10;10;4|9;
V07783;6100;E020306;;2026-11-04T08:20;10;4|9;
V07784;6100;E020306;;2026-11-04T08:30;10;4|9;
V07785;6100;E020306;;2026-11-04T08:40;10;4|9;
V07786;6100;E020306;;2026-11-04T08:50;10;4|9;
V07787;6100;E020306;;2026-11-04T09:00;10;4|9;
V07788;6100;E020306;;2026-11-04T09:10;10;4|9;AT005059
V07789;6100;E020306;;2026-11-04T09:20;10;4|9;
V07790;6100;E020306;;2026-11-04T09:30;10;4|9;
V07791;6100;E020306;;2026-11-04T09:40;10;4|9;
V07792;6100;E020306;;2026-11-04T09:50;10;4|9;
V07793;6100;E020306;;2026-11-04T10:00;10;4|9;
V07794;6100;E020306;;2026-11-04T10:10;10;4|9;
V07795;6100;E020306;;2026-11-04T10:20;10;4|9;
V07796;9610;H010101;;2026-11-04T08:30;240;1;AT005060
V07797;9610;H010101;;2026-11-04T13:30;240;1;AT005061
V07798;9610;H010102;;2026-11-04T08:30;240;1;
V07799;9610;H010102;;2026-11-04T13:30;240;1;AT005062
V07800;9610;H010103;;2026-11-04T08:30;240;1;
V07801;9610;H010103;;2026-11-04T13:30;240;1;
V07802;9610;H010104;;2026-11-04T08:30;240;1;
V07803;9610;H010104;;2026-11-04T13:30;240;1;
V07804;9602;A031903;U09;2026-11-04T09:00;30;3|1;
V07805;9602;A031903;U09;2026-11-04T09:30;30;3|1;AT005063
V07806;9602;A031903;U09;2026-11-04T10:00;30;3|1;AT005064
V07807;9602;A031903;U09;2026-11-04T10:30;30;3|1;
V07808;9602;A031903;U09;2026-11-04T11:00;30;3|1;
V07809;9602;A031903;U09;2026-11-04T11:30;30;3|1;
